Workbook

Sheet 預測IC
A1: LSTM
B2: Time | C2: 2013/12 | D2: 2014/01 | E2: 2014/02 | F2: 2014/03 | G2: 2014/04 | H2: 2014/05 | I2: 2014/06 | J2: 2014/07 | K2: 2014/08 | L2: 2014/09 | M2: 2014/10 | N2: 2014/11 | O2: 2014/12 | P2: 2015/01 | Q2: 2015/02 | R2: 2015/03 | S2: 2015/04 | T2: 2015/05 | U2: 2015/06 | V2: 2015/07 | W2: 2015/08 | X2: 2015/09 | Y2: 2015/10 | Z2: 2015/11 | AA2: 2015/12 | AB2: 2016/01 | AC2: 2016/02 | AD2: 2016/03 | AE2: 2016/04 | AF2: 2016/05 | AG2: 2016/06 | AH2: 2016/07 | AI2: 2016/08 | AJ2: 2016/09 | AK2: 2016/10 | AL2: 2016/11 | AM2: 2016/12 | AN2: 2017/01 | AO2: 2017/02 | AP2: 2017/03 | AQ2: 2017/04 | AR2: 2017/05 | AS2: 2017/06 | AT2: 2017/07 | AU2: 2017/08 | AV2: 2017/09 | AW2: 2017/10 | AX2: 2017/11 | AY2: 2017/12 | AZ2: 2018/01 | BA2: 2018/02 | BB2: 2018/03 | BC2: 2018/04 | BD2: 2018/05 | BE2: 2018/06 | BF2: 2018/07 | BG2: 2018/08 | BH2: 2018/09 | BI2: 2018/10 | BJ2: 2018/11 | BK2: 2018/12 | BL2: 2019/01 | BM2: 2019/02 | BN2: 2019/03 | BO2: 2019/04 | BP2: 2019/05 | BQ2: 2019/06 | BR2: 2019/07 | BS2: 2019/08 | BT2: 2019/09 | BU2: 2019/10 | BV2: 2019/11 | BW2: 2019/12 | BX2: 2020/01 | BY2: 2020/02 | BZ2: 2020/03 | CA2: 2020/04 | CB2: 2020/05 | CC2: 2020/06 | CD2: 2020/07 | CE2: 2020/08 | CF2: 2020/09 | CG2: 2020/10 | CH2: 2020/11 | CI2: 2020/12 | CJ2: 2021/01 | CK2: 2021/02 | CL2: 2021/03 | CM2: 2021/04 | CN2: 2021/05 | CO2: 2021/06 | CP2: 2021/07 | CQ2: 2021/08 | CR2: 2021/09 | CS2: 2021/10 | CT2: 2021/11 | CU2: 2021/12 | CV2: 2022/01 | CW2: 2022/02 | CX2: 2022/03 | CY2: 2022/04 | CZ2: 2022/05 | DA2: 2022/06 | DB2: 2022/07 | DC2: 2022/08 | DD2: 2022/09 | DE2: 2022/10 | DF2: 2022/11 | DG2: 2022/12 | DH2: 2023/01 | DI2: 2023/02 | DJ2: 2023/03 | DK2: 2023/04 | DL2: 2023/05 | DM2: 2023/06 | DN2: 2023/07 | DO2: 2023/08 | DP2: 2023/09 | DQ2: 2023/10 | DR2: 2023/11 | DS2: 2023/12 | DT2: 2024/01 | DU2: 2024/02 | DV2: 2024/03 | DW2: 2024/04 | DX2: 2024/05 | DY2: 2024/06 | DZ2: 2024/07 | EA2: 2024/08 | EB2: 2024/09 | EC2: 2024/10 | ED2: 2024/11 | EE2: 2024/12 | EF2: 2025/01 | EG2: 2025/02
B3: bm | C3: 0.021494569 | D3: 0.058087625 | E3: 0.022277532 | F3: 0.0076232916 | G3: 0.039053731 | H3: 0.065416932 | I3: 0.000281999 | J3: 0.0075884922 | K3: 0.074116856 | L3: 0.038932934 | M3: 0.031222356 | N3: 0.046852808 | O3: 0.033031996 | P3: -0.02222164 | Q3: -0.0051742098 | R3: 0.016297245 | S3: 0.089645803 | T3: 0.021271482 | U3: 0.038858928 | V3: 0.046255026 | W3: -0.033824027 | X3: 0.016226593 | Y3: 0.066536836 | Z3: 0.070697069 | AA3: -0.0059164725 | AB3: 0.0083319079 | AC3: 0.055074532 | AD3: 0.060238268 | AE3: 0.057245668 | AF3: 0.054834764 | AG3: -0.022278227 | AH3: -0.00055013085 | AI3: 0.021811854 | AJ3: 0.047870025 | AK3: -0.0082023181 | AL3: 0.025912138 | AM3: 0.025353372 | AN3: 0.014185794 | AO3: -0.032123089 | AP3: 0.021181002 | AQ3: 0.040065788 | AR3: 0.049255453 | AS3: 0.075326733 | AT3: 0.032457579 | AU3: 0.055688687 | AV3: 0.037392937 | AW3: 0.05450923 | AX3: 0.049577698 | AY3: 0.024729123 | AZ3: 0.031866461 | BA3: 0.05522158 | BB3: -0.019637225 | BC3: 0.076550268 | BD3: 0.031304825 | BE3: 0.051070344 | BF3: 0.043678727 | BG3: 0.055844154 | BH3: 0.042737655 | BI3: 0.029171534 | BJ3: 0.043696996 | BK3: 0.035036448 | BL3: 0.031556074 | BM3: 0.033252038 | BN3: 0.068805762 | BO3: 0.030356387 | BP3: 0.012893802 | BQ3: 0.020890445 | BR3: 0.011343209 | BS3: 0.038320299 | BT3: 0.025377579 | BU3: 0.047802065 | BV3: 0.07347253 | BW3: 0.10928106 | BX3: 0.036029756 | BY3: 0.023720546 | BZ3: 0.095607609 | CA3: 0.01821726 | CB3: 0.041878186 | CC3: 0.091926932 | CD3: 0.036699317 | CE3: 0.014055183 | CF3: 0.03517158 | CG3: 0.018634332 | CH3: 0.035546198 | CI3: 0.11597301 | CJ3: 0.036054283 | CK3: 0.019535236 | CL3: 0.042658728 | CM3: 0.098837614 | CN3: 0.010329253 | CO3: 0.024509367 | CP3: 0.0016102889 | CQ3: -0.063167043 | CR3: -0.00030367664 | CS3: 0.035372086 | CT3: 0.025477629 | CU3: 0.068784669 | CV3: 0.028049543 | CW3: 0.034555428 | CX3: 0.036761697 | CY3: 0.034295771 | CZ3: 0.034676019 | DA3: 0.066585951 | DB3: 0.055797953 | DC3: 0.034665983 | DD3: 0.089065865 | DE3: 0.061000079 | DF3: 0.0089102071 | DG3: 0.020509727 | DH3: 0.0074153906 | DI3: 0.034754626 | DJ3: -0.001059274 | DK3: 0.016924936 | DL3: 0.06108705 | DM3: -0.0057382337 | DN3: 0.045953296 | DO3: 0.018484823 | DP3: 0.031688698 | DQ3: 0.014766447 | DR3: 0.053203873 | DS3: 0.044875108 | DT3: 0.037542205 | DU3: 0.041164089 | DV3: 0.031495519 | DW3: 0.040104918 | DX3: 0.036577147 | DY3: 0.01389249 | DZ3: -0.089294262 | EA3: 0.048276339 | EB3: -0.018393256 | EC3: 0.1431451 | ED3: 0.044307247 | EE3: 0.059985425 | EF3: 0.027855758
B4: size | C4: -0.036761295 | D4: -0.025005475 | E4: -0.029296797 | F4: -0.02575282 | G4: -0.023844622 | H4: -0.031282429 | I4: -0.037815679 | J4: -0.017993957 | K4: -0.040390667 | L4: 0.023429023 | M4: -0.029016269 | N4: -0.032377996 | O4: -0.042524599 | P4: -0.037011519 | Q4: -0.039130412 | R4: -0.034647129 | S4: -0.033092748 | T4: -0.035924137 | U4: -0.034556545 | V4: -0.06285955 | W4: -0.033894949 | X4: -0.036156278 | Y4: -0.034599196 | Z4: -0.03322538 | AA4: -0.035133515 | AB4: -0.016098393 | AC4: -0.037427299 | AD4: -0.033796575 | AE4: -0.035489157 | AF4: -0.034209836 | AG4: -0.035171721 | AH4: -0.037516236 | AI4: -0.03832987 | AJ4: -0.033628419 | AK4: -0.03689637 | AL4: -0.035734512 | AM4: -0.035891693 | AN4: -0.037137847 | AO4: -0.041066829 | AP4: -0.037848193 | AQ4: -0.037976962 | AR4: 0.021341613 | AS4: -0.034798242 | AT4: -0.034050398 | AU4: -0.0063330336 | AV4: -0.048375942 | AW4: -0.036974024 | AX4: -0.025687609 | AY4: -0.030264335 | AZ4: -0.027165379 | BA4: -0.034559529 | BB4: -0.024865931 | BC4: -0.024013266 | BD4: -0.044926047 | BE4: -0.025099505 | BF4: -0.042518422 | BG4: -0.040340085 | BH4: -0.045496903 | BI4: -0.033084229 | BJ4: -0.034715328 | BK4: -0.03801471 | BL4: -0.021968897 | BM4: -0.037516344 | BN4: -0.017855197 | BO4: -0.032257199 | BP4: -0.03397505 | BQ4: -0.0091880606 | BR4: -0.025420915 | BS4: -0.030125072 | BT4: -0.014561947 | BU4: -0.033056311 | BV4: -0.012409049 | BW4: -0.019928811 | BX4: -0.032520987 | BY4: -0.020588364 | BZ4: -0.019920435 | CA4: 0.03069381 | CB4: -0.039390553 | CC4: -0.025789399 | CD4: -0.022566509 | CE4: -0.025649795 | CF4: -0.023216147 | CG4: -0.034563318 | CH4: -0.022808582 | CI4: -0.030658286 | CJ4: -0.026935978 | CK4: -0.027487637 | CL4: -0.010411849 | CM4: -0.031941824 | CN4: -0.024238706 | CO4: -0.01490476 | CP4: -0.027246417 | CQ4: -0.014037012 | CR4: -0.043880332 | CS4: -0.036805749 | CT4: -0.019506088 | CU4: -0.024396855 | CV4: -0.019005928 | CW4: -0.033681344 | CX4: -0.017200269 | CY4: -0.030219225 | CZ4: -0.023723485 | DA4: -0.035130113 | DB4: -0.033781495 | DC4: -0.035217952 | DD4: -0.033825558 | DE4: -0.033913001 | DF4: -0.075045913 | DG4: -0.025657829 | DH4: -0.032165661 | DI4: -0.031393699 | DJ4: -0.035382904 | DK4: -0.031648964 | DL4: -0.03591156 | DM4: -0.032739416 | DN4: -0.04406365 | DO4: -0.038424477 | DP4: -0.03869798 | DQ4: -0.036311068 | DR4: -0.046766933 | DS4: -0.0458919 | DT4: -0.027818196 | DU4: -0.046676248 | DV4: -0.042322345 | DW4: -0.031150103 | DX4: -0.018647574 | DY4: -0.037037484 | DZ4: -0.049548164 | EA4: -0.03733157 | EB4: -0.033544563 | EC4: -0.033939656 | ED4: -0.034055442 | EE4: -0.02932243 | EF4: -0.03497782
B5: mom | C5: -0.23615932 | D5: 0.30206522 | E5: 0.16382697 | F5: -0.62130255 | G5: -0.59304982 | H5: 0.18331669 | I5: -0.13340184 | J5: -0.15845844 | K5: -0.71178311 | L5: 0.21329308 | M5: -0.060562976 | N5: 0.45479259 | O5: 0.40223387 | P5: 0.040549103 | Q5: 0.43694466 | R5: -0.11541748 | S5: 0.10439617 | T5: -0.69569945 | U5: 0.050960947 | V5: 0.41305313 | W5: 0.2093827 | X5: -0.53402328 | Y5: -0.2385771 | Z5: 0.21657211 | AA5: -0.035983704 | AB5: 0.54654592 | AC5: -0.13678865 | AD5: 0.18661855 | AE5: 0.017126594 | AF5: 0.28047934 | AG5: -0.11216326 | AH5: 0.076471277 | AI5: 0.38649157 | AJ5: -0.053298142 | AK5: -0.21042225 | AL5: 0.09612564 | AM5: -0.44994819 | AN5: -0.18455184 | AO5: 0.21023896 | AP5: 0.55138236 | AQ5: 0.66285706 | AR5: 0.12583865 | AS5: -0.13164969 | AT5: -0.39592683 | AU5: 0.2372485 | AV5: -0.31184641 | AW5: -0.12641762 | AX5: 0.2149657 | AY5: -0.29770628 | AZ5: 0.14278762 | BA5: 0.47257468 | BB5: -0.072701506 | BC5: 0.45788476 | BD5: -0.11817045 | BE5: 0.1402144 | BF5: -0.02914623 | BG5: 0.054493379 | BH5: 0.001622027 | BI5: -0.1644803 | BJ5: 0.19206786 | BK5: 0.62006408 | BL5: 0.15779069 | BM5: -0.085973017 | BN5: 0.14220436 | BO5: 0.42143568 | BP5: -0.033276726 | BQ5: 0.17931992 | BR5: -0.1277799 | BS5: 0.097982287 | BT5: 0.28167909 | BU5: 0.0066495552 | BV5: -0.50387645 | BW5: -0.1925054 | BX5: -0.069034271 | BY5: 0.15446532 | BZ5: -0.36204326 | CA5: 0.082590386 | CB5: 0.21218678 | CC5: -0.062723942 | CD5: -0.030481087 | CE5: 0.54791367 | CF5: -0.1075777 | CG5: 0.038016949 | CH5: -0.19324093 | CI5: -0.12518318 | CJ5: -0.042053327 | CK5: -0.12538302 | CL5: -0.25265124 | CM5: -0.21032579 | CN5: 0.090569407 | CO5: 0.33166918 | CP5: 0.50127995 | CQ5: -0.24841265 | CR5: -0.016883623 | CS5: -0.099309795 | CT5: -0.11802272 | CU5: -0.15861692 | CV5: -0.71324062 | CW5: -0.0072468035 | CX5: 0.29018754 | CY5: 0.054072615 | CZ5: -0.10719351 | DA5: 0.044039391 | DB5: -0.073041812 | DC5: -0.60419607 | DD5: 0.39677462 | DE5: -0.072055139 | DF5: 0.043998342 | DG5: -0.031144226 | DH5: -0.3217777 | DI5: -0.28737813 | DJ5: 0.14427696 | DK5: -0.47954777 | DL5: -0.10485175 | DM5: 0.29051229 | DN5: 0.1066981 | DO5: 0.37107188 | DP5: 0.15711103 | DQ5: 0.78479344 | DR5: -0.051778618 | DS5: -0.13680993 | DT5: 0.060407959 | DU5: 0.053334836 | DV5: 0.17520425 | DW5: 0.33214319 | DX5: 0.078800529 | DY5: -0.34528133 | DZ5: 0.10926828 | EA5: -0.090946242 | EB5: -0.050370201 | EC5: 0.080373406 | ED5: -0.03828891 | EE5: 0.21982145 | EF5: 0.25723559
A6: 選絕對值最大 | C6: {=MATCH(MAX(ABS(C3:C5)), ABS(C3:C5), 0)} -> 3 | D6: {=MATCH(MAX(ABS(D3:D5)), ABS(D3:D5), 0)} -> 3 | E6: {=MATCH(MAX(ABS(E3:E5)), ABS(E3:E5), 0)} -> 3 | F6: {=MATCH(MAX(ABS(F3:F5)), ABS(F3:F5), 0)} -> 3 | G6: {=MATCH(MAX(ABS(G3:G5)), ABS(G3:G5), 0)} -> 3 | H6: {=MATCH(MAX(ABS(H3:H5)), ABS(H3:H5), 0)} -> 3 | I6: {=MATCH(MAX(ABS(I3:I5)), ABS(I3:I5), 0)} -> 3 | J6: {=MATCH(MAX(ABS(J3:J5)), ABS(J3:J5), 0)} -> 3 | ... EG6: {=MATCH(MAX(ABS(EG3:EG5)), ABS(EG3:EG5), 0)} -> 1
C7: =IF(C6=1,"bm",IF(C6=2,"size",IF(C6=3,"mom"))) -> mom | D7: =IF(D6=1,"bm",IF(D6=2,"size",IF(D6=3,"mom"))) -> mom | E7: =IF(E6=1,"bm",IF(E6=2,"size",IF(E6=3,"mom"))) -> mom | F7: =IF(F6=1,"bm",IF(F6=2,"size",IF(F6=3,"mom"))) -> mom | G7: =IF(G6=1,"bm",IF(G6=2,"size",IF(G6=3,"mom"))) -> mom | H7: =IF(H6=1,"bm",IF(H6=2,"size",IF(H6=3,"mom"))) -> mom | I7: =IF(I6=1,"bm",IF(I6=2,"size",IF(I6=3,"mom"))) -> mom | J7: =IF(J6=1,"bm",IF(J6=2,"size",IF(J6=3,"mom"))) -> mom | ... EG7: =IF(EG6=1,"bm",IF(EG6=2,"size",IF(EG6=3,"mom"))) -> bm
C8: =IF(C6=1,C3,IF(C6=2,C4,IF(C6=3,C5))) -> -0.23615932 | D8: =IF(D6=1,D3,IF(D6=2,D4,IF(D6=3,D5))) -> 0.30206522 | E8: =IF(E6=1,E3,IF(E6=2,E4,IF(E6=3,E5))) -> 0.16382697 | F8: =IF(F6=1,F3,IF(F6=2,F4,IF(F6=3,F5))) -> -0.62130255 | G8: =IF(G6=1,G3,IF(G6=2,G4,IF(G6=3,G5))) -> -0.59304982 | H8: =IF(H6=1,H3,IF(H6=2,H4,IF(H6=3,H5))) -> 0.18331669 | I8: =IF(I6=1,I3,IF(I6=2,I4,IF(I6=3,I5))) -> -0.13340184 | J8: =IF(J6=1,J3,IF(J6=2,J4,IF(J6=3,J5))) -> -0.15845844 | ... EG8: =IF(EG6=1,EG3,IF(EG6=2,EG4,IF(EG6=3,EG5))) -> 0
A10: 投資組合 | C10: 公司數 | D10: 964
A11: 等第 | B11: 分數 | C11: 2014/01 | D11: 2014/02 | E11: 2014/03 | F11: 2014/04 | G11: 2014/05 | H11: 2014/06 | I11: 2014/07 | J11: 2014/08 | K11: 2014/09 | L11: 2014/10 | M11: 2014/11 | N11: 2014/12 | O11: 2015/01 | P11: 2015/02 | Q11: 2015/03 | R11: 2015/04 | S11: 2015/05 | T11: 2015/06 | U11: 2015/07 | V11: 2015/08 | W11: 2015/09 | X11: 2015/10 | Y11: 2015/11 | Z11: 2015/12 | AA11: 2016/01 | AB11: 2016/02 | AC11: 2016/03 | AD11: 2016/04 | AE11: 2016/05 | AF11: 2016/06 | AG11: 2016/07 | AH11: 2016/08 | AI11: 2016/09 | AJ11: 2016/10 | AK11: 2016/11 | AL11: 2016/12 | AM11: 2017/01 | AN11: 2017/02 | AO11: 2017/03 | AP11: 2017/04 | AQ11: 2017/05 | AR11: 2017/06 | AS11: 2017/07 | AT11: 2017/08 | AU11: 2017/09 | AV11: 2017/10 | AW11: 2017/11 | AX11: 2017/12 | AY11: 2018/01 | AZ11: 2018/02 | BA11: 2018/03 | BB11: 2018/04 | BC11: 2018/05 | BD11: 2018/06 | BE11: 2018/07 | BF11: 2018/08 | BG11: 2018/09 | BH11: 2018/10 | BI11: 2018/11 | BJ11: 2018/12 | BK11: 2019/01 | BL11: 2019/02 | BM11: 2019/03 | BN11: 2019/04 | BO11: 2019/05 | BP11: 2019/06 | BQ11: 2019/07 | BR11: 2019/08 | BS11: 2019/09 | BT11: 2019/10 | BU11: 2019/11 | BV11: 2019/12 | BW11: 2020/01 | BX11: 2020/02 | BY11: 2020/03 | BZ11: 2020/04 | CA11: 2020/05 | CB11: 2020/06 | CC11: 2020/07 | CD11: 2020/08 | CE11: 2020/09 | CF11: 2020/10 | CG11: 2020/11 | CH11: 2020/12 | CI11: 2021/01 | CJ11: 2021/02 | CK11: 2021/03 | CL11: 2021/04 | CM11: 2021/05 | CN11: 2021/06 | CO11: 2021/07 | CP11: 2021/08 | CQ11: 2021/09 | CR11: 2021/10 | CS11: 2021/11 | CT11: 2021/12 | CU11: 2022/01 | CV11: 2022/02 | CW11: 2022/03 | CX11: 2022/04 | CY11: 2022/05 | CZ11: 2022/06 | DA11: 2022/07 | DB11: 2022/08 | DC11: 2022/09 | DD11: 2022/10 | DE11: 2022/11 | DF11: 2022/12 | DG11: 2023/01 | DH11: 2023/02 | DI11: 2023/03 | DJ11: 2023/04 | DK11: 2023/05 | DL11: 2023/06 | DM11: 2023/07 | DN11: 2023/08 | DO11: 2023/09 | DP11: 2023/10 | DQ11: 2023/11 | DR11: 2023/12 | DS11: 2024/01 | DT11: 2024/02 | DU11: 2024/03 | DV11: 2024/04 | DW11: 2024/05 | DX11: 2024/06 | DY11: 2024/07 | DZ11: 2024/08 | EA11: 2024/09 | EB11: 2024/10 | EC11: 2024/11 | ED11: 2024/12 | EE11: 2025/01 | EF11: 2025/02
A12: 10 | B12: 96 | C12: 0.014499247 | D12: 0.014678551 | E12: -0.0013937245 | F12: 0.055959385 | G12: -0.031947449 | H12: 0.0095992584 | I12: 0.0086581523 | J12: -0.0073897937 | K12: -0.029187998 | L12: 0.008758556 | M12: -0.026889174 | N12: -0.034703354 | O12: 0.027914759 | P12: -0.00025432811 | Q12: 0.0051156834 | R12: -0.013153489 | S12: 0.01105503 | T12: -0.047867716 | U12: -0.0013565231 | V12: 0.0095109537 | W12: -0.028417663 | X12: 0.10964075 | Y12: -0.020598394 | Z12: -0.053152087 | AA12: -0.026918479 | AB12: 0.01073333 | AC12: 0.046772946 | AD12: -0.0025304298 | AE12: -0.037897624 | AF12: -0.052012103 | AG12: 0.0038149304 | AH12: -0.015713034 | AI12: 0.0087937925 | AJ12: 0.018723296 | AK12: 0.016475368 | AL12: -0.04780049 | AM12: -0.016706752 | AN12: -0.026645629 | AO12: 0.014995471 | AP12: 0.0063803695 | AQ12: -0.0016969306 | AR12: 0.022223026 | AS12: -0.019976273 | AT12: -0.072195382 | AU12: 0.0037135364 | AV12: -0.053715631 | AW12: -0.017169705 | AX12: -0.044696012 | AY12: -0.017491322 | AZ12: -0.023614553 | BA12: -0.02643433 | BB12: 0.029036655 | BC12: 0.026690966 | BD12: 0.0082215801 | BE12: -0.035368545 | BF12: 0.067792352 | BG12: 0.033670862 | BH12: -0.024922145 | BI12: 0.043756064 | BJ12: -0.024663126 | BK12: -0.0006573835 | BL12: -0.032129098 | BM12: -0.050305685 | BN12: -0.011575967 | BO12: -0.0024940364 | BP12: -0.026421957 | BQ12: -0.018715509 | BR12: -0.068693615 | BS12: -0.032642855 | BT12: 0.016364783 | BU12: 0.0087815171 | BV12: 0.042282389 | BW12: 0.044477004 | BX12: 0.0069851539 | BY12: 0.058929916 | BZ12: -0.032378726 | CA12: 0.00060368843 | CB12: -0.027173863 | CC12: -0.016770964 | CD12: 0.11093363 | CE12: -0.050816539 | CF12: -0.0080212745 | CG12: -0.04927796 | CH12: 0.016463112 | CI12: 0.035598031 | CJ12: -0.054120067 | CK12: -0.056101441 | CL12: -0.07844028 | CM12: 0.026353951 | CN12: 0.078465204 | CO12: -0.024819785 | CP12: -0.001005022 | CQ12: 0.062684347 | CR12: 0.048146625 | CS12: -0.00097857359 | CT12: 0.0093290632 | CU12: 0.074779529 | CV12: -0.065033306 | CW12: 0.0055479247 | CX12: -0.030752638 | CY12: 0.016420596 | CZ12: 0.012324262 | DA12: 0.0056037841 | DB12: -0.035585283 | DC12: 0.0045013638 | DD12: -0.069960546 | DE12: 0.024737644 | DF12: 0.055485734 | DG12: 0.047394422 | DH12: -0.030803155 | DI12: -0.029979255 | DJ12: 0.041378043 | DK12: -0.0010711986 | DL12: -0.018669833 | DM12: 0.0091434933 | DN12: -0.018541443 | DO12: -0.019030728 | DP12: -0.059408695 | DQ12: 0.074540647 | DR12: 0.018778943 | DS12: -0.046024279 | DT12: 0.024813842 | DU12: 0.045787142 | DV12: -0.016751442 | DW12: 0.0020762117 | DX12: 0.018099137 | DY12: -0.062728222 | DZ12: 0.02003889 | EA12: 0.11312704 | EB12: 0.030525777 | EC12: 0.02665151 | ED12: -0.060508153 | EE12: -0.02821628 | EF12: -0.031810858
A13: 20 | B13: 48 | C13: -0.0074773642 | D13: -0.00545686 | E13: -0.0055236267 | F13: 0.059986527 | G13: -0.012047404 | H13: 0.017388387 | I13: -0.032285992 | J13: -0.023000409 | K13: -0.060326139 | L13: 0.02198047 | M13: -0.0032797582 | N13: -0.043392417 | O13: 0.017422699 | P13: -0.0062776477 | Q13: -0.017456384 | R13: -0.016510711 | S13: -0.006013803 | T13: -0.074234082 | U13: 0.028761331 | V13: 0.0022166399 | W13: -0.030968904 | X13: 0.12112777 | Y13: 0.0066833587 | Z13: -0.081251402 | AA13: -0.047712648 | AB13: 0.015001573 | AC13: 0.0667717 | AD13: -0.020440228 | AE13: -0.042517211 | AF13: -0.073281161 | AG13: -0.0099052077 | AH13: -0.024955207 | AI13: 0.018646046 | AJ13: 0.0017074508 | AK13: 0.03835939 | AL13: -0.049258885 | AM13: 0.014434106 | AN13: -0.029977661 | AO13: -0.0017088467 | AP13: -0.0021107071 | AQ13: -0.0023400742 | AR13: 0.020848044 | AS13: -0.023404964 | AT13: -0.086422915 | AU13: -0.015695418 | AV13: -0.079665976 | AW13: -0.026821238 | AX13: -0.032799832 | AY13: -0.014262204 | AZ13: -0.031220536 | BA13: -0.026188274 | BB13: 0.022547401 | BC13: 0.019110867 | BD13: 0.010962313 | BE13: -0.043773789 | BF13: 0.083929415 | BG13: 0.046566462 | BH13: -0.033944255 | BI13: 0.021601559 | BJ13: -0.024266088 | BK13: -0.0088783959 | BL13: -0.03446004 | BM13: -0.053371769 | BN13: -0.035552713 | BO13: -0.004492405 | BP13: -0.0079511464 | BQ13: 0.0011508192 | BR13: -0.079831457 | BS13: -0.040180514 | BT13: 0.00052107168 | BU13: 0.017706555 | BV13: 0.079930834 | BW13: 0.075714006 | BX13: 0.00074563881 | BY13: 0.039201957 | BZ13: -0.06597673 | CA13: 0.011020985 | CB13: -0.02601738 | CC13: -0.012530912 | CD13: 0.10508583 | CE13: -0.07943787 | CF13: 0.012043667 | CG13: -0.058014968 | CH13: 0.0040295061 | CI13: 0.014533303 | CJ13: -0.054810181 | CK13: -0.065687126 | CL13: -0.072724175 | CM13: 0.014010735 | CN13: 0.10099417 | CO13: -0.035334344 | CP13: 0.020576996 | CQ13: 0.071178865 | CR13: 0.064380649 | CS13: -0.0095676537 | CT13: -0.00040854012 | CU13: 0.10709096 | CV13: -0.077656051 | CW13: 0.0059770309 | CX13: -0.030582841 | CY13: 0.041201752 | CZ13: 0.0048982162 | DA13: -0.0055836769 | DB13: -0.061356185 | DC13: 0.014149867 | DD13: -0.068977059 | DE13: 0.022441996 | DF13: 0.083122187 | DG13: 0.07133576 | DH13: -0.038806517 | DI13: -0.02957042 | DJ13: 0.0070211236 | DK13: 0.023400892 | DL13: -0.022050691 | DM13: -0.011655894 | DN13: -0.012775889 | DO13: -0.044325139 | DP13: -0.058032309 | DQ13: 0.087129011 | DR13: 0.013771209 | DS13: -0.029915194 | DT13: 0.029845809 | DU13: 0.023698854 | DV13: -0.0098528048 | DW13: 0.013098229 | DX13: 0.02322961 | DY13: -0.0095046248 | DZ13: 0.030285251 | EA13: 0.12446896 | EB13: 0.057205293 | EC13: 0.041659753 | ED13: -0.065682094 | EE13: -0.03586748 | EF13: -0.047879265
A14: 50 | B14: 19 | C14: -0.033228978 | D14: -0.14164365 | E14: -0.047920746 | F14: 0.060341905 | G14: -0.05365663 | H14: -0.011508261 | I14: -0.030100135 | J14: -0.045231574 | K14: -0.050827466 | L14: 0.056271085 | M14: 0.019021714 | N14: -0.057369427 | O14: 0.0014944079 | P14: 0.006541421 | Q14: -0.079297658 | R14: 0.017762309 | S14: -0.024806746 | T14: -0.035019555 | U14: 0.030556169 | V14: -0.0524213 | W14: -0.047795003 | X14: 0.1866857 | Y14: 0.055190991 | Z14: -0.11670403 | AA14: -0.099905879 | AB14: 0.027335979 | AC14: -0.0030865623 | AD14: -0.069874592 | AE14: -0.10641207 | AF14: -0.096080095 | AG14: -0.025329295 | AH14: -0.080952184 | AI14: -0.035462644 | AJ14: -0.024505575 | AK14: 0.077475339 | AL14: -0.051230183 | AM14: 0.042463856 | AN14: -0.019132523 | AO14: -0.038044353 | AP14: 0.0083517816 | AQ14: 0.02973338 | AR14: 0.0075826917 | AS14: 0.0066693384 | AT14: -0.07940348 | AU14: -0.057421613 | AV14: -0.066258749 | AW14: -0.053928681 | AX14: -0.019370213 | AY14: -0.0016905718 | AZ14: -0.06107058 | BA14: -0.066889832 | BB14: 0.11031125 | BC14: -0.028505683 | BD14: 0.054089653 | BE14: -0.07008177 | BF14: 0.040770522 | BG14: 0.041374264 | BH14: -0.093750084 | BI14: -0.041031068 | BJ14: -0.068604196 | BK14: -0.03369142 | BL14: -0.059996896 | BM14: -0.046278325 | BN14: -0.02608796 | BO14: -0.013238241 | BP14: 0.050332283 | BQ14: 0.050884482 | BR14: -0.10005242 | BS14: -0.030332724 | BT14: -0.030726476 | BU14: -0.0088548354 | BV14: 0.10798163 | BW14: 0.13089751 | BX14: -0.014335295 | BY14: -0.04260449 | BZ14: -0.093374678 | CA14: 0.096516325 | CB14: -0.05947706 | CC14: -0.012794081 | CD14: 0.09801671 | CE14: -0.11435311 | CF14: 0.04287741 | CG14: -0.057320664 | CH14: 0.04887967 | CI14: 0.014701612 | CJ14: -0.017796116 | CK14: -0.053792087 | CL14: -0.13734357 | CM14: -0.0050971069 | CN14: 0.17459567 | CO14: -0.078763759 | CP14: 0.093659358 | CQ14: 0.0322279 | CR14: 0.062640655 | CS14: 0.0044126335 | CT14: 0.0096618863 | CU14: 0.101545 | CV14: -0.15139684 | CW14: -0.0033983825 | CX14: -0.090639227 | CY14: 0.09636113 | CZ14: 0.0103014 | DA14: -0.024304289 | DB14: -0.090239014 | DC14: 0.042998542 | DD14: -0.079205352 | DE14: 0.062526924 | DF14: 0.20156284 | DG14: 0.087324806 | DH14: -0.0084132404 | DI14: -0.040659135 | DJ14: 0.0087940294 | DK14: 0.077413284 | DL14: -0.040754872 | DM14: -0.032421917 | DN14: 0.044935741 | DO14: -0.070288549 | DP14: -0.062914808 | DQ14: 0.071172565 | DR14: 0.052622519 | DS14: -0.089437754 | DT14: 0.0077542903 | DU14: 0.11891759 | DV14: -0.045153224 | DW14: 0.031091969 | DX14: 0.027689697 | DY14: -0.047660987 | DZ14: 0.021697589 | EA14: 0.062912685 | EB14: 0.078179831 | EC14: 0.0060793821 | ED14: -0.10262971 | EE14: -0.042505739 | EF14: -0.084951384
A15: 100 | B15: 10 | C15: -0.036350225 | D15: -0.27303487 | E15: -0.095344605 | F15: -0.034921437 | G15: -0.034403921 | H15: -0.0012437261 | I15: -0.079293091 | J15: -0.06212121 | K15: -0.094514798 | L15: 0.081171061 | M15: 0.0021330164 | N15: -0.10979619 | O15: -0.012270796 | P15: 0.02189657 | Q15: -0.045898731 | R15: 0.12669106 | S15: 0.08548789 | T15: -0.045891077 | U15: 0.07819939 | V15: -0.11012701 | W15: -0.050671424 | X15: 0.21118633 | Y15: 0.052028798 | Z15: -0.062704119 | AA15: -0.16085038 | AB15: 0.022166401 | AC15: 0.0043176688 | AD15: -0.081713375 | AE15: -0.097797684 | AF15: -0.13772629 | AG15: -0.044324544 | AH15: -0.13296737 | AI15: -0.024849257 | AJ15: -0.033717922 | AK15: 0.069361451 | AL15: -0.032360174 | AM15: 0.068631207 | AN15: -0.03550046 | AO15: -0.05138452 | AP15: 0.090555375 | AQ15: 0.036453319 | AR15: 0.017733826 | AS15: 0.048733221 | AT15: -0.070989813 | AU15: -0.077174077 | AV15: -0.037297929 | AW15: -0.091727473 | AX15: -0.081360566 | AY15: -0.029005659 | AZ15: -0.067846329 | BA15: 0.015151738 | BB15: 0.19771315 | BC15: -0.030936692 | BD15: 0.0096474811 | BE15: -0.041397971 | BF15: 0.047662979 | BG15: 0.0024895387 | BH15: -0.054709226 | BI15: -0.021159114 | BJ15: -0.13011026 | BK15: 0.045604932 | BL15: -0.059755421 | BM15: -0.048219004 | BN15: -0.063720727 | BO15: 0.069555614 | BP15: 0.051616854 | BQ15: 0.043431253 | BR15: -0.12376214 | BS15: -0.011865911 | BT15: -0.059850936 | BU15: 0.01947642 | BV15: 0.10464004 | BW15: 0.29887899 | BX15: -0.053851569 | BY15: -0.12602357 | BZ15: -0.20472002 | CA15: 0.092920534 | CB15: -0.092684106 | CC15: -0.15231827 | CD15: 0.12015208 | CE15: -0.097490745 | CF15: 0.04134943 | CG15: -0.085886022 | CH15: 0.081342608 | CI15: -0.0025109388 | CJ15: -0.040671717 | CK15: -0.095640748 | CL15: -0.16165447 | CM15: -0.046626536 | CN15: 0.14314982 | CO15: -0.10697924 | CP15: 0.13009875 | CQ15: -0.02496336 | CR15: 0.024374319 | CS15: -0.0064830511 | CT15: -0.0049416704 | CU15: 0.12404993 | CV15: -0.18261155 | CW15: -0.01248466 | CX15: -0.15238778 | CY15: 0.092947904 | CZ15: 0.023763335 | DA15: -0.026375835 | DB15: -0.2096634 | DC15: 0.067692432 | DD15: -0.014506726 | DE15: 0.057163635 | DF15: 0.30272045 | DG15: 0.11309156 | DH15: 0.00093841477 | DI15: -0.054108319 | DJ15: 0.060023777 | DK15: 0.072188598 | DL15: 0.0003039932 | DM15: -0.039052117 | DN15: 0.081730712 | DO15: -0.034104416 | DP15: -0.13430495 | DQ15: 0.037038689 | DR15: 0.070010567 | DS15: -0.0095715425 | DT15: 0.05271879 | DU15: 0.18864064 | DV15: -0.046727729 | DW15: 0.050448237 | DX15: 0.02154567 | DY15: 0.083673635 | DZ15: 0.036596498 | EA15: 0.04345122 | EB15: 0.08808745 | EC15: 0.066081856 | ED15: -0.11335706 | EE15: -0.04934418 | EF15: -0.15968344
A16: 107 | B16: 9 | C16: -0.03943539 | D16: -0.23433798 | E16: -0.086704171 | F16: -0.078715472 | G16: -0.0081465507 | H16: -0.00064934946 | I16: -0.10921796 | J16: -0.073104639 | K16: -0.086420892 | L16: 0.085161604 | M16: 0.013987436 | N16: -0.1202425 | O16: -0.028587077 | P16: 0.0081881795 | Q16: -0.081478643 | R16: 0.10310969 | S16: 0.10985904 | T16: -0.038406673 | U16: 0.091471935 | V16: -0.075571486 | W16: -0.10163136 | X16: 0.24053196 | Y16: 0.050278834 | Z16: -0.043010058 | AA16: -0.16615889 | AB16: 0.032295414 | AC16: -0.012765448 | AD16: -0.053136056 | AE16: -0.09650236 | AF16: -0.14791561 | AG16: -0.04377616 | AH16: -0.14840163 | AI16: -0.033383256 | AJ16: -0.048120479 | AK16: 0.037433453 | AL16: -0.0054397026 | AM16: 0.052145732 | AN16: -0.022032518 | AO16: -0.041090153 | AP16: 0.094724683 | AQ16: 0.054497753 | AR16: 0.034371979 | AS16: 0.052642718 | AT16: -0.12256404 | AU16: -0.082090272 | AV16: -0.052080835 | AW16: -0.10898494 | AX16: -0.10062133 | AY16: -0.019601854 | AZ16: -0.088150182 | BA16: -0.033911562 | BB16: 0.22547356 | BC16: -0.038999392 | BD16: -0.016936218 | BE16: -0.061197644 | BF16: 0.064268054 | BG16: 0.013473282 | BH16: -0.062040026 | BI16: -0.04898994 | BJ16: -0.096566804 | BK16: 0.051371625 | BL16: -0.061173599 | BM16: -0.039497985 | BN16: -0.06130475 | BO16: 0.074216862 | BP16: 0.057750061 | BQ16: 0.023690719 | BR16: -0.13058297 | BS16: -0.032006987 | BT16: -0.046660882 | BU16: 0.05776511 | BV16: 0.036585638 | BW16: 0.31797083 | BX16: -0.066559519 | BY16: -0.13255841 | BZ16: -0.13158185 | CA16: 0.13046988 | CB16: -0.11586555 | CC16: -0.15907251 | CD16: 0.15507127 | CE16: -0.12131041 | CF16: 0.052800084 | CG16: -0.061727878 | CH16: 0.050448725 | CI16: -0.0042406681 | CJ16: -0.029703385 | CK16: -0.08842269 | CL16: -0.19674044 | CM16: -0.0069997267 | CN16: 0.16035992 | CO16: -0.13464021 | CP16: 0.11115145 | CQ16: -0.02033378 | CR16: 0.025228657 | CS16: -0.040852188 | CT16: -0.025557378 | CU16: 0.1354717 | CV16: -0.17225152 | CW16: -0.0091941595 | CX16: -0.16226598 | CY16: 0.081280638 | CZ16: 0.032724822 | DA16: -0.029804794 | DB16: -0.23166535 | DC16: 0.083264052 | DD16: -0.03174371 | DE16: 0.0345524 | DF16: 0.32557955 | DG16: 0.12637192 | DH16: -0.003978832 | DI16: -0.045399498 | DJ16: 0.070955052 | DK16: 0.057685769 | DL16: 0.021872874 | DM16: -0.018910374 | DN16: 0.11588673 | DO16: -0.046563866 | DP16: -0.16033399 | DQ16: 0.047070156 | DR16: 0.055191252 | DS16: 0.010423024 | DT16: 0.059112975 | DU16: 0.19010824 | DV16: -0.045728317 | DW16: 0.030139112 | DX16: 0.021947728 | DY16: 0.094984864 | DZ16: 0.012649172 | EA16: 0.00042051524 | EB16: 0.1006791 | EC16: 0.063532067 | ED16: -0.11541675 | EE16: -0.059240997 | EF16: -0.15799175
A17: 120 | B17: 8 | C17: -0.038913469 | D17: -0.16854736 | E17: -0.096671109 | F17: -0.080752164 | G17: -0.10538707 | H17: 0.0079428568 | I17: -0.11307752 | J17: -0.048286948 | K17: -0.10156008 | L17: 0.042234791 | M17: -0.014659142 | N17: -0.10927783 | O17: -0.011306676 | P17: 0.013382947 | Q17: -0.10026683 | R17: 0.13642645 | S17: 0.11905439 | T17: -0.023342586 | U17: 0.062405902 | V17: -0.097259656 | W17: -0.12866725 | X17: 0.23798943 | Y17: 0.073623131 | Z17: -0.048325674 | AA17: -0.19128344 | AB17: 0.044538303 | AC17: -0.020086255 | AD17: -0.049777375 | AE17: -0.12715842 | AF17: -0.12028632 | AG17: -0.062640142 | AH17: -0.14702489 | AI17: -0.057037976 | AJ17: -0.061612619 | AK17: 0.02937589 | AL17: -0.027018182 | AM17: 0.09335171 | AN17: 0.0064561354 | AO17: -0.076694528 | AP17: 0.09341758 | AQ17: 0.061277252 | AR17: 0.045802626 | AS17: 0.058802957 | AT17: -0.12707179 | AU17: -0.11569961 | AV17: -0.058529449 | AW17: -0.07618961 | AX17: -0.097619105 | AY17: -0.015478046 | AZ17: -0.070494231 | BA17: -0.038771615 | BB17: 0.23044204 | BC17: -0.027292824 | BD17: 0.01347483 | BE17: -0.044110253 | BF17: 0.055197497 | BG17: -0.035394236 | BH17: -0.048737994 | BI17: -0.0807384 | BJ17: -0.097868244 | BK17: 0.016751327 | BL17: -0.034152447 | BM17: -0.029059011 | BN17: -0.053470181 | BO17: 0.085087298 | BP17: 0.060638147 | BQ17: 0.025601716 | BR17: -0.11502235 | BS17: -0.020906018 | BT17: -0.05265016 | BU17: 0.071127819 | BV17: 0.038240957 | BW17: 0.20833683 | BX17: -0.08264099 | BY17: -0.14247738 | BZ17: -0.066857531 | CA17: 0.13087785 | CB17: -0.10916584 | CC17: -0.17495797 | CD17: 0.17295974 | CE17: -0.11249459 | CF17: 0.058238797 | CG17: -0.074714989 | CH17: 0.032969072 | CI17: -0.0037017834 | CJ17: -0.020950827 | CK17: -0.083955848 | CL17: -0.1368391 | CM17: 0.0016699729 | CN17: 0.17653128 | CO17: -0.13741288 | CP17: 0.10822138 | CQ17: 0.051907103 | CR17: 0.02300583 | CS17: -0.031345818 | CT17: -0.01733928 | CU17: 0.15535189 | CV17: -0.15147138 | CW17: -0.019761854 | CX17: -0.12500986 | CY17: 0.075608913 | CZ17: 0.031592684 | DA17: -0.043895859 | DB17: -0.22431697 | DC17: 0.098849393 | DD17: -0.029155421 | DE17: 0.024124863 | DF17: 0.35222555 | DG17: 0.12321247 | DH17: -0.012653895 | DI17: -0.035044536 | DJ17: 0.12892506 | DK17: 0.068118111 | DL17: 0.0039297317 | DM17: -0.037227476 | DN17: 0.10647996 | DO17: -0.065250544 | DP17: -0.14203416 | DQ17: 0.072654005 | DR17: 0.055884815 | DS17: 0.0065055362 | DT17: 0.059811935 | DU17: 0.1595551 | DV17: -0.045148836 | DW17: 0.048235393 | DX17: -0.02303518 | DY17: 0.12601054 | DZ17: -0.0047910532 | EA17: -0.0046325242 | EB17: 0.10728533 | EC17: 0.016425217 | ED17: -0.12832444 | EE17: -0.0642787 | EF17: -0.13981485
A18: 137 | B18: 7 | C18: -0.059146798 | D18: -0.18401889 | E18: -0.10047562 | F18: -0.11938296 | G18: -0.10831637 | H18: 0.0086222278 | I18: -0.12862656 | J18: -0.091173232 | K18: -0.13564789 | L18: 0.050758207 | M18: -0.029051464 | N18: -0.14120749 | O18: 0.031737941 | P18: 0.0083280859 | Q18: -0.09305959 | R18: 0.15418919 | S18: 0.14380523 | T18: -0.052309698 | U18: 0.055150343 | V18: -0.12139146 | W18: -0.16613483 | X18: 0.21512106 | Y18: 0.10387924 | Z18: -0.051469726 | AA18: -0.17257066 | AB18: 0.062644805 | AC18: 0.0013654205 | AD18: -0.072443789 | AE18: -0.14352924 | AF18: -0.15054364 | AG18: -0.08171998 | AH18: -0.1630685 | AI18: -0.08142375 | AJ18: -0.070867218 | AK18: 0.022832885 | AL18: -0.032812812 | AM18: 0.096053029 | AN18: -0.0027944178 | AO18: 0.02458428 | AP18: 0.095545793 | AQ18: 0.064154974 | AR18: 0.039002474 | AS18: 0.083253128 | AT18: -0.16638581 | AU18: -0.13889821 | AV18: -0.060235665 | AW18: -0.097766862 | AX18: -0.12606434 | AY18: -0.030189359 | AZ18: -0.051646327 | BA18: -0.03530224 | BB18: 0.31745743 | BC18: 0.027942051 | BD18: 0.0038573503 | BE18: -0.091172853 | BF18: 0.045884536 | BG18: -0.016806241 | BH18: -0.062935384 | BI18: -0.075991094 | BJ18: -0.098533857 | BK18: 0.0009810839 | BL18: -0.055787881 | BM18: -0.028081356 | BN18: -0.042191589 | BO18: 0.062169081 | BP18: 0.062463432 | BQ18: 0.086459691 | BR18: -0.12096182 | BS18: -0.032873257 | BT18: -0.061545323 | BU18: 0.080677444 | BV18: 0.039624426 | BW18: 0.2183755 | BX18: -0.074580863 | BY18: -0.087465268 | BZ18: -0.035347653 | CA18: 0.11432599 | CB18: -0.097387283 | CC18: -0.028173444 | CD18: 0.19371682 | CE18: -0.13007559 | CF18: -0.043957743 | CG18: -0.091609256 | CH18: 0.045365649 | CI18: 0.11505931 | CJ18: 0.0037723665 | CK18: -0.096058032 | CL18: -0.15291394 | CM18: 0.01554875 | CN18: 0.12094313 | CO18: -0.15059751 | CP18: 0.11627032 | CQ18: 0.038242676 | CR18: 0.033743302 | CS18: -0.057690649 | CT18: 0.016272494 | CU18: 0.14456482 | CV18: -0.12702227 | CW18: -0.0084560856 | CX18: -0.15307569 | CY18: 0.093178384 | CZ18: 0.091459213 | DA18: -0.04738094 | DB18: -0.22238211 | DC18: 0.082819707 | DD18: -0.041014187 | DE18: 0.038420587 | DF18: 0.36669201 | DG18: 0.11821709 | DH18: -0.013050033 | DI18: -0.018613248 | DJ18: 0.14619608 | DK18: 0.05725059 | DL18: 0.0038302741 | DM18: -0.0052506787 | DN18: 0.12510868 | DO18: -0.030199017 | DP18: -0.13348647 | DQ18: 0.065749458 | DR18: 0.076840655 | DS18: 0.025385651 | DT18: 0.022601035 | DU18: 0.16258878 | DV18: -0.070527693 | DW18: 0.05797738 | DX18: -0.068177294 | DY18: 0.1657631 | DZ18: -0.043227855 | EA18: -0.0047382972 | EB18: 0.10996435 | EC18: 0.0027641154 | ED18: -0.11047802 | EE18: -0.05301504 | EF18: -0.1549361
A19: 160 | B19: 6 | C19: -0.07386193 | D19: -0.21954287 | E19: -0.14058368 | F19: -0.17768866 | G19: -0.096065972 | H19: -0.012068788 | I19: -0.13411218 | J19: -0.11143724 | K19: -0.23878941 | L19: 0.02032665 | M19: 0.043690236 | N19: -0.15184358 | O19: 0.031561874 | P19: 0.023513161 | Q19: -0.081866113 | R19: 0.14558327 | S19: 0.12269188 | T19: -0.051464717 | U19: 0.067250002 | V19: -0.09268832 | W19: -0.17473476 | X19: 0.14939987 | Y19: 0.10313024 | Z19: -0.057888725 | AA19: -0.1318329 | AB19: 0.051718753 | AC19: 0.014141543 | AD19: -0.023997457 | AE19: -0.16941606 | AF19: -0.16883058 | AG19: -0.041487103 | AH19: -0.20415629 | AI19: -0.047766353 | AJ19: -0.07720271 | AK19: 0.040581523 | AL19: -0.014914608 | AM19: 0.061124131 | AN19: 0.010239548 | AO19: 0.055890126 | AP19: 0.12482825 | AQ19: 0.042375665 | AR19: -0.041144515 | AS19: 0.10919888 | AT19: -0.18459366 | AU19: -0.15301463 | AV19: 0.0030326096 | AW19: -0.1366934 | AX19: -0.2241238 | AY19: -0.066273243 | AZ19: -0.11561153 | BA19: -0.0015090166 | BB19: 0.36416093 | BC19: 0.18457179 | BD19: -0.014320047 | BE19: -0.089480722 | BF19: 0.013570974 | BG19: -0.016343658 | BH19: -0.057134461 | BI19: -0.10128423 | BJ19: -0.058912217 | BK19: -0.069519037 | BL19: -0.063164534 | BM19: -0.031786265 | BN19: -0.0721851 | BO19: 0.10556468 | BP19: 0.012410341 | BQ19: 0.10965313 | BR19: -0.13683924 | BS19: 0.0034999319 | BT19: -0.082323404 | BU19: 0.075936251 | BV19: 0.030350792 | BW19: 0.30745301 | BX19: -0.054830282 | BY19: -0.079866927 | BZ19: -0.0034250282 | CA19: 0.056215144 | CB19: -0.078976808 | CC19: -0.024723253 | CD19: 0.2156192 | CE19: -0.11441436 | CF19: -0.079051525 | CG19: -0.057117625 | CH19: 0.042715044 | CI19: 0.11073421 | CJ19: 0.011811923 | CK19: -0.11879726 | CL19: -0.11534778 | CM19: 0.075581871 | CN19: 0.14319321 | CO19: -0.16614656 | CP19: 0.13741472 | CQ19: 0.032394608 | CR19: 0.024299202 | CS19: -0.05425045 | CT19: 0.027940637 | CU19: 0.14660754 | CV19: -0.094553008 | CW19: -0.021901808 | CX19: -0.14815029 | CY19: 0.10789212 | CZ19: 0.057499263 | DA19: -0.058223877 | DB19: -0.28613845 | DC19: 0.065587585 | DD19: -0.0062011253 | DE19: 0.033018415 | DF19: 0.20550175 | DG19: 0.1264908 | DH19: -0.043220605 | DI19: -0.058647033 | DJ19: 0.16525047 | DK19: 0.01598429 | DL19: 0.011982786 | DM19: 0.046097902 | DN19: 0.1739283 | DO19: -0.04870552 | DP19: -0.17026813 | DQ19: 0.080374172 | DR19: 0.075962353 | DS19: 0.044918963 | DT19: 0.0050332465 | DU19: 0.19451944 | DV19: -0.071593387 | DW19: 0.056843988 | DX19: -0.094614193 | DY19: 0.15211941 | DZ19: -0.079643568 | EA19: 0.032919727 | EB19: 0.10875351 | EC19: -0.012190043 | ED19: -0.15093532 | EE19: -0.022815886 | EF19: -0.16823694
A20: 192 | B20: 5 | C20: 0.011241332 | D20: -0.22258639 | E20: -0.14612491 | F20: -0.20553126 | G20: -0.11718314 | H20: 0.011583026 | I20: -0.18586318 | J20: -0.14728813 | K20: -0.2147245 | L20: 0.0089997713 | M20: 0.077718228 | N20: -0.16814359 | O20: 0.049864886 | P20: 0.043138679 | Q20: -0.10704532 | R20: 0.19094247 | S20: 0.082562611 | T20: -0.085465456 | U20: 0.013720365 | V20: -0.1035176 | W20: -0.22644366 | X20: 0.21038641 | Y20: 0.12896504 | Z20: -0.074027168 | AA20: -0.13048337 | AB20: 0.032898545 | AC20: 0.047248263 | AD20: -0.026987304 | AE20: -0.19929286 | AF20: -0.22349782 | AG20: -0.032163249 | AH20: -0.21664245 | AI20: -0.083279354 | AJ20: -0.060725685 | AK20: 0.0082485151 | AL20: -0.020780265 | AM20: 0.06752986 | AN20: -0.034444519 | AO20: 0.049108295 | AP20: 0.13972026 | AQ20: 0.033308231 | AR20: -0.029739 | AS20: 0.042291716 | AT20: -0.23912375 | AU20: -0.14307264 | AV20: 0.032246613 | AW20: -0.22499784 | AX20: -0.20433922 | AY20: 0.082057636 | AZ20: -0.15627401 | BA20: -0.10207757 | BB20: 0.37844679 | BC20: 0.24014067 | BD20: -0.011308295 | BE20: -0.098278375 | BF20: 0.0056885823 | BG20: -0.0069261427 | BH20: -0.051899277 | BI20: -0.11425567 | BJ20: -0.049139784 | BK20: -0.10259828 | BL20: -0.069859442 | BM20: -0.047468551 | BN20: -0.085664631 | BO20: 0.13121844 | BP20: -0.0072822475 | BQ20: 0.10860027 | BR20: -0.18112708 | BS20: 0.032536198 | BT20: -0.096530501 | BU20: 0.098754949 | BV20: -0.081543442 | BW20: 0.35182955 | BX20: -0.057988018 | BY20: -0.0046393591 | BZ20: -0.0057200581 | CA20: -0.024248535 | CB20: 0.0001077551 | CC20: -0.026043034 | CD20: 0.1810275 | CE20: -0.11376847 | CF20: -0.10578489 | CG20: -0.075970241 | CH20: 0.022195229 | CI20: 0.085208202 | CJ20: 0.041509985 | CK20: -0.080589624 | CL20: -0.14931315 | CM20: 0.079454727 | CN20: 0.20489183 | CO20: -0.2285182 | CP20: 0.15666076 | CQ20: 0.023118045 | CR20: 0.025362553 | CS20: -0.097137099 | CT20: 0.018076711 | CU20: 0.14672801 | CV20: -0.11921413 | CW20: 0.0099530629 | CX20: -0.14515419 | CY20: 0.10096666 | CZ20: 0.013062634 | DA20: -0.047471893 | DB20: -0.38248992 | DC20: 0.037332311 | DD20: -0.0035971848 | DE20: 0.010418722 | DF20: 0.24557421 | DG20: 0.12407331 | DH20: -0.048058412 | DI20: -0.074248336 | DJ20: 0.13655809 | DK20: 0.020765658 | DL20: 0.019465373 | DM20: -0.042864774 | DN20: 0.18323473 | DO20: -0.049820855 | DP20: -0.20015543 | DQ20: 0.057460182 | DR20: 0.07851266 | DS20: -0.069792758 | DT20: -0.029685339 | DU20: 0.27264433 | DV20: -0.10204218 | DW20: 0.062285392 | DX20: -0.097851218 | DY20: 0.18740183 | DZ20: 0.018115127 | EA20: -0.0059255993 | EB20: 0.082407142 | EC20: 0.034049581 | ED20: -0.17691886 | EE20: -0.020017587 | EF20: -0.20954174
A21: 241 | B21: 4 | C21: 0.010384834 | D21: -0.32500828 | E21: -0.043717555 | F21: -0.18403858 | G21: -0.14384215 | H21: -0.037844077 | I21: -0.23932306 | J21: -0.090566639 | K21: -0.20688003 | L21: 0.057226167 | M21: 0.099684593 | N21: -0.13905068 | O21: 0.034351989 | P21: 0.039891723 | Q21: -0.081195369 | R21: 0.14269209 | S21: 0.20915948 | T21: -0.098461673 | U21: -0.080215736 | V21: -0.10537077 | W21: -0.32292055 | X21: 0.21363094 | Y21: 0.092729224 | Z21: -0.1093802 | AA21: -0.11063591 | AB21: 0.021955944 | AC21: 0.018827737 | AD21: 0.025933276 | AE21: -0.24045611 | AF21: -0.29514426 | AG21: -0.011046572 | AH21: -0.24035126 | AI21: -0.067729681 | AJ21: -0.078941164 | AK21: -0.018318369 | AL21: -0.037391486 | AM21: -0.063125718 | AN21: -0.02178903 | AO21: 0.085567775 | AP21: 0.18810121 | AQ21: 0.037036188 | AR21: -0.034197901 | AS21: 0.045406682 | AT21: -0.26483826 | AU21: -0.06345533 | AV21: 0.068713913 | AW21: -0.26325492 | AX21: -0.2177183 | AY21: 0.065722295 | AZ21: -0.093059394 | BA21: -0.019293208 | BB21: 0.40443143 | BC21: 0.16446053 | BD21: -0.030287979 | BE21: -0.13674536 | BF21: 0.0035771002 | BG21: 0.036635189 | BH21: -0.067916731 | BI21: -0.15387465 | BJ21: -0.031982514 | BK21: -0.082973162 | BL21: -0.08734079 | BM21: -0.040795286 | BN21: -0.1882475 | BO21: 0.17006877 | BP21: 0.0041808023 | BQ21: 0.072890743 | BR21: -0.14206146 | BS21: 0.065741821 | BT21: -0.092952203 | BU21: 0.13549646 | BV21: -0.04433998 | BW21: 0.18446067 | BX21: -0.088379335 | BY21: -0.055666292 | BZ21: 0.051498204 | CA21: -0.038078939 | CB21: -0.073466099 | CC21: -0.046693549 | CD21: 0.28805606 | CE21: -0.14537496 | CF21: -0.11452616 | CG21: -0.085085335 | CH21: 0.15662644 | CI21: 0.073182727 | CJ21: 0.055140849 | CK21: -0.06715963 | CL21: -0.18743312 | CM21: 0.062994333 | CN21: 0.080851509 | CO21: -0.23779198 | CP21: 0.098307306 | CQ21: 0.022912194 | CR21: 0.011615789 | CS21: -0.061269036 | CT21: 0.086072557 | CU21: 0.15891662 | CV21: -0.15433184 | CW21: 0.065005417 | CX21: -0.15696885 | CY21: 0.15245231 | CZ21: 0.013847206 | DA21: 0.0011922565 | DB21: -0.47235074 | DC21: 0.1539048 | DD21: -0.0028187944 | DE21: 0.028977737 | DF21: 0.30115021 | DG21: 0.14818493 | DH21: 0.010355572 | DI21: -0.090149203 | DJ21: 0.15660572 | DK21: 0.020966062 | DL21: 0.012736992 | DM21: 0.004254564 | DN21: 0.22029564 | DO21: 0.018558809 | DP21: -0.22901989 | DQ21: 0.070422699 | DR21: 0.050170859 | DS21: -0.084605434 | DT21: -0.0052151903 | DU21: 0.33980664 | DV21: -0.15489825 | DW21: 0.12266433 | DX21: -0.11682889 | DY21: 0.22566188 | DZ21: 0.17989102 | EA21: -0.035066457 | EB21: 0.026302194 | EC21: 0.014037055 | ED21: -0.054498856 | EE21: 0.010955945 | EF21: -0.17865428
A22: 321 | B22: 3 | C22: 0.025922327 | D22: -0.41742192 | E22: -0.022230412 | F22: -0.067831061 | G22: -0.10388436 | H22: -0.22980554 | I22: -0.2544329 | J22: -0.11837828 | K22: -0.24536591 | L22: 0.10748717 | M22: 0.074100059 | N22: -0.098030861 | O22: -0.0067158783 | P22: 0.042858489 | Q22: -0.089282518 | R22: 0.18067973 | S22: 0.24705663 | T22: -0.12881242 | U22: -0.15202918 | V22: -0.057024135 | W22: -0.34619349 | X22: 0.22178676 | Y22: 0.047938332 | Z22: -0.15015011 | AA22: -0.082524426 | AB22: -0.0038652301 | AC22: 0.085776461 | AD22: 0.018593749 | AE22: -0.22862111 | AF22: -0.42991677 | AG22: -0.010812101 | AH22: -0.24762225 | AI22: -0.067392901 | AJ22: -0.045866129 | AK22: -0.078575769 | AL22: -0.0011447262 | AM22: -0.056373754 | AN22: -0.027860567 | AO22: 0.15815288 | AP22: 0.25139506 | AQ22: -0.055126721 | AR22: -0.1081837 | AS22: -0.073843703 | AT22: -0.017728371 | AU22: -0.1099146 | AV22: 0.089753982 | AW22: -0.37079928 | AX22: 0.009875186 | AY22: 0.098456276 | AZ22: -0.2274855 | BA22: -0.04917694 | BB22: 0.51826405 | BC22: 0.19562604 | BD22: -0.058336355 | BE22: -0.12806788 | BF22: 0.013638817 | BG22: 0.046279512 | BH22: -0.0079934121 | BI22: -0.087318059 | BJ22: 0.010233975 | BK22: -0.020854755 | BL22: -0.13947139 | BM22: -0.0024304832 | BN22: 0.028518806 | BO22: 0.033751102 | BP22: 0.00054100012 | BQ22: 0.091228191 | BR22: -0.10656678 | BS22: 0.09704759 | BT22: 0.067143215 | BU22: 0.21294877 | BV22: -0.048603535 | BW22: 0.13217179 | BX22: -0.15293737 | BY22: -0.05559705 | BZ22: 0.056322352 | CA22: -0.063406764 | CB22: -0.06360427 | CC22: -0.014985703 | CD22: 0.33387804 | CE22: -0.13394243 | CF22: -0.10077036 | CG22: -0.20708533 | CH22: 0.15360628 | CI22: 0.064617323 | CJ22: 0.12632536 | CK22: -0.11092354 | CL22: -0.094997012 | CM22: 0.046441279 | CN22: 0.15280392 | CO22: -0.18528576 | CP22: 0.17184373 | CQ22: 0.017159616 | CR22: -0.028422205 | CS22: -0.084781936 | CT22: 0.12609138 | CU22: 0.16735391 | CV22: -0.16622268 | CW22: 0.036451253 | CX22: -0.054293295 | CY22: 0.16243987 | CZ22: 0.0075872464 | DA22: -0.0039917539 | DB22: -0.59337517 | DC22: 0.14116724 | DD22: -0.031710169 | DE22: -0.017756504 | DF22: 0.38966763 | DG22: 0.088121411 | DH22: -0.034688752 | DI22: -0.081105544 | DJ22: 0.15369976 | DK22: 0.023346177 | DL22: 0.0032133307 | DM22: 0.042676549 | DN22: 0.30537503 | DO22: -0.023768668 | DP22: -0.16956243 | DQ22: 0.16540417 | DR22: -0.0060925526 | DS22: -0.12952384 | DT22: 0.027128754 | DU22: 0.37526887 | DV22: -0.15706237 | DW22: -0.0021072618 | DX22: -0.16435212 | DY22: 0.31775437 | DZ22: 0.16562625 | EA22: -0.034191242 | EB22: 0.12976595 | EC22: 0.021495102 | ED22: -0.077413567 | EE22: 0.035899357 | EF22: -0.1611462
A23: 482 | B23: 2 | C23: 0.031325685 | D23: 0.088966623 | E23: -0.015061588 | F23: -0.18239608 | G23: 0.026971569 | H23: -0.26281024 | I23: -0.25570287 | J23: -0.15529382 | K23: -0.14260758 | L23: 0.23244436 | M23: 0.25844992 | N23: -0.12680001 | O23: -0.019407711 | P23: 0.010683505 | Q23: -0.25084968 | R23: 0.089628003 | S23: 0.169295 | T23: -0.15460269 | U23: -0.21298177 | V23: 0.063357011 | W23: -0.50391933 | X23: 0.18178119 | Y23: 0.0075887634 | Z23: -0.14764041 | AA23: 0.056748446 | AB23: -0.030991385 | AC23: 0.1687548 | AD23: 0.0029952916 | AE23: -0.33234425 | AF23: -0.32465933 | AG23: 0.14589389 | AH23: 0.13564892 | AI23: -0.07545017 | AJ23: 0.016962455 | AK23: -0.091199224 | AL23: -0.051310311 | AM23: 0.020470543 | AN23: -0.16052014 | AO23: 0.09078248 | AP23: -0.010447821 | AQ23: 0.17571221 | AR23: -0.2534608 | AS23: -0.081663621 | AT23: -0.1095059 | AU23: -0.20359589 | AV23: 0.049150067 | AW23: -0.58225997 | AX23: 0.014812779 | AY23: 0.0581396 | AZ23: -0.31598452 | BA23: 0.17208091 | BB23: 0.68602333 | BC23: 0.25286918 | BD23: -0.015350669 | BE23: -0.12429214 | BF23: -0.022846991 | BG23: 0.074761471 | BH23: 0.053596864 | BI23: -0.13821956 | BJ23: -0.058020214 | BK23: -0.0050098635 | BL23: -0.11436629 | BM23: 0.069495462 | BN23: 0.02660347 | BO23: -0.0051495895 | BP23: 0.022475721 | BQ23: 0.059356425 | BR23: -0.10282259 | BS23: 0.22056709 | BT23: 0.070189264 | BU23: 0.20568774 | BV23: -0.053269051 | BW23: 0.015362515 | BX23: -0.12421952 | BY23: 0.11824923 | BZ23: 0.20232498 | CA23: 0.03428362 | CB23: 0.041664988 | CC23: 0.22495863 | CD23: 0.19167646 | CE23: -0.20459072 | CF23: -0.016160835 | CG23: -0.21663724 | CH23: 0.16212257 | CI23: 0.1352222 | CJ23: 0.1565159 | CK23: -0.071856391 | CL23: -0.16404946 | CM23: 0.006975009 | CN23: 0.27710426 | CO23: -0.26845098 | CP23: 0.24610177 | CQ23: -0.02470227 | CR23: -0.038232839 | CS23: -0.065159884 | CT23: 0.032850224 | CU23: 0.20210388 | CV23: -0.15333097 | CW23: 0.10090133 | CX23: -0.061859993 | CY23: 0.28171083 | CZ23: -0.061281101 | DA23: -0.030982136 | DB23: -0.86457557 | DC23: 0.1579489 | DD23: -0.092798675 | DE23: -0.060085948 | DF23: 0.40879492 | DG23: 0.15297665 | DH23: -0.1095822 | DI23: -0.18491271 | DJ23: 0.12003258 | DK23: 0.047749797 | DL23: -0.026242652 | DM23: -0.010710334 | DN23: 0.26497486 | DO23: 0.084670828 | DP23: -0.17683962 | DQ23: 0.24594611 | DR23: -0.089886003 | DS23: -0.24719455 | DT23: -0.022296457 | DU23: 0.52524171 | DV23: -0.1927414 | DW23: -0.26698913 | DX23: -0.17100279 | DY23: 0.26822193 | DZ23: 0.12933302 | EA23: -0.093362079 | EB23: 0.24428466 | EC23: -0.036584316 | ED23: -0.091425905 | EE23: 0.069545558 | EF23: -0.083271777
A24: 964 | B24: 1 | C24: 0.027766967 | D24: 0.081988379 | E24: 0.081880335 | F24: -0.20154572 | G24: 0.022622389 | H24: -0.35082219 | I24: -0.24038624 | J24: -0.0040357249 | K24: -0.050444336 | L24: 0.33375944 | M24: 0.14681934 | N24: -0.10519171 | O24: 0.036648791 | P24: 0.077736486 | Q24: 0.090144949 | R24: 0.10836549 | S24: 0.1398838 | T24: 0.27048671 | U24: -0.39296188 | V24: 0.11654032 | W24: -0.64293353 | X24: -0.036157896 | Y24: 0.02939884 | Z24: -0.15040993 | AA24: -0.21854458 | AB24: -0.30039379 | AC24: 0.40174733 | AD24: 0.059922147 | AE24: -0.54125812 | AF24: -0.49538941 | AG24: 0.38005539 | AH24: 0.30212276 | AI24: -0.15191167 | AJ24: 0.020112365 | AK24: -0.11317916 | AL24: -0.10745443 | AM24: -0.014966545 | AN24: -0.11066077 | AO24: 0.1029057 | AP24: -0.41640853 | AQ24: 0.35649193 | AR24: -0.020350844 | AS24: -0.0032867737 | AT24: -0.15076898 | AU24: -0.22984102 | AV24: -0.24768466 | AW24: 0.14871096 | AX24: -0.11149134 | AY24: 0.26743574 | AZ24: -0.60989956 | BA24: 0.10178269 | BB24: 0.87270315 | BC24: -0.0043668696 | BD24: 0.17257014 | BE24: 0.057380538 | BF24: 0.087651336 | BG24: 0.026835966 | BH24: 0.009569451 | BI24: 0.028151632 | BJ24: 0.060567254 | BK24: -0.010019727 | BL24: -0.10610692 | BM24: -0.08478294 | BN24: 0.019890158 | BO24: 0.20807633 | BP24: -0.031794104 | BQ24: -0.013857466 | BR24: -0.098920889 | BS24: 0.12162104 | BT24: 0.055799256 | BU24: 0.22832663 | BV24: -0.046258706 | BW24: 0.15102745 | BX24: -0.05804337 | BY24: 0.11840823 | BZ24: 0.32032943 | CA24: 0.085352139 | CB24: -0.064127083 | CC24: 0.43985451 | CD24: 0.14430631 | CE24: -0.17930378 | CF24: 0.043964634 | CG24: -0.51996897 | CH24: 0.21297288 | CI24: 0.29359964 | CJ24: 0.30018689 | CK24: -0.32305927 | CL24: -0.015683748 | CM24: 0.044688538 | CN24: 0.6096772 | CO24: -0.57240961 | CP24: 0.19806735 | CQ24: -0.16018965 | CR24: -0.096817907 | CS24: -0.10797424 | CT24: -0.18289659 | CU24: 0.052729045 | CV24: -0.18286409 | CW24: 0.17511717 | CX24: -0.14669463 | CY24: 0.36022805 | CZ24: -0.16210691 | DA24: 0.024511204 | DB24: -0.94810959 | DC24: 0.28272978 | DD24: 0.19584472 | DE24: 0.13158559 | DF24: 0.52558501 | DG24: 0.24858898 | DH24: -0.10283284 | DI24: -0.4230988 | DJ24: 0.22936987 | DK24: 0.16602173 | DL24: -0.061360513 | DM24: -0.1083161 | DN24: 0.51684794 | DO24: 0.08311429 | DP24: -0.22357182 | DQ24: 0.3590713 | DR24: -0.02051563 | DS24: -0.14400697 | DT24: -0.029435726 | DU24: 0.77054331 | DV24: -0.75045655 | DW24: -0.38336324 | DX24: -0.17373733 | DY24: 0.032066536 | DZ24: -0.048904664 | EA24: -0.023171502 | EB24: 0.58969792 | EC24: -0.014309919 | ED24: -0.056172845 | EE24: -0.035663983 | EF24: -0.12895777
A25: 大盤 | B25: TWII | C25: -0.017446771 | D25: 0.020701061 | E25: 0.023982129 | F25: -0.006557579 | G25: 0.03184513 | H25: 0.034348533 | I25: -0.0082549328 | J25: 0.012843524 | K25: -0.051018525 | L25: 0.00087394274 | M25: 0.023389576 | N25: 0.012988972 | O25: 0.0058545887 | P25: 0.027413207 | Q25: -0.0037129361 | R25: 0.024076614 | S25: -0.012190025 | T25: -0.039749578 | U25: -0.07315545 | V25: -0.05826023 | W25: 0.00077279757 | X25: 0.044591521 | Y25: -0.02769968 | Z25: 0.0020950059 | AA25: -0.023400551 | AB25: 0.032129371 | AC25: 0.038903273 | AD25: -0.042865382 | AE25: 0.018647195 | AF25: 0.015229768 | AG25: 0.036016604 | AH25: 0.0093546114 | AI25: 0.010748251 | AJ25: 0.013357754 | AK25: -0.0053327473 | AL25: 0.0013831358 | AM25: 0.020795928 | AN25: 0.031517702 | AO25: 0.0062417165 | AP25: 0.0061452617 | AQ25: 0.016946358 | AR25: 0.03468283 | AS25: 0.0030985886 | AT25: 0.015081347 | AU25: -0.019251209 | AV25: 0.038711513 | AW25: -0.021856951 | AX25: 0.0077743007 | AY25: 0.042397247 | AZ25: -0.026308975 | BA25: 0.0095717493 | BB25: -0.024249741 | BC25: 0.020163374 | BD25: -0.0035049988 | BE25: 0.020151935 | BF25: 0.00058133623 | BG25: -0.005219701 | BH25: -0.11587176 | BI25: 0.0087252257 | BJ25: -0.016377261 | BK25: 0.020840372 | BL25: 0.044975872 | BM25: 0.023954306 | BN25: 0.030239101 | BO25: -0.043725888 | BP25: 0.02188947 | BQ25: 0.0086274303 | BR25: -0.019192954 | BS25: 0.01973513 | BT25: 0.047694337 | BU25: 0.011454817 | BV25: 0.043228621 | BW25: -0.04274743 | BX25: -0.017811292 | BY25: -0.1511531 | BZ25: 0.124224 | CA25: -0.0045572538 | CB25: 0.06021124 | CC25: 0.085992033 | CD25: -0.0058084796 | CE25: -0.006041347 | CF25: 0.0024523244 | CG25: 0.089636252 | CH25: 0.070992733 | CI25: 0.027170643 | CJ25: 0.052468428 | CK25: 0.029480661 | CL25: 0.066825081 | CM25: -0.028772229 | CN25: 0.039462516 | CO25: -0.029031087 | CP25: 0.013983883 | CQ25: -0.032276965 | CR25: 0.0031035766 | CS25: 0.025591856 | CT25: 0.044391886 | CU25: -0.030338959 | CV25: -0.0012579765 | CW25: 0.0023363565 | CX25: -0.064264145 | CY25: 0.012909779 | CZ25: -0.12547709 | DA25: 0.011690683 | DB25: 0.0063378437 | DC25: -0.11730536 | DD25: -0.036010872 | DE25: 0.1389113 | DF25: -0.051143506 | DG25: 0.076731447 | DH25: 0.015508782 | DI25: 0.023223774 | DJ25: -0.018372876 | DK25: 0.062199014 | DL25: 0.020098304 | DM25: 0.01349894 | DN25: -0.030252213 | DO25: -0.017022836 | DP25: -0.021788523 | DQ25: 0.085745625 | DR25: 0.028106744 | DS25: -0.0023031598 | DT25: 0.058471198 | DU25: 0.067658949 | DV25: 0.0050207706 | DW25: 0.037416184 | DX25: 0.084111004 | DY25: -0.036832399 | DZ25: 0.0030917028 | EA25: -0.0019576282 | EB25: 0.026459104 | EC25: -0.024752539 | ED25: 0.034115491 | EE25: 0.021061974 | EF25: -0.020277393

Sheet 預測(LSTM)勝率
A1: LSTM
B2: Time | C2: 2013/12 | D2: 2014/01 | E2: 2014/02 | F2: 2014/03 | G2: 2014/04 | H2: 2014/05 | I2: 2014/06 | J2: 2014/07 | K2: 2014/08 | L2: 2014/09 | M2: 2014/10 | N2: 2014/11 | O2: 2014/12 | P2: 2015/01 | Q2: 2015/02 | R2: 2015/03 | S2: 2015/04 | T2: 2015/05 | U2: 2015/06 | V2: 2015/07 | W2: 2015/08 | X2: 2015/09 | Y2: 2015/10 | Z2: 2015/11 | AA2: 2015/12 | AB2: 2016/01 | AC2: 2016/02 | AD2: 2016/03 | AE2: 2016/04 | AF2: 2016/05 | AG2: 2016/06 | AH2: 2016/07 | AI2: 2016/08 | AJ2: 2016/09 | AK2: 2016/10 | AL2: 2016/11 | AM2: 2016/12 | AN2: 2017/01 | AO2: 2017/02 | AP2: 2017/03 | AQ2: 2017/04 | AR2: 2017/05 | AS2: 2017/06 | AT2: 2017/07 | AU2: 2017/08 | AV2: 2017/09 | AW2: 2017/10 | AX2: 2017/11 | AY2: 2017/12 | AZ2: 2018/01 | BA2: 2018/02 | BB2: 2018/03 | BC2: 2018/04 | BD2: 2018/05 | BE2: 2018/06 | BF2: 2018/07 | BG2: 2018/08 | BH2: 2018/09 | BI2: 2018/10 | BJ2: 2018/11 | BK2: 2018/12 | BL2: 2019/01 | BM2: 2019/02 | BN2: 2019/03 | BO2: 2019/04 | BP2: 2019/05 | BQ2: 2019/06 | BR2: 2019/07 | BS2: 2019/08 | BT2: 2019/09 | BU2: 2019/10 | BV2: 2019/11 | BW2: 2019/12 | BX2: 2020/01 | BY2: 2020/02 | BZ2: 2020/03 | CA2: 2020/04 | CB2: 2020/05 | CC2: 2020/06 | CD2: 2020/07 | CE2: 2020/08 | CF2: 2020/09 | CG2: 2020/10 | CH2: 2020/11 | CI2: 2020/12 | CJ2: 2021/01 | CK2: 2021/02 | CL2: 2021/03 | CM2: 2021/04 | CN2: 2021/05 | CO2: 2021/06 | CP2: 2021/07 | CQ2: 2021/08 | CR2: 2021/09 | CS2: 2021/10 | CT2: 2021/11 | CU2: 2021/12 | CV2: 2022/01 | CW2: 2022/02 | CX2: 2022/03 | CY2: 2022/04 | CZ2: 2022/05 | DA2: 2022/06 | DB2: 2022/07 | DC2: 2022/08 | DD2: 2022/09 | DE2: 2022/10 | DF2: 2022/11 | DG2: 2022/12 | DH2: 2023/01 | DI2: 2023/02 | DJ2: 2023/03 | DK2: 2023/04 | DL2: 2023/05 | DM2: 2023/06 | DN2: 2023/07 | DO2: 2023/08 | DP2: 2023/09 | DQ2: 2023/10 | DR2: 2023/11 | DS2: 2023/12 | DT2: 2024/01 | DU2: 2024/02 | DV2: 2024/03 | DW2: 2024/04 | DX2: 2024/05 | DY2: 2024/06 | DZ2: 2024/07 | EA2: 2024/08 | EB2: 2024/09 | EC2: 2024/10 | ED2: 2024/11 | EE2: 2024/12 | EF2: 2025/01 | EG2: 2025/02
B3: bm | C3: 0.040547289 | D3: 0.014746175 | E3: -0.051652342 | F3: -0.054286115 | G3: -0.057552006 | H3: -0.076259449 | I3: -0.10788648 | J3: 0.013737112 | K3: -0.059229229 | L3: -0.10780369 | M3: 0.024141319 | N3: -0.13467413 | O3: -0.0079268562 | P3: -0.075651743 | Q3: -0.08644776 | R3: -0.0030133345 | S3: -0.040853243 | T3: -0.032101776 | U3: -0.10543977 | V3: -0.045746464 | W3: -0.0068120561 | X3: 0.09770143 | Y3: 0.061205495 | Z3: 0.016075654 | AA3: -0.012703552 | AB3: -0.010262255 | AC3: 0.029340141 | AD3: -0.0058081243 | AE3: 0.011994774 | AF3: 0.039971381 | AG3: -0.012103247 | AH3: 0.022090664 | AI3: 0.021936081 | AJ3: 0.025844747 | AK3: -0.0023109075 | AL3: -0.020252099 | AM3: 0.022393657 | AN3: -0.0035141658 | AO3: -0.029745672 | AP3: -0.026837837 | AQ3: -0.021697119 | AR3: 0.023448717 | AS3: 0.015802857 | AT3: 0.066039756 | AU3: 0.062266789 | AV3: 0.057940513 | AW3: 0.10639411 | AX3: -0.0057518133 | AY3: 0.003456265 | AZ3: 0.08603631 | BA3: 0.10234847 | BB3: 0.063502729 | BC3: 0.048442636 | BD3: 0.077497914 | BE3: 0.027031764 | BF3: 0.021175273 | BG3: -0.012267982 | BH3: 0.051240973 | BI3: 0.055158429 | BJ3: 0.086648971 | BK3: 0.081092678 | BL3: 0.057930887 | BM3: 0.014249544 | BN3: -0.0046854224 | BO3: 0.04586114 | BP3: 0.086037964 | BQ3: 0.14414221 | BR3: 0.037985831 | BS3: 0.081880234 | BT3: 0.043688308 | BU3: 0.10545724 | BV3: 0.11753765 | BW3: 0.092942402 | BX3: 0.035637498 | BY3: 0.04292509 | BZ3: 0.098455094 | CA3: 0.018217886 | CB3: 0.019438757 | CC3: -0.0050573386 | CD3: -0.057951014 | CE3: -0.011938484 | CF3: 0.0064156759 | CG3: 0.0056247138 | CH3: 0.058184978 | CI3: 0.012768986 | CJ3: -0.080891326 | CK3: 0.073738843 | CL3: 0.067692369 | CM3: -0.018292543 | CN3: 0.0046888106 | CO3: -0.012873714 | CP3: -0.052108333 | CQ3: -0.072693914 | CR3: -0.060804408 | CS3: 0.015148262 | CT3: -0.063390315 | CU3: -0.06107983 | CV3: -0.021700332 | CW3: -0.060720678 | CX3: -0.040655192 | CY3: -0.045480587 | CZ3: -0.069138072 | DA3: -0.089778468 | DB3: -0.065274872 | DC3: -0.013747443 | DD3: -0.059340179 | DE3: -0.0029697688 | DF3: 0.02926687 | DG3: -0.024713881 | DH3: -0.035376154 | DI3: -0.027640743 | DJ3: -0.0057575447 | DK3: -0.048771854 | DL3: -0.011303868 | DM3: -0.049678039 | DN3: -0.012807783 | DO3: -0.01587224 | DP3: -0.0075895861 | DQ3: 0.040078633 | DR3: -0.01592231 | DS3: 0.023432238 | DT3: -0.053663064 | DU3: -0.044161681 | DV3: -0.023813089 | DW3: 0.025176367 | DX3: -0.032621369 | DY3: 0.013060666 | DZ3: -0.047912493 | EA3: 0.014760353 | EB3: -0.029227724 | EC3: -0.035695001 | ED3: -0.052812476 | EE3: -0.013054582 | EF3: -0.069071874
B4: size | C4: -0.018580828 | D4: -0.04825278 | E4: 0.0078275679 | F4: -0.026776634 | G4: 0.016258875 | H4: -0.0087667406 | I4: -0.0070548905 | J4: -0.032917611 | K4: 0.0073888558 | L4: 0.035096999 | M4: -0.019348426 | N4: -0.012498206 | O4: -0.067216232 | P4: -0.027688211 | Q4: -0.059864789 | R4: -0.077407129 | S4: -0.083726525 | T4: -0.059324656 | U4: -0.0023863558 | V4: 0.0046488689 | W4: -0.074044973 | X4: -0.098803863 | Y4: -0.091002114 | Z4: -0.068004087 | AA4: -0.086181231 | AB4: -0.088893928 | AC4: -0.01658844 | AD4: 0.063448824 | AE4: -0.059580553 | AF4: 0.0010961501 | AG4: 0.028850742 | AH4: 0.029070802 | AI4: -0.01015707 | AJ4: 0.044545107 | AK4: -0.01327528 | AL4: 0.014735002 | AM4: 0.0052847122 | AN4: 0.047137059 | AO4: 0.007465574 | AP4: 0.0046993392 | AQ4: 0.020851189 | AR4: 0.054104723 | AS4: -0.0056461818 | AT4: 0.00404533 | AU4: 0.02062845 | AV4: 0.021113886 | AW4: -0.041878089 | AX4: 0.015781458 | AY4: -0.02299829 | AZ4: 0.0058780294 | BA4: -0.021811418 | BB4: -0.076676466 | BC4: 0.010045491 | BD4: -0.047882307 | BE4: -0.06855423 | BF4: -0.082745306 | BG4: -0.12042424 | BH4: -0.10103763 | BI4: -0.039490096 | BJ4: -0.064256303 | BK4: -0.14447127 | BL4: -0.11201132 | BM4: -0.03482601 | BN4: -0.085986465 | BO4: -0.070973977 | BP4: -0.034846526 | BQ4: -0.020351751 | BR4: -0.023155609 | BS4: -0.032191597 | BT4: -0.068826571 | BU4: -0.092764981 | BV4: -0.081678107 | BW4: -0.06856361 | BX4: -0.019831985 | BY4: -0.061186798 | BZ4: -0.070581049 | CA4: -0.072609454 | CB4: -0.088862821 | CC4: -0.065672167 | CD4: -0.070492014 | CE4: -0.089266889 | CF4: -0.019554028 | CG4: -0.038807325 | CH4: -0.026853707 | CI4: -0.023996761 | CJ4: -0.0069834162 | CK4: -0.011856382 | CL4: -0.011220707 | CM4: -0.019751672 | CN4: -0.017389096 | CO4: 0.00091980241 | CP4: -0.027678527 | CQ4: -0.027226128 | CR4: -0.034191106 | CS4: -0.037506074 | CT4: -0.049283858 | CU4: -0.023866469 | CV4: -0.0027314594 | CW4: 0.025829777 | CX4: -0.077818602 | CY4: -0.017143354 | CZ4: 0.0064833509 | DA4: 0.02112148 | DB4: 0.0016250079 | DC4: 0.014495826 | DD4: 0.037542593 | DE4: -0.047325566 | DF4: 0.033347134 | DG4: -0.018042853 | DH4: -0.012872834 | DI4: 0.025734814 | DJ4: 0.014163728 | DK4: -0.03316791 | DL4: -0.021062262 | DM4: 0.014148561 | DN4: -0.019859655 | DO4: -0.038560558 | DP4: 0.052595932 | DQ4: 0.050834373 | DR4: 0.034424391 | DS4: 0.026739173 | DT4: -0.022692034 | DU4: 0.023562549 | DV4: 0.011204046 | DW4: 0.0097593218 | DX4: -0.012008918 | DY4: -0.012910018 | DZ4: 0.014516729 | EA4: 0.020058911 | EB4: 0.052505847 | EC4: 0.032138381 | ED4: -0.0095858695 | EE4: 0.016591379 | EF4: 0.024656091
B5: mom | C5: -0.019821944 | D5: -0.024067564 | E5: -0.0075782482 | F5: 0.038560428 | G5: -0.0070930333 | H5: -0.028790984 | I5: -0.050696284 | J5: -0.0017502174 | K5: -0.0048410315 | L5: -0.025085138 | M5: 0.034981705 | N5: 0.071464717 | O5: 0.049568243 | P5: 0.09211605 | Q5: 0.074587479 | R5: 0.036225241 | S5: 0.06888067 | T5: 0.050580025 | U5: 0.05002277 | V5: 0.065072879 | W5: 0.082305394 | X5: 0.049790494 | Y5: 0.1621349 | Z5: 0.049829394 | AA5: -0.0096141994 | AB5: -0.0094462801 | AC5: -0.015571467 | AD5: -0.005602458 | AE5: 0.024225909 | AF5: 0.064355873 | AG5: 0.06078143 | AH5: 0.028772563 | AI5: 0.042393733 | AJ5: 0.013549104 | AK5: 0.10434017 | AL5: 0.023477694 | AM5: 0.049679872 | AN5: -0.019429741 | AO5: -0.0099202199 | AP5: 0.013758846 | AQ5: -0.0049647922 | AR5: -0.013557843 | AS5: -0.026926255 | AT5: -0.0070274342 | AU5: 0.0095545966 | AV5: 0.039484385 | AW5: 0.010149264 | AX5: 0.027402362 | AY5: 0.036360435 | AZ5: -0.012621585 | BA5: 0.005026157 | BB5: 0.037919752 | BC5: 0.053017329 | BD5: -0.056791071 | BE5: -0.010663942 | BF5: -0.045907319 | BG5: -0.041811094 | BH5: -0.0086124791 | BI5: 0.0057994141 | BJ5: -0.012436195 | BK5: 0.028031733 | BL5: 0.012374575 | BM5: 0.033071969 | BN5: 0.053148314 | BO5: -0.00026408641 | BP5: 0.025249753 | BQ5: 0.016997438 | BR5: 0.039869186 | BS5: 0.014649399 | BT5: -0.0013528261 | BU5: -0.016242431 | BV5: -0.019686919 | BW5: 0.01865354 | BX5: 0.012438855 | BY5: 0.011720257 | BZ5: 0.026449056 | CA5: 0.020457806 | CB5: -0.010790687 | CC5: 0.027279854 | CD5: -0.0028258781 | CE5: -0.039107587 | CF5: 0.026439348 | CG5: -0.013538158 | CH5: 0.033741135 | CI5: -0.018029187 | CJ5: 0.0077282675 | CK5: 0.045171477 | CL5: -0.001433647 | CM5: -0.043408293 | CN5: -0.048494712 | CO5: -0.034412362 | CP5: -0.031831637 | CQ5: -0.029545931 | CR5: -0.046193767 | CS5: -0.02242364 | CT5: 0.027818739 | CU5: 0.034685932 | CV5: 0.020741159 | CW5: 0.039250623 | CX5: 0.02362325 | CY5: 0.020947697 | CZ5: 0.0027976942 | DA5: 0.031392038 | DB5: 0.002502433 | DC5: 0.046531398 | DD5: 0.037525449 | DE5: 0.060277972 | DF5: -0.016737031 | DG5: -0.0095816031 | DH5: 0.023357641 | DI5: -0.041918892 | DJ5: -0.0011311463 | DK5: 0.041163765 | DL5: 0.028391024 | DM5: -0.028915755 | DN5: -0.016116664 | DO5: -0.0044103554 | DP5: -0.028036362 | DQ5: 0.0037302354 | DR5: 0.004896184 | DS5: 0.01518423 | DT5: -0.027093893 | DU5: 0.021577414 | DV5: -0.0016142901 | DW5: -0.0041363826 | DX5: -0.044376425 | DY5: -0.033609867 | DZ5: -0.048759568 | EA5: 0.0057486207 | EB5: 0.0058685942 | EC5: 0.042290993 | ED5: 0.025345668 | EE5: 0.0070743728 | EF5: 0.037159268
A6: 選絕對值最大 | C6: {=MATCH(MAX(ABS(C3:C5)), ABS(C3:C5), 0)} -> 1 | D6: {=MATCH(MAX(ABS(D3:D5)), ABS(D3:D5), 0)} -> 2 | E6: {=MATCH(MAX(ABS(E3:E5)), ABS(E3:E5), 0)} -> 1 | F6: {=MATCH(MAX(ABS(F3:F5)), ABS(F3:F5), 0)} -> 1 | G6: {=MATCH(MAX(ABS(G3:G5)), ABS(G3:G5), 0)} -> 1 | H6: {=MATCH(MAX(ABS(H3:H5)), ABS(H3:H5), 0)} -> 1 | I6: {=MATCH(MAX(ABS(I3:I5)), ABS(I3:I5), 0)} -> 1 | J6: {=MATCH(MAX(ABS(J3:J5)), ABS(J3:J5), 0)} -> 2 | ... EG6: {=MATCH(MAX(ABS(EG3:EG5)), ABS(EG3:EG5), 0)} -> 1
C7: =IF(C6=1,"bm",IF(C6=2,"size",IF(C6=3,"mom"))) -> bm | D7: =IF(D6=1,"bm",IF(D6=2,"size",IF(D6=3,"mom"))) -> size | E7: =IF(E6=1,"bm",IF(E6=2,"size",IF(E6=3,"mom"))) -> bm | F7: =IF(F6=1,"bm",IF(F6=2,"size",IF(F6=3,"mom"))) -> bm | G7: =IF(G6=1,"bm",IF(G6=2,"size",IF(G6=3,"mom"))) -> bm | H7: =IF(H6=1,"bm",IF(H6=2,"size",IF(H6=3,"mom"))) -> bm | I7: =IF(I6=1,"bm",IF(I6=2,"size",IF(I6=3,"mom"))) -> bm | J7: =IF(J6=1,"bm",IF(J6=2,"size",IF(J6=3,"mom"))) -> size | ... EG7: =IF(EG6=1,"bm",IF(EG6=2,"size",IF(EG6=3,"mom"))) -> bm
C8: =IF(C6=1,C3,IF(C6=2,C4,IF(C6=3,C5))) -> 0.040547289 | D8: =IF(D6=1,D3,IF(D6=2,D4,IF(D6=3,D5))) -> -0.04825278 | E8: =IF(E6=1,E3,IF(E6=2,E4,IF(E6=3,E5))) -> -0.051652342 | F8: =IF(F6=1,F3,IF(F6=2,F4,IF(F6=3,F5))) -> -0.054286115 | G8: =IF(G6=1,G3,IF(G6=2,G4,IF(G6=3,G5))) -> -0.057552006 | H8: =IF(H6=1,H3,IF(H6=2,H4,IF(H6=3,H5))) -> -0.076259449 | I8: =IF(I6=1,I3,IF(I6=2,I4,IF(I6=3,I5))) -> -0.10788648 | J8: =IF(J6=1,J3,IF(J6=2,J4,IF(J6=3,J5))) -> -0.032917611 | ... EG8: =IF(EG6=1,EG3,IF(EG6=2,EG4,IF(EG6=3,EG5))) -> 0
A10: 投資組合 | C10: 公司數 | D10: 964
A11: 等第 | B11: 分數 | C11: 2014/01 | D11: 2014/02 | E11: 2014/03 | F11: 2014/04 | G11: 2014/05 | H11: 2014/06 | I11: 2014/07 | J11: 2014/08 | K11: 2014/09 | L11: 2014/10 | M11: 2014/11 | N11: 2014/12 | O11: 2015/01 | P11: 2015/02 | Q11: 2015/03 | R11: 2015/04 | S11: 2015/05 | T11: 2015/06 | U11: 2015/07 | V11: 2015/08 | W11: 2015/09 | X11: 2015/10 | Y11: 2015/11 | Z11: 2015/12 | AA11: 2016/01 | AB11: 2016/02 | AC11: 2016/03 | AD11: 2016/04 | AE11: 2016/05 | AF11: 2016/06 | AG11: 2016/07 | AH11: 2016/08 | AI11: 2016/09 | AJ11: 2016/10 | AK11: 2016/11 | AL11: 2016/12 | AM11: 2017/01 | AN11: 2017/02 | AO11: 2017/03 | AP11: 2017/04 | AQ11: 2017/05 | AR11: 2017/06 | AS11: 2017/07 | AT11: 2017/08 | AU11: 2017/09 | AV11: 2017/10 | AW11: 2017/11 | AX11: 2017/12 | AY11: 2018/01 | AZ11: 2018/02 | BA11: 2018/03 | BB11: 2018/04 | BC11: 2018/05 | BD11: 2018/06 | BE11: 2018/07 | BF11: 2018/08 | BG11: 2018/09 | BH11: 2018/10 | BI11: 2018/11 | BJ11: 2018/12 | BK11: 2019/01 | BL11: 2019/02 | BM11: 2019/03 | BN11: 2019/04 | BO11: 2019/05 | BP11: 2019/06 | BQ11: 2019/07 | BR11: 2019/08 | BS11: 2019/09 | BT11: 2019/10 | BU11: 2019/11 | BV11: 2019/12 | BW11: 2020/01 | BX11: 2020/02 | BY11: 2020/03 | BZ11: 2020/04 | CA11: 2020/05 | CB11: 2020/06 | CC11: 2020/07 | CD11: 2020/08 | CE11: 2020/09 | CF11: 2020/10 | CG11: 2020/11 | CH11: 2020/12 | CI11: 2021/01 | CJ11: 2021/02 | CK11: 2021/03 | CL11: 2021/04 | CM11: 2021/05 | CN11: 2021/06 | CO11: 2021/07 | CP11: 2021/08 | CQ11: 2021/09 | CR11: 2021/10 | CS11: 2021/11 | CT11: 2021/12 | CU11: 2022/01 | CV11: 2022/02 | CW11: 2022/03 | CX11: 2022/04 | CY11: 2022/05 | CZ11: 2022/06 | DA11: 2022/07 | DB11: 2022/08 | DC11: 2022/09 | DD11: 2022/10 | DE11: 2022/11 | DF11: 2022/12 | DG11: 2023/01 | DH11: 2023/02 | DI11: 2023/03 | DJ11: 2023/04 | DK11: 2023/05 | DL11: 2023/06 | DM11: 2023/07 | DN11: 2023/08 | DO11: 2023/09 | DP11: 2023/10 | DQ11: 2023/11 | DR11: 2023/12 | DS11: 2024/01 | DT11: 2024/02 | DU11: 2024/03 | DV11: 2024/04 | DW11: 2024/05 | DX11: 2024/06 | DY11: 2024/07 | DZ11: 2024/08 | EA11: 2024/09 | EB11: 2024/10 | EC11: 2024/11 | ED11: 2024/12 | EE11: 2025/01 | EF11: 2025/02 | EG11: SUM | EH11: 勝率
A12: 10 | B12: 96 | C12: =IF(預測IC!C12>預測IC!C$25,1,0) -> 1 | D12: =IF(預測IC!D12>預測IC!D$25,1,0) -> 0 | E12: =IF(預測IC!E12>預測IC!E$25,1,0) -> 0 | F12: =IF(預測IC!F12>預測IC!F$25,1,0) -> 1 | G12: =IF(預測IC!G12>預測IC!G$25,1,0) -> 0 | H12: =IF(預測IC!H12>預測IC!H$25,1,0) -> 0 | I12: =IF(預測IC!I12>預測IC!I$25,1,0) -> 1 | J12: =IF(預測IC!J12>預測IC!J$25,1,0) -> 0 | ... EF12: =IF(預測IC!EF12>預測IC!EF$25,1,0) -> 0 | EG12: =SUM(C12:EF12) -> 53 | EH12: =SUM(C12:EE12)/134 -> 0.39552239
A13: 20 | B13: 48 | C13: =IF(預測IC!C13>預測IC!C$25,1,0) -> 1 | D13: =IF(預測IC!D13>預測IC!D$25,1,0) -> 0 | E13: =IF(預測IC!E13>預測IC!E$25,1,0) -> 0 | F13: =IF(預測IC!F13>預測IC!F$25,1,0) -> 1 | G13: =IF(預測IC!G13>預測IC!G$25,1,0) -> 0 | H13: =IF(預測IC!H13>預測IC!H$25,1,0) -> 0 | I13: =IF(預測IC!I13>預測IC!I$25,1,0) -> 0 | J13: =IF(預測IC!J13>預測IC!J$25,1,0) -> 0 | ... EF13: =IF(預測IC!EF13>預測IC!EF$25,1,0) -> 0 | EG13: =SUM(C13:EF13) -> 49 | EH13: =SUM(C13:EE13)/134 -> 0.36567164
A14: 50 | B14: 19 | C14: =IF(預測IC!C14>預測IC!C$25,1,0) -> 0 | D14: =IF(預測IC!D14>預測IC!D$25,1,0) -> 0 | E14: =IF(預測IC!E14>預測IC!E$25,1,0) -> 0 | F14: =IF(預測IC!F14>預測IC!F$25,1,0) -> 1 | G14: =IF(預測IC!G14>預測IC!G$25,1,0) -> 0 | H14: =IF(預測IC!H14>預測IC!H$25,1,0) -> 0 | I14: =IF(預測IC!I14>預測IC!I$25,1,0) -> 0 | J14: =IF(預測IC!J14>預測IC!J$25,1,0) -> 0 | ... EF14: =IF(預測IC!EF14>預測IC!EF$25,1,0) -> 0 | EG14: =SUM(C14:EF14) -> 48 | EH14: =SUM(C14:EE14)/134 -> 0.35820896
A15: 100 | B15: 10 | C15: =IF(預測IC!C15>預測IC!C$25,1,0) -> 0 | D15: =IF(預測IC!D15>預測IC!D$25,1,0) -> 0 | E15: =IF(預測IC!E15>預測IC!E$25,1,0) -> 0 | F15: =IF(預測IC!F15>預測IC!F$25,1,0) -> 0 | G15: =IF(預測IC!G15>預測IC!G$25,1,0) -> 0 | H15: =IF(預測IC!H15>預測IC!H$25,1,0) -> 0 | I15: =IF(預測IC!I15>預測IC!I$25,1,0) -> 0 | J15: =IF(預測IC!J15>預測IC!J$25,1,0) -> 0 | ... EF15: =IF(預測IC!EF15>預測IC!EF$25,1,0) -> 0 | EG15: =SUM(C15:EF15) -> 51 | EH15: =SUM(C15:EE15)/134 -> 0.38059701
A16: 107 | B16: 9 | C16: =IF(預測IC!C16>預測IC!C$25,1,0) -> 0 | D16: =IF(預測IC!D16>預測IC!D$25,1,0) -> 0 | E16: =IF(預測IC!E16>預測IC!E$25,1,0) -> 0 | F16: =IF(預測IC!F16>預測IC!F$25,1,0) -> 0 | G16: =IF(預測IC!G16>預測IC!G$25,1,0) -> 0 | H16: =IF(預測IC!H16>預測IC!H$25,1,0) -> 0 | I16: =IF(預測IC!I16>預測IC!I$25,1,0) -> 0 | J16: =IF(預測IC!J16>預測IC!J$25,1,0) -> 0 | ... EF16: =IF(預測IC!EF16>預測IC!EF$25,1,0) -> 0 | EG16: =SUM(C16:EF16) -> 51 | EH16: =SUM(C16:EE16)/134 -> 0.38059701
A17: 120 | B17: 8 | C17: =IF(預測IC!C17>預測IC!C$25,1,0) -> 0 | D17: =IF(預測IC!D17>預測IC!D$25,1,0) -> 0 | E17: =IF(預測IC!E17>預測IC!E$25,1,0) -> 0 | F17: =IF(預測IC!F17>預測IC!F$25,1,0) -> 0 | G17: =IF(預測IC!G17>預測IC!G$25,1,0) -> 0 | H17: =IF(預測IC!H17>預測IC!H$25,1,0) -> 0 | I17: =IF(預測IC!I17>預測IC!I$25,1,0) -> 0 | J17: =IF(預測IC!J17>預測IC!J$25,1,0) -> 0 | ... EF17: =IF(預測IC!EF17>預測IC!EF$25,1,0) -> 0 | EG17: =SUM(C17:EF17) -> 50 | EH17: =SUM(C17:EE17)/134 -> 0.37313433
A18: 137 | B18: 7 | C18: =IF(預測IC!C18>預測IC!C$25,1,0) -> 0 | D18: =IF(預測IC!D18>預測IC!D$25,1,0) -> 0 | E18: =IF(預測IC!E18>預測IC!E$25,1,0) -> 0 | F18: =IF(預測IC!F18>預測IC!F$25,1,0) -> 0 | G18: =IF(預測IC!G18>預測IC!G$25,1,0) -> 0 | H18: =IF(預測IC!H18>預測IC!H$25,1,0) -> 0 | I18: =IF(預測IC!I18>預測IC!I$25,1,0) -> 0 | J18: =IF(預測IC!J18>預測IC!J$25,1,0) -> 0 | ... EF18: =IF(預測IC!EF18>預測IC!EF$25,1,0) -> 0 | EG18: =SUM(C18:EF18) -> 49 | EH18: =SUM(C18:EE18)/134 -> 0.36567164
A19: 160 | B19: 6 | C19: =IF(預測IC!C19>預測IC!C$25,1,0) -> 0 | D19: =IF(預測IC!D19>預測IC!D$25,1,0) -> 0 | E19: =IF(預測IC!E19>預測IC!E$25,1,0) -> 0 | F19: =IF(預測IC!F19>預測IC!F$25,1,0) -> 0 | G19: =IF(預測IC!G19>預測IC!G$25,1,0) -> 0 | H19: =IF(預測IC!H19>預測IC!H$25,1,0) -> 0 | I19: =IF(預測IC!I19>預測IC!I$25,1,0) -> 0 | J19: =IF(預測IC!J19>預測IC!J$25,1,0) -> 0 | ... EF19: =IF(預測IC!EF19>預測IC!EF$25,1,0) -> 0 | EG19: =SUM(C19:EF19) -> 51 | EH19: =SUM(C19:EE19)/134 -> 0.38059701
A20: 192 | B20: 5 | C20: =IF(預測IC!C20>預測IC!C$25,1,0) -> 1 | D20: =IF(預測IC!D20>預測IC!D$25,1,0) -> 0 | E20: =IF(預測IC!E20>預測IC!E$25,1,0) -> 0 | F20: =IF(預測IC!F20>預測IC!F$25,1,0) -> 0 | G20: =IF(預測IC!G20>預測IC!G$25,1,0) -> 0 | H20: =IF(預測IC!H20>預測IC!H$25,1,0) -> 0 | I20: =IF(預測IC!I20>預測IC!I$25,1,0) -> 0 | J20: =IF(預測IC!J20>預測IC!J$25,1,0) -> 0 | ... EF20: =IF(預測IC!EF20>預測IC!EF$25,1,0) -> 0 | EG20: =SUM(C20:EF20) -> 54 | EH20: =SUM(C20:EE20)/134 -> 0.40298507
A21: 241 | B21: 4 | C21: =IF(預測IC!C21>預測IC!C$25,1,0) -> 1 | D21: =IF(預測IC!D21>預測IC!D$25,1,0) -> 0 | E21: =IF(預測IC!E21>預測IC!E$25,1,0) -> 0 | F21: =IF(預測IC!F21>預測IC!F$25,1,0) -> 0 | G21: =IF(預測IC!G21>預測IC!G$25,1,0) -> 0 | H21: =IF(預測IC!H21>預測IC!H$25,1,0) -> 0 | I21: =IF(預測IC!I21>預測IC!I$25,1,0) -> 0 | J21: =IF(預測IC!J21>預測IC!J$25,1,0) -> 0 | ... EF21: =IF(預測IC!EF21>預測IC!EF$25,1,0) -> 0 | EG21: =SUM(C21:EF21) -> 54 | EH21: =SUM(C21:EE21)/134 -> 0.40298507
A22: 321 | B22: 3 | C22: =IF(預測IC!C22>預測IC!C$25,1,0) -> 1 | D22: =IF(預測IC!D22>預測IC!D$25,1,0) -> 0 | E22: =IF(預測IC!E22>預測IC!E$25,1,0) -> 0 | F22: =IF(預測IC!F22>預測IC!F$25,1,0) -> 0 | G22: =IF(預測IC!G22>預測IC!G$25,1,0) -> 0 | H22: =IF(預測IC!H22>預測IC!H$25,1,0) -> 0 | I22: =IF(預測IC!I22>預測IC!I$25,1,0) -> 0 | J22: =IF(預測IC!J22>預測IC!J$25,1,0) -> 0 | ... EF22: =IF(預測IC!EF22>預測IC!EF$25,1,0) -> 0 | EG22: =SUM(C22:EF22) -> 57 | EH22: =SUM(C22:EE22)/134 -> 0.42537313
A23: 482 | B23: 2 | C23: =IF(預測IC!C23>預測IC!C$25,1,0) -> 1 | D23: =IF(預測IC!D23>預測IC!D$25,1,0) -> 1 | E23: =IF(預測IC!E23>預測IC!E$25,1,0) -> 0 | F23: =IF(預測IC!F23>預測IC!F$25,1,0) -> 0 | G23: =IF(預測IC!G23>預測IC!G$25,1,0) -> 0 | H23: =IF(預測IC!H23>預測IC!H$25,1,0) -> 0 | I23: =IF(預測IC!I23>預測IC!I$25,1,0) -> 0 | J23: =IF(預測IC!J23>預測IC!J$25,1,0) -> 0 | ... EF23: =IF(預測IC!EF23>預測IC!EF$25,1,0) -> 0 | EG23: =SUM(C23:EF23) -> 62 | EH23: =SUM(C23:EE23)/134 -> 0.46268657
A24: 964 | B24: 1 | C24: =IF(預測IC!C24>預測IC!C$25,1,0) -> 1 | D24: =IF(預測IC!D24>預測IC!D$25,1,0) -> 1 | E24: =IF(預測IC!E24>預測IC!E$25,1,0) -> 1 | F24: =IF(預測IC!F24>預測IC!F$25,1,0) -> 0 | G24: =IF(預測IC!G24>預測IC!G$25,1,0) -> 0 | H24: =IF(預測IC!H24>預測IC!H$25,1,0) -> 0 | I24: =IF(預測IC!I24>預測IC!I$25,1,0) -> 0 | J24: =IF(預測IC!J24>預測IC!J$25,1,0) -> 0 | ... EF24: =IF(預測IC!EF24>預測IC!EF$25,1,0) -> 0 | EG24: =SUM(C24:EF24) -> 66 | EH24: =SUM(C24:EE24)/134 -> 0.49253731
A25: 大盤 | B25: TWII | C25: -0.017446771 | D25: 0.020701061 | E25: 0.023982129 | F25: -0.006557579 | G25: 0.03184513 | H25: 0.034348533 | I25: -0.0082549328 | J25: 0.012843524 | K25: -0.051018525 | L25: 0.00087394274 | M25: 0.023389576 | N25: 0.012988972 | O25: 0.0058545887 | P25: 0.027413207 | Q25: -0.0037129361 | R25: 0.024076614 | S25: -0.012190025 | T25: -0.039749578 | U25: -0.07315545 | V25: -0.05826023 | W25: 0.00077279757 | X25: 0.044591521 | Y25: -0.02769968 | Z25: 0.0020950059 | AA25: -0.023400551 | AB25: 0.032129371 | AC25: 0.038903273 | AD25: -0.042865382 | AE25: 0.018647195 | AF25: 0.015229768 | AG25: 0.036016604 | AH25: 0.0093546114 | AI25: 0.010748251 | AJ25: 0.013357754 | AK25: -0.0053327473 | AL25: 0.0013831358 | AM25: 0.020795928 | AN25: 0.031517702 | AO25: 0.0062417165 | AP25: 0.0061452617 | AQ25: 0.016946358 | AR25: 0.03468283 | AS25: 0.0030985886 | AT25: 0.015081347 | AU25: -0.019251209 | AV25: 0.038711513 | AW25: -0.021856951 | AX25: 0.0077743007 | AY25: 0.042397247 | AZ25: -0.026308975 | BA25: 0.0095717493 | BB25: -0.024249741 | BC25: 0.020163374 | BD25: -0.0035049988 | BE25: 0.020151935 | BF25: 0.00058133623 | BG25: -0.005219701 | BH25: -0.11587176 | BI25: 0.0087252257 | BJ25: -0.016377261 | BK25: 0.020840372 | BL25: 0.044975872 | BM25: 0.023954306 | BN25: 0.030239101 | BO25: -0.043725888 | BP25: 0.02188947 | BQ25: 0.0086274303 | BR25: -0.019192954 | BS25: 0.01973513 | BT25: 0.047694337 | BU25: 0.011454817 | BV25: 0.043228621 | BW25: -0.04274743 | BX25: -0.017811292 | BY25: -0.1511531 | BZ25: 0.124224 | CA25: -0.0045572538 | CB25: 0.06021124 | CC25: 0.085992033 | CD25: -0.0058084796 | CE25: -0.006041347 | CF25: 0.0024523244 | CG25: 0.089636252 | CH25: 0.070992733 | CI25: 0.027170643 | CJ25: 0.052468428 | CK25: 0.029480661 | CL25: 0.066825081 | CM25: -0.028772229 | CN25: 0.039462516 | CO25: -0.029031087 | CP25: 0.013983883 | CQ25: -0.032276965 | CR25: 0.0031035766 | CS25: 0.025591856 | CT25: 0.044391886 | CU25: -0.030338959 | CV25: -0.0012579765 | CW25: 0.0023363565 | CX25: -0.064264145 | CY25: 0.012909779 | CZ25: -0.12547709 | DA25: 0.011690683 | DB25: 0.0063378437 | DC25: -0.11730536 | DD25: -0.036010872 | DE25: 0.1389113 | DF25: -0.051143506 | DG25: 0.076731447 | DH25: 0.015508782 | DI25: 0.023223774 | DJ25: -0.018372876 | DK25: 0.062199014 | DL25: 0.020098304 | DM25: 0.01349894 | DN25: -0.030252213 | DO25: -0.017022836 | DP25: -0.021788523 | DQ25: 0.085745625 | DR25: 0.028106744 | DS25: -0.0023031598 | DT25: 0.058471198 | DU25: 0.067658949 | DV25: 0.0050207706 | DW25: 0.037416184 | DX25: 0.084111004 | DY25: -0.036832399 | DZ25: 0.0030917028 | EA25: -0.0019576282 | EB25: 0.026459104 | EC25: -0.024752539 | ED25: 0.034115491 | EE25: 0.021061974 | EF25: -0.020277393

Sheet 預測(LSTM)累積報酬
A1: LSTM
B2: Time | C2: 2013/12 | D2: 2014/01 | E2: 2014/02 | F2: 2014/03 | G2: 2014/04 | H2: 2014/05 | I2: 2014/06 | J2: 2014/07 | K2: 2014/08 | L2: 2014/09 | M2: 2014/10 | N2: 2014/11 | O2: 2014/12 | P2: 2015/01 | Q2: 2015/02 | R2: 2015/03 | S2: 2015/04 | T2: 2015/05 | U2: 2015/06 | V2: 2015/07 | W2: 2015/08 | X2: 2015/09 | Y2: 2015/10 | Z2: 2015/11 | AA2: 2015/12 | AB2: 2016/01 | AC2: 2016/02 | AD2: 2016/03 | AE2: 2016/04 | AF2: 2016/05 | AG2: 2016/06 | AH2: 2016/07 | AI2: 2016/08 | AJ2: 2016/09 | AK2: 2016/10 | AL2: 2016/11 | AM2: 2016/12 | AN2: 2017/01 | AO2: 2017/02 | AP2: 2017/03 | AQ2: 2017/04 | AR2: 2017/05 | AS2: 2017/06 | AT2: 2017/07 | AU2: 2017/08 | AV2: 2017/09 | AW2: 2017/10 | AX2: 2017/11 | AY2: 2017/12 | AZ2: 2018/01 | BA2: 2018/02 | BB2: 2018/03 | BC2: 2018/04 | BD2: 2018/05 | BE2: 2018/06 | BF2: 2018/07 | BG2: 2018/08 | BH2: 2018/09 | BI2: 2018/10 | BJ2: 2018/11 | BK2: 2018/12 | BL2: 2019/01 | BM2: 2019/02 | BN2: 2019/03 | BO2: 2019/04 | BP2: 2019/05 | BQ2: 2019/06 | BR2: 2019/07 | BS2: 2019/08 | BT2: 2019/09 | BU2: 2019/10 | BV2: 2019/11 | BW2: 2019/12 | BX2: 2020/01 | BY2: 2020/02 | BZ2: 2020/03 | CA2: 2020/04 | CB2: 2020/05 | CC2: 2020/06 | CD2: 2020/07 | CE2: 2020/08 | CF2: 2020/09 | CG2: 2020/10 | CH2: 2020/11 | CI2: 2020/12 | CJ2: 2021/01 | CK2: 2021/02 | CL2: 2021/03 | CM2: 2021/04 | CN2: 2021/05 | CO2: 2021/06 | CP2: 2021/07 | CQ2: 2021/08 | CR2: 2021/09 | CS2: 2021/10 | CT2: 2021/11 | CU2: 2021/12 | CV2: 2022/01 | CW2: 2022/02 | CX2: 2022/03 | CY2: 2022/04 | CZ2: 2022/05 | DA2: 2022/06 | DB2: 2022/07 | DC2: 2022/08 | DD2: 2022/09 | DE2: 2022/10 | DF2: 2022/11 | DG2: 2022/12 | DH2: 2023/01 | DI2: 2023/02 | DJ2: 2023/03 | DK2: 2023/04 | DL2: 2023/05 | DM2: 2023/06 | DN2: 2023/07 | DO2: 2023/08 | DP2: 2023/09 | DQ2: 2023/10 | DR2: 2023/11 | DS2: 2023/12 | DT2: 2024/01 | DU2: 2024/02 | DV2: 2024/03 | DW2: 2024/04 | DX2: 2024/05 | DY2: 2024/06 | DZ2: 2024/07 | EA2: 2024/08 | EB2: 2024/09 | EC2: 2024/10 | ED2: 2024/11 | EE2: 2024/12 | EF2: 2025/01 | EG2: 2025/02
B3: bm | C3: 0.040547289 | D3: 0.014746175 | E3: -0.051652342 | F3: -0.054286115 | G3: -0.057552006 | H3: -0.076259449 | I3: -0.10788648 | J3: 0.013737112 | K3: -0.059229229 | L3: -0.10780369 | M3: 0.024141319 | N3: -0.13467413 | O3: -0.0079268562 | P3: -0.075651743 | Q3: -0.08644776 | R3: -0.0030133345 | S3: -0.040853243 | T3: -0.032101776 | U3: -0.10543977 | V3: -0.045746464 | W3: -0.0068120561 | X3: 0.09770143 | Y3: 0.061205495 | Z3: 0.016075654 | AA3: -0.012703552 | AB3: -0.010262255 | AC3: 0.029340141 | AD3: -0.0058081243 | AE3: 0.011994774 | AF3: 0.039971381 | AG3: -0.012103247 | AH3: 0.022090664 | AI3: 0.021936081 | AJ3: 0.025844747 | AK3: -0.0023109075 | AL3: -0.020252099 | AM3: 0.022393657 | AN3: -0.0035141658 | AO3: -0.029745672 | AP3: -0.026837837 | AQ3: -0.021697119 | AR3: 0.023448717 | AS3: 0.015802857 | AT3: 0.066039756 | AU3: 0.062266789 | AV3: 0.057940513 | AW3: 0.10639411 | AX3: -0.0057518133 | AY3: 0.003456265 | AZ3: 0.08603631 | BA3: 0.10234847 | BB3: 0.063502729 | BC3: 0.048442636 | BD3: 0.077497914 | BE3: 0.027031764 | BF3: 0.021175273 | BG3: -0.012267982 | BH3: 0.051240973 | BI3: 0.055158429 | BJ3: 0.086648971 | BK3: 0.081092678 | BL3: 0.057930887 | BM3: 0.014249544 | BN3: -0.0046854224 | BO3: 0.04586114 | BP3: 0.086037964 | BQ3: 0.14414221 | BR3: 0.037985831 | BS3: 0.081880234 | BT3: 0.043688308 | BU3: 0.10545724 | BV3: 0.11753765 | BW3: 0.092942402 | BX3: 0.035637498 | BY3: 0.04292509 | BZ3: 0.098455094 | CA3: 0.018217886 | CB3: 0.019438757 | CC3: -0.0050573386 | CD3: -0.057951014 | CE3: -0.011938484 | CF3: 0.0064156759 | CG3: 0.0056247138 | CH3: 0.058184978 | CI3: 0.012768986 | CJ3: -0.080891326 | CK3: 0.073738843 | CL3: 0.067692369 | CM3: -0.018292543 | CN3: 0.0046888106 | CO3: -0.012873714 | CP3: -0.052108333 | CQ3: -0.072693914 | CR3: -0.060804408 | CS3: 0.015148262 | CT3: -0.063390315 | CU3: -0.06107983 | CV3: -0.021700332 | CW3: -0.060720678 | CX3: -0.040655192 | CY3: -0.045480587 | CZ3: -0.069138072 | DA3: -0.089778468 | DB3: -0.065274872 | DC3: -0.013747443 | DD3: -0.059340179 | DE3: -0.0029697688 | DF3: 0.02926687 | DG3: -0.024713881 | DH3: -0.035376154 | DI3: -0.027640743 | DJ3: -0.0057575447 | DK3: -0.048771854 | DL3: -0.011303868 | DM3: -0.049678039 | DN3: -0.012807783 | DO3: -0.01587224 | DP3: -0.0075895861 | DQ3: 0.040078633 | DR3: -0.01592231 | DS3: 0.023432238 | DT3: -0.053663064 | DU3: -0.044161681 | DV3: -0.023813089 | DW3: 0.025176367 | DX3: -0.032621369 | DY3: 0.013060666 | DZ3: -0.047912493 | EA3: 0.014760353 | EB3: -0.029227724 | EC3: -0.035695001 | ED3: -0.052812476 | EE3: -0.013054582 | EF3: -0.069071874
B4: size | C4: -0.018580828 | D4: -0.04825278 | E4: 0.0078275679 | F4: -0.026776634 | G4: 0.016258875 | H4: -0.0087667406 | I4: -0.0070548905 | J4: -0.032917611 | K4: 0.0073888558 | L4: 0.035096999 | M4: -0.019348426 | N4: -0.012498206 | O4: -0.067216232 | P4: -0.027688211 | Q4: -0.059864789 | R4: -0.077407129 | S4: -0.083726525 | T4: -0.059324656 | U4: -0.0023863558 | V4: 0.0046488689 | W4: -0.074044973 | X4: -0.098803863 | Y4: -0.091002114 | Z4: -0.068004087 | AA4: -0.086181231 | AB4: -0.088893928 | AC4: -0.01658844 | AD4: 0.063448824 | AE4: -0.059580553 | AF4: 0.0010961501 | AG4: 0.028850742 | AH4: 0.029070802 | AI4: -0.01015707 | AJ4: 0.044545107 | AK4: -0.01327528 | AL4: 0.014735002 | AM4: 0.0052847122 | AN4: 0.047137059 | AO4: 0.007465574 | AP4: 0.0046993392 | AQ4: 0.020851189 | AR4: 0.054104723 | AS4: -0.0056461818 | AT4: 0.00404533 | AU4: 0.02062845 | AV4: 0.021113886 | AW4: -0.041878089 | AX4: 0.015781458 | AY4: -0.02299829 | AZ4: 0.0058780294 | BA4: -0.021811418 | BB4: -0.076676466 | BC4: 0.010045491 | BD4: -0.047882307 | BE4: -0.06855423 | BF4: -0.082745306 | BG4: -0.12042424 | BH4: -0.10103763 | BI4: -0.039490096 | BJ4: -0.064256303 | BK4: -0.14447127 | BL4: -0.11201132 | BM4: -0.03482601 | BN4: -0.085986465 | BO4: -0.070973977 | BP4: -0.034846526 | BQ4: -0.020351751 | BR4: -0.023155609 | BS4: -0.032191597 | BT4: -0.068826571 | BU4: -0.092764981 | BV4: -0.081678107 | BW4: -0.06856361 | BX4: -0.019831985 | BY4: -0.061186798 | BZ4: -0.070581049 | CA4: -0.072609454 | CB4: -0.088862821 | CC4: -0.065672167 | CD4: -0.070492014 | CE4: -0.089266889 | CF4: -0.019554028 | CG4: -0.038807325 | CH4: -0.026853707 | CI4: -0.023996761 | CJ4: -0.0069834162 | CK4: -0.011856382 | CL4: -0.011220707 | CM4: -0.019751672 | CN4: -0.017389096 | CO4: 0.00091980241 | CP4: -0.027678527 | CQ4: -0.027226128 | CR4: -0.034191106 | CS4: -0.037506074 | CT4: -0.049283858 | CU4: -0.023866469 | CV4: -0.0027314594 | CW4: 0.025829777 | CX4: -0.077818602 | CY4: -0.017143354 | CZ4: 0.0064833509 | DA4: 0.02112148 | DB4: 0.0016250079 | DC4: 0.014495826 | DD4: 0.037542593 | DE4: -0.047325566 | DF4: 0.033347134 | DG4: -0.018042853 | DH4: -0.012872834 | DI4: 0.025734814 | DJ4: 0.014163728 | DK4: -0.03316791 | DL4: -0.021062262 | DM4: 0.014148561 | DN4: -0.019859655 | DO4: -0.038560558 | DP4: 0.052595932 | DQ4: 0.050834373 | DR4: 0.034424391 | DS4: 0.026739173 | DT4: -0.022692034 | DU4: 0.023562549 | DV4: 0.011204046 | DW4: 0.0097593218 | DX4: -0.012008918 | DY4: -0.012910018 | DZ4: 0.014516729 | EA4: 0.020058911 | EB4: 0.052505847 | EC4: 0.032138381 | ED4: -0.0095858695 | EE4: 0.016591379 | EF4: 0.024656091
B5: mom | C5: -0.019821944 | D5: -0.024067564 | E5: -0.0075782482 | F5: 0.038560428 | G5: -0.0070930333 | H5: -0.028790984 | I5: -0.050696284 | J5: -0.0017502174 | K5: -0.0048410315 | L5: -0.025085138 | M5: 0.034981705 | N5: 0.071464717 | O5: 0.049568243 | P5: 0.09211605 | Q5: 0.074587479 | R5: 0.036225241 | S5: 0.06888067 | T5: 0.050580025 | U5: 0.05002277 | V5: 0.065072879 | W5: 0.082305394 | X5: 0.049790494 | Y5: 0.1621349 | Z5: 0.049829394 | AA5: -0.0096141994 | AB5: -0.0094462801 | AC5: -0.015571467 | AD5: -0.005602458 | AE5: 0.024225909 | AF5: 0.064355873 | AG5: 0.06078143 | AH5: 0.028772563 | AI5: 0.042393733 | AJ5: 0.013549104 | AK5: 0.10434017 | AL5: 0.023477694 | AM5: 0.049679872 | AN5: -0.019429741 | AO5: -0.0099202199 | AP5: 0.013758846 | AQ5: -0.0049647922 | AR5: -0.013557843 | AS5: -0.026926255 | AT5: -0.0070274342 | AU5: 0.0095545966 | AV5: 0.039484385 | AW5: 0.010149264 | AX5: 0.027402362 | AY5: 0.036360435 | AZ5: -0.012621585 | BA5: 0.005026157 | BB5: 0.037919752 | BC5: 0.053017329 | BD5: -0.056791071 | BE5: -0.010663942 | BF5: -0.045907319 | BG5: -0.041811094 | BH5: -0.0086124791 | BI5: 0.0057994141 | BJ5: -0.012436195 | BK5: 0.028031733 | BL5: 0.012374575 | BM5: 0.033071969 | BN5: 0.053148314 | BO5: -0.00026408641 | BP5: 0.025249753 | BQ5: 0.016997438 | BR5: 0.039869186 | BS5: 0.014649399 | BT5: -0.0013528261 | BU5: -0.016242431 | BV5: -0.019686919 | BW5: 0.01865354 | BX5: 0.012438855 | BY5: 0.011720257 | BZ5: 0.026449056 | CA5: 0.020457806 | CB5: -0.010790687 | CC5: 0.027279854 | CD5: -0.0028258781 | CE5: -0.039107587 | CF5: 0.026439348 | CG5: -0.013538158 | CH5: 0.033741135 | CI5: -0.018029187 | CJ5: 0.0077282675 | CK5: 0.045171477 | CL5: -0.001433647 | CM5: -0.043408293 | CN5: -0.048494712 | CO5: -0.034412362 | CP5: -0.031831637 | CQ5: -0.029545931 | CR5: -0.046193767 | CS5: -0.02242364 | CT5: 0.027818739 | CU5: 0.034685932 | CV5: 0.020741159 | CW5: 0.039250623 | CX5: 0.02362325 | CY5: 0.020947697 | CZ5: 0.0027976942 | DA5: 0.031392038 | DB5: 0.002502433 | DC5: 0.046531398 | DD5: 0.037525449 | DE5: 0.060277972 | DF5: -0.016737031 | DG5: -0.0095816031 | DH5: 0.023357641 | DI5: -0.041918892 | DJ5: -0.0011311463 | DK5: 0.041163765 | DL5: 0.028391024 | DM5: -0.028915755 | DN5: -0.016116664 | DO5: -0.0044103554 | DP5: -0.028036362 | DQ5: 0.0037302354 | DR5: 0.004896184 | DS5: 0.01518423 | DT5: -0.027093893 | DU5: 0.021577414 | DV5: -0.0016142901 | DW5: -0.0041363826 | DX5: -0.044376425 | DY5: -0.033609867 | DZ5: -0.048759568 | EA5: 0.0057486207 | EB5: 0.0058685942 | EC5: 0.042290993 | ED5: 0.025345668 | EE5: 0.0070743728 | EF5: 0.037159268
A6: 選絕對值最大 | C6: {=MATCH(MAX(ABS(C3:C5)), ABS(C3:C5), 0)} -> 1 | D6: {=MATCH(MAX(ABS(D3:D5)), ABS(D3:D5), 0)} -> 2 | E6: {=MATCH(MAX(ABS(E3:E5)), ABS(E3:E5), 0)} -> 1 | F6: {=MATCH(MAX(ABS(F3:F5)), ABS(F3:F5), 0)} -> 1 | G6: {=MATCH(MAX(ABS(G3:G5)), ABS(G3:G5), 0)} -> 1 | H6: {=MATCH(MAX(ABS(H3:H5)), ABS(H3:H5), 0)} -> 1 | I6: {=MATCH(MAX(ABS(I3:I5)), ABS(I3:I5), 0)} -> 1 | J6: {=MATCH(MAX(ABS(J3:J5)), ABS(J3:J5), 0)} -> 2 | ... EG6: {=MATCH(MAX(ABS(EG3:EG5)), ABS(EG3:EG5), 0)} -> 1
C7: =IF(C6=1,"bm",IF(C6=2,"size",IF(C6=3,"mom"))) -> bm | D7: =IF(D6=1,"bm",IF(D6=2,"size",IF(D6=3,"mom"))) -> size | E7: =IF(E6=1,"bm",IF(E6=2,"size",IF(E6=3,"mom"))) -> bm | F7: =IF(F6=1,"bm",IF(F6=2,"size",IF(F6=3,"mom"))) -> bm | G7: =IF(G6=1,"bm",IF(G6=2,"size",IF(G6=3,"mom"))) -> bm | H7: =IF(H6=1,"bm",IF(H6=2,"size",IF(H6=3,"mom"))) -> bm | I7: =IF(I6=1,"bm",IF(I6=2,"size",IF(I6=3,"mom"))) -> bm | J7: =IF(J6=1,"bm",IF(J6=2,"size",IF(J6=3,"mom"))) -> size | ... EG7: =IF(EG6=1,"bm",IF(EG6=2,"size",IF(EG6=3,"mom"))) -> bm
C8: =IF(C6=1,C3,IF(C6=2,C4,IF(C6=3,C5))) -> 0.040547289 | D8: =IF(D6=1,D3,IF(D6=2,D4,IF(D6=3,D5))) -> -0.04825278 | E8: =IF(E6=1,E3,IF(E6=2,E4,IF(E6=3,E5))) -> -0.051652342 | F8: =IF(F6=1,F3,IF(F6=2,F4,IF(F6=3,F5))) -> -0.054286115 | G8: =IF(G6=1,G3,IF(G6=2,G4,IF(G6=3,G5))) -> -0.057552006 | H8: =IF(H6=1,H3,IF(H6=2,H4,IF(H6=3,H5))) -> -0.076259449 | I8: =IF(I6=1,I3,IF(I6=2,I4,IF(I6=3,I5))) -> -0.10788648 | J8: =IF(J6=1,J3,IF(J6=2,J4,IF(J6=3,J5))) -> -0.032917611 | ... EG8: =IF(EG6=1,EG3,IF(EG6=2,EG4,IF(EG6=3,EG5))) -> 0
A10: 投資組合 | C10: 公司數 | D10: 964
A11: 家數 | B11: 等第 | C11: 2014/01 | D11: 2014/02 | E11: 2014/03 | F11: 2014/04 | G11: 2014/05 | H11: 2014/06 | I11: 2014/07 | J11: 2014/08 | K11: 2014/09 | L11: 2014/10 | M11: 2014/11 | N11: 2014/12 | O11: 2015/01 | P11: 2015/02 | Q11: 2015/03 | R11: 2015/04 | S11: 2015/05 | T11: 2015/06 | U11: 2015/07 | V11: 2015/08 | W11: 2015/09 | X11: 2015/10 | Y11: 2015/11 | Z11: 2015/12 | AA11: 2016/01 | AB11: 2016/02 | AC11: 2016/03 | AD11: 2016/04 | AE11: 2016/05 | AF11: 2016/06 | AG11: 2016/07 | AH11: 2016/08 | AI11: 2016/09 | AJ11: 2016/10 | AK11: 2016/11 | AL11: 2016/12 | AM11: 2017/01 | AN11: 2017/02 | AO11: 2017/03 | AP11: 2017/04 | AQ11: 2017/05 | AR11: 2017/06 | AS11: 2017/07 | AT11: 2017/08 | AU11: 2017/09 | AV11: 2017/10 | AW11: 2017/11 | AX11: 2017/12 | AY11: 2018/01 | AZ11: 2018/02 | BA11: 2018/03 | BB11: 2018/04 | BC11: 2018/05 | BD11: 2018/06 | BE11: 2018/07 | BF11: 2018/08 | BG11: 2018/09 | BH11: 2018/10 | BI11: 2018/11 | BJ11: 2018/12 | BK11: 2019/01 | BL11: 2019/02 | BM11: 2019/03 | BN11: 2019/04 | BO11: 2019/05 | BP11: 2019/06 | BQ11: 2019/07 | BR11: 2019/08 | BS11: 2019/09 | BT11: 2019/10 | BU11: 2019/11 | BV11: 2019/12 | BW11: 2020/01 | BX11: 2020/02 | BY11: 2020/03 | BZ11: 2020/04 | CA11: 2020/05 | CB11: 2020/06 | CC11: 2020/07 | CD11: 2020/08 | CE11: 2020/09 | CF11: 2020/10 | CG11: 2020/11 | CH11: 2020/12 | CI11: 2021/01 | CJ11: 2021/02 | CK11: 2021/03 | CL11: 2021/04 | CM11: 2021/05 | CN11: 2021/06 | CO11: 2021/07 | CP11: 2021/08 | CQ11: 2021/09 | CR11: 2021/10 | CS11: 2021/11 | CT11: 2021/12 | CU11: 2022/01 | CV11: 2022/02 | CW11: 2022/03 | CX11: 2022/04 | CY11: 2022/05 | CZ11: 2022/06 | DA11: 2022/07 | DB11: 2022/08 | DC11: 2022/09 | DD11: 2022/10 | DE11: 2022/11 | DF11: 2022/12 | DG11: 2023/01 | DH11: 2023/02 | DI11: 2023/03 | DJ11: 2023/04 | DK11: 2023/05 | DL11: 2023/06 | DM11: 2023/07 | DN11: 2023/08 | DO11: 2023/09 | DP11: 2023/10 | DQ11: 2023/11 | DR11: 2023/12 | DS11: 2024/01 | DT11: 2024/02 | DU11: 2024/03 | DV11: 2024/04 | DW11: 2024/05 | DX11: 2024/06 | DY11: 2024/07 | DZ11: 2024/08 | EA11: 2024/09 | EB11: 2024/10 | EC11: 2024/11 | ED11: 2024/12 | EE11: 2025/01 | EF11: 2025/02
A12: 96 | B12: 10等分 | C12: 0.047013509 | D12: =C12+預測IC!D12 -> 0.06169206 | E12: =D12+預測IC!E12 -> 0.060298336 | F12: =E12+預測IC!F12 -> 0.11625772 | G12: =F12+預測IC!G12 -> 0.084310272 | H12: =G12+預測IC!H12 -> 0.093909531 | I12: =H12+預測IC!I12 -> 0.10256768 | J12: =I12+預測IC!J12 -> 0.095177889 | K12: =J12+預測IC!K12 -> 0.065989891 | ... EF12: =EE12+預測IC!EF12 -> -0.24504261
A13: 48 | B13: 20等分 | C13: 0.042506118 | D13: =C13+預測IC!D13 -> 0.037049258 | E13: =D13+預測IC!E13 -> 0.031525631 | F13: =E13+預測IC!F13 -> 0.091512158 | G13: =F13+預測IC!G13 -> 0.079464753 | H13: =G13+預測IC!H13 -> 0.09685314 | I13: =H13+預測IC!I13 -> 0.064567149 | J13: =I13+預測IC!J13 -> 0.04156674 | K13: =J13+預測IC!K13 -> -0.018759399 | ... EF13: =EE13+預測IC!EF13 -> -0.40958434
A14: 19 | B14: 50等分 | C14: -0.037017512 | D14: =C14+預測IC!D14 -> -0.17866116 | E14: =D14+預測IC!E14 -> -0.22658191 | F14: =E14+預測IC!F14 -> -0.16624 | G14: =F14+預測IC!G14 -> -0.21989663 | H14: =G14+預測IC!H14 -> -0.23140489 | I14: =H14+預測IC!I14 -> -0.26150503 | J14: =I14+預測IC!J14 -> -0.3067366 | K14: =J14+預測IC!K14 -> -0.35756407 | ... EF14: =EE14+預測IC!EF14 -> -1.2224366
A15: 10 | B15: 100等分 | C15: -0.096503142 | D15: =C15+預測IC!D15 -> -0.36953801 | E15: =D15+預測IC!E15 -> -0.46488262 | F15: =E15+預測IC!F15 -> -0.49980406 | G15: =F15+預測IC!G15 -> -0.53420798 | H15: =G15+預測IC!H15 -> -0.5354517 | I15: =H15+預測IC!I15 -> -0.61474479 | J15: =I15+預測IC!J15 -> -0.676866 | K15: =J15+預測IC!K15 -> -0.7713808 | ... EF15: =EE15+預測IC!EF15 -> -1.39364
A16: 9 | B16: 107等分 | C16: -0.027383645 | D16: =C16+預測IC!D16 -> -0.26172162 | E16: =D16+預測IC!E16 -> -0.34842579 | F16: =E16+預測IC!F16 -> -0.42714126 | G16: =F16+預測IC!G16 -> -0.43528782 | H16: =G16+預測IC!H16 -> -0.43593717 | I16: =H16+預測IC!I16 -> -0.54515513 | J16: =I16+預測IC!J16 -> -0.61825977 | K16: =J16+預測IC!K16 -> -0.70468066 | ... EF16: =EE16+預測IC!EF16 -> -1.5022495
A17: 8 | B17: 120等分 | C17: -0.041028984 | D17: =C17+預測IC!D17 -> -0.20957635 | E17: =D17+預測IC!E17 -> -0.30624746 | F17: =E17+預測IC!F17 -> -0.38699962 | G17: =F17+預測IC!G17 -> -0.49238669 | H17: =G17+預測IC!H17 -> -0.48444384 | I17: =H17+預測IC!I17 -> -0.59752136 | J17: =I17+預測IC!J17 -> -0.64580831 | K17: =J17+預測IC!K17 -> -0.74736839 | ... EF17: =EE17+預測IC!EF17 -> -1.4508466
A18: 7 | B18: 137等分 | C18: -0.053942228 | D18: =C18+預測IC!D18 -> -0.23796112 | E18: =D18+預測IC!E18 -> -0.33843674 | F18: =E18+預測IC!F18 -> -0.4578197 | G18: =F18+預測IC!G18 -> -0.56613607 | H18: =G18+預測IC!H18 -> -0.55751385 | I18: =H18+預測IC!I18 -> -0.6861404 | J18: =I18+預測IC!J18 -> -0.77731363 | K18: =J18+預測IC!K18 -> -0.91296152 | ... EF18: =EE18+預測IC!EF18 -> -1.3146866
A19: 6 | B19: 160等分 | C19: -0.077959416 | D19: =C19+預測IC!D19 -> -0.29750228 | E19: =D19+預測IC!E19 -> -0.43808596 | F19: =E19+預測IC!F19 -> -0.61577462 | G19: =F19+預測IC!G19 -> -0.71184059 | H19: =G19+預測IC!H19 -> -0.72390938 | I19: =H19+預測IC!I19 -> -0.85802156 | J19: =I19+預測IC!J19 -> -0.96945881 | K19: =J19+預測IC!K19 -> -1.2082482 | ... EF19: =EE19+預測IC!EF19 -> -1.6849264
A20: 5 | B20: 192等分 | C20: -0.1393246 | D20: =C20+預測IC!D20 -> -0.361911 | E20: =D20+預測IC!E20 -> -0.5080359 | F20: =E20+預測IC!F20 -> -0.71356717 | G20: =F20+預測IC!G20 -> -0.83075031 | H20: =G20+預測IC!H20 -> -0.81916728 | I20: =H20+預測IC!I20 -> -1.0050305 | J20: =I20+預測IC!J20 -> -1.1523186 | K20: =J20+預測IC!K20 -> -1.3670431 | ... EF20: =EE20+預測IC!EF20 -> -2.6912655
A21: 4 | B21: 241等分 | C21: -0.19764916 | D21: =C21+預測IC!D21 -> -0.52265745 | E21: =D21+預測IC!E21 -> -0.566375 | F21: =E21+預測IC!F21 -> -0.75041358 | G21: =F21+預測IC!G21 -> -0.89425573 | H21: =G21+預測IC!H21 -> -0.93209981 | I21: =H21+預測IC!I21 -> -1.1714229 | J21: =I21+預測IC!J21 -> -1.2619895 | K21: =J21+預測IC!K21 -> -1.4688695 | ... EF21: =EE21+預測IC!EF21 -> -2.3989099
A22: 3 | B22: 321等分 | C22: 0.064235718 | D22: =C22+預測IC!D22 -> -0.35318621 | E22: =D22+預測IC!E22 -> -0.37541662 | F22: =E22+預測IC!F22 -> -0.44324768 | G22: =F22+預測IC!G22 -> -0.54713204 | H22: =G22+預測IC!H22 -> -0.77693759 | I22: =H22+預測IC!I22 -> -1.0313705 | J22: =I22+預測IC!J22 -> -1.1497488 | K22: =J22+預測IC!K22 -> -1.3951147 | ... EF22: =EE22+預測IC!EF22 -> -1.4310992
A23: 2 | B23: 482等分 | C23: -0.034987009 | D23: =C23+預測IC!D23 -> 0.053979613 | E23: =D23+預測IC!E23 -> 0.038918026 | F23: =E23+預測IC!F23 -> -0.14347805 | G23: =F23+預測IC!G23 -> -0.11650648 | H23: =G23+預測IC!H23 -> -0.37931672 | I23: =H23+預測IC!I23 -> -0.63501959 | J23: =I23+預測IC!J23 -> -0.79031341 | K23: =J23+預測IC!K23 -> -0.93292099 | ... EF23: =EE23+預測IC!EF23 -> -0.92102328
A24: 1 | B24: 964等分 | C24: 0.16299314 | D24: =C24+預測IC!D24 -> 0.24498152 | E24: =D24+預測IC!E24 -> 0.32686185 | F24: =E24+預測IC!F24 -> 0.12531613 | G24: =F24+預測IC!G24 -> 0.14793852 | H24: =G24+預測IC!H24 -> -0.20288367 | I24: =H24+預測IC!I24 -> -0.44326992 | J24: =I24+預測IC!J24 -> -0.44730564 | K24: =J24+預測IC!K24 -> -0.49774998 | ... EF24: =EE24+預測IC!EF24 -> 0.63317334
A25: 大盤 | B25: TWII | C25: -0.017446771 | D25: 0.020701061 | E25: 0.023982129 | F25: -0.006557579 | G25: 0.03184513 | H25: 0.034348533 | I25: -0.0082549328 | J25: 0.012843524 | K25: -0.051018525 | L25: 0.00087394274 | M25: 0.023389576 | N25: 0.012988972 | O25: 0.0058545887 | P25: 0.027413207 | Q25: -0.0037129361 | R25: 0.024076614 | S25: -0.012190025 | T25: -0.039749578 | U25: -0.07315545 | V25: -0.05826023 | W25: 0.00077279757 | X25: 0.044591521 | Y25: -0.02769968 | Z25: 0.0020950059 | AA25: -0.023400551 | AB25: 0.032129371 | AC25: 0.038903273 | AD25: -0.042865382 | AE25: 0.018647195 | AF25: 0.015229768 | AG25: 0.036016604 | AH25: 0.0093546114 | AI25: 0.010748251 | AJ25: 0.013357754 | AK25: -0.0053327473 | AL25: 0.0013831358 | AM25: 0.020795928 | AN25: 0.031517702 | AO25: 0.0062417165 | AP25: 0.0061452617 | AQ25: 0.016946358 | AR25: 0.03468283 | AS25: 0.0030985886 | AT25: 0.015081347 | AU25: -0.019251209 | AV25: 0.038711513 | AW25: -0.021856951 | AX25: 0.0077743007 | AY25: 0.042397247 | AZ25: -0.026308975 | BA25: 0.0095717493 | BB25: -0.024249741 | BC25: 0.020163374 | BD25: -0.0035049988 | BE25: 0.020151935 | BF25: 0.00058133623 | BG25: -0.005219701 | BH25: -0.11587176 | BI25: 0.0087252257 | BJ25: -0.016377261 | BK25: 0.020840372 | BL25: 0.044975872 | BM25: 0.023954306 | BN25: 0.030239101 | BO25: -0.043725888 | BP25: 0.02188947 | BQ25: 0.0086274303 | BR25: -0.019192954 | BS25: 0.01973513 | BT25: 0.047694337 | BU25: 0.011454817 | BV25: 0.043228621 | BW25: -0.04274743 | BX25: -0.017811292 | BY25: -0.1511531 | BZ25: 0.124224 | CA25: -0.0045572538 | CB25: 0.06021124 | CC25: 0.085992033 | CD25: -0.0058084796 | CE25: -0.006041347 | CF25: 0.0024523244 | CG25: 0.089636252 | CH25: 0.070992733 | CI25: 0.027170643 | CJ25: 0.052468428 | CK25: 0.029480661 | CL25: 0.066825081 | CM25: -0.028772229 | CN25: 0.039462516 | CO25: -0.029031087 | CP25: 0.013983883 | CQ25: -0.032276965 | CR25: 0.0031035766 | CS25: 0.025591856 | CT25: 0.044391886 | CU25: -0.030338959 | CV25: -0.0012579765 | CW25: 0.0023363565 | CX25: -0.064264145 | CY25: 0.012909779 | CZ25: -0.12547709 | DA25: 0.011690683 | DB25: 0.0063378437 | DC25: -0.11730536 | DD25: -0.036010872 | DE25: 0.1389113 | DF25: -0.051143506 | DG25: 0.076731447 | DH25: 0.015508782 | DI25: 0.023223774 | DJ25: -0.018372876 | DK25: 0.062199014 | DL25: 0.020098304 | DM25: 0.01349894 | DN25: -0.030252213 | DO25: -0.017022836 | DP25: -0.021788523 | DQ25: 0.085745625 | DR25: 0.028106744 | DS25: -0.0023031598 | DT25: 0.058471198 | DU25: 0.067658949 | DV25: 0.0050207706 | DW25: 0.037416184 | DX25: 0.084111004 | DY25: -0.036832399 | DZ25: 0.0030917028 | EA25: -0.0019576282 | EB25: 0.026459104 | EC25: -0.024752539 | ED25: 0.034115491 | EE25: 0.021061974 | EF25: -0.020277393

Sheet LSTM再投資累積報酬
A1: LSTM
B2: Time | C2: 2013/12 | D2: 2014/01 | E2: 2014/02 | F2: 2014/03 | G2: 2014/04 | H2: 2014/05 | I2: 2014/06 | J2: 2014/07 | K2: 2014/08 | L2: 2014/09 | M2: 2014/10 | N2: 2014/11 | O2: 2014/12 | P2: 2015/01 | Q2: 2015/02 | R2: 2015/03 | S2: 2015/04 | T2: 2015/05 | U2: 2015/06 | V2: 2015/07 | W2: 2015/08 | X2: 2015/09 | Y2: 2015/10 | Z2: 2015/11 | AA2: 2015/12 | AB2: 2016/01 | AC2: 2016/02 | AD2: 2016/03 | AE2: 2016/04 | AF2: 2016/05 | AG2: 2016/06 | AH2: 2016/07 | AI2: 2016/08 | AJ2: 2016/09 | AK2: 2016/10 | AL2: 2016/11 | AM2: 2016/12 | AN2: 2017/01 | AO2: 2017/02 | AP2: 2017/03 | AQ2: 2017/04 | AR2: 2017/05 | AS2: 2017/06 | AT2: 2017/07 | AU2: 2017/08 | AV2: 2017/09 | AW2: 2017/10 | AX2: 2017/11 | AY2: 2017/12 | AZ2: 2018/01 | BA2: 2018/02 | BB2: 2018/03 | BC2: 2018/04 | BD2: 2018/05 | BE2: 2018/06 | BF2: 2018/07 | BG2: 2018/08 | BH2: 2018/09 | BI2: 2018/10 | BJ2: 2018/11 | BK2: 2018/12 | BL2: 2019/01 | BM2: 2019/02 | BN2: 2019/03 | BO2: 2019/04 | BP2: 2019/05 | BQ2: 2019/06 | BR2: 2019/07 | BS2: 2019/08 | BT2: 2019/09 | BU2: 2019/10 | BV2: 2019/11 | BW2: 2019/12 | BX2: 2020/01 | BY2: 2020/02 | BZ2: 2020/03 | CA2: 2020/04 | CB2: 2020/05 | CC2: 2020/06 | CD2: 2020/07 | CE2: 2020/08 | CF2: 2020/09 | CG2: 2020/10 | CH2: 2020/11 | CI2: 2020/12 | CJ2: 2021/01 | CK2: 2021/02 | CL2: 2021/03 | CM2: 2021/04 | CN2: 2021/05 | CO2: 2021/06 | CP2: 2021/07 | CQ2: 2021/08 | CR2: 2021/09 | CS2: 2021/10 | CT2: 2021/11 | CU2: 2021/12 | CV2: 2022/01 | CW2: 2022/02 | CX2: 2022/03 | CY2: 2022/04 | CZ2: 2022/05 | DA2: 2022/06 | DB2: 2022/07 | DC2: 2022/08 | DD2: 2022/09 | DE2: 2022/10 | DF2: 2022/11 | DG2: 2022/12 | DH2: 2023/01 | DI2: 2023/02 | DJ2: 2023/03 | DK2: 2023/04 | DL2: 2023/05 | DM2: 2023/06 | DN2: 2023/07 | DO2: 2023/08 | DP2: 2023/09 | DQ2: 2023/10 | DR2: 2023/11 | DS2: 2023/12 | DT2: 2024/01 | DU2: 2024/02 | DV2: 2024/03 | DW2: 2024/04 | DX2: 2024/05 | DY2: 2024/06 | DZ2: 2024/07 | EA2: 2024/08 | EB2: 2024/09 | EC2: 2024/10 | ED2: 2024/11 | EE2: 2024/12 | EF2: 2025/01 | EG2: 2025/02
B3: bm | C3: 0.040547289 | D3: 0.014746175 | E3: -0.051652342 | F3: -0.054286115 | G3: -0.057552006 | H3: -0.076259449 | I3: -0.10788648 | J3: 0.013737112 | K3: -0.059229229 | L3: -0.10780369 | M3: 0.024141319 | N3: -0.13467413 | O3: -0.0079268562 | P3: -0.075651743 | Q3: -0.08644776 | R3: -0.0030133345 | S3: -0.040853243 | T3: -0.032101776 | U3: -0.10543977 | V3: -0.045746464 | W3: -0.0068120561 | X3: 0.09770143 | Y3: 0.061205495 | Z3: 0.016075654 | AA3: -0.012703552 | AB3: -0.010262255 | AC3: 0.029340141 | AD3: -0.0058081243 | AE3: 0.011994774 | AF3: 0.039971381 | AG3: -0.012103247 | AH3: 0.022090664 | AI3: 0.021936081 | AJ3: 0.025844747 | AK3: -0.0023109075 | AL3: -0.020252099 | AM3: 0.022393657 | AN3: -0.0035141658 | AO3: -0.029745672 | AP3: -0.026837837 | AQ3: -0.021697119 | AR3: 0.023448717 | AS3: 0.015802857 | AT3: 0.066039756 | AU3: 0.062266789 | AV3: 0.057940513 | AW3: 0.10639411 | AX3: -0.0057518133 | AY3: 0.003456265 | AZ3: 0.08603631 | BA3: 0.10234847 | BB3: 0.063502729 | BC3: 0.048442636 | BD3: 0.077497914 | BE3: 0.027031764 | BF3: 0.021175273 | BG3: -0.012267982 | BH3: 0.051240973 | BI3: 0.055158429 | BJ3: 0.086648971 | BK3: 0.081092678 | BL3: 0.057930887 | BM3: 0.014249544 | BN3: -0.0046854224 | BO3: 0.04586114 | BP3: 0.086037964 | BQ3: 0.14414221 | BR3: 0.037985831 | BS3: 0.081880234 | BT3: 0.043688308 | BU3: 0.10545724 | BV3: 0.11753765 | BW3: 0.092942402 | BX3: 0.035637498 | BY3: 0.04292509 | BZ3: 0.098455094 | CA3: 0.018217886 | CB3: 0.019438757 | CC3: -0.0050573386 | CD3: -0.057951014 | CE3: -0.011938484 | CF3: 0.0064156759 | CG3: 0.0056247138 | CH3: 0.058184978 | CI3: 0.012768986 | CJ3: -0.080891326 | CK3: 0.073738843 | CL3: 0.067692369 | CM3: -0.018292543 | CN3: 0.0046888106 | CO3: -0.012873714 | CP3: -0.052108333 | CQ3: -0.072693914 | CR3: -0.060804408 | CS3: 0.015148262 | CT3: -0.063390315 | CU3: -0.06107983 | CV3: -0.021700332 | CW3: -0.060720678 | CX3: -0.040655192 | CY3: -0.045480587 | CZ3: -0.069138072 | DA3: -0.089778468 | DB3: -0.065274872 | DC3: -0.013747443 | DD3: -0.059340179 | DE3: -0.0029697688 | DF3: 0.02926687 | DG3: -0.024713881 | DH3: -0.035376154 | DI3: -0.027640743 | DJ3: -0.0057575447 | DK3: -0.048771854 | DL3: -0.011303868 | DM3: -0.049678039 | DN3: -0.012807783 | DO3: -0.01587224 | DP3: -0.0075895861 | DQ3: 0.040078633 | DR3: -0.01592231 | DS3: 0.023432238 | DT3: -0.053663064 | DU3: -0.044161681 | DV3: -0.023813089 | DW3: 0.025176367 | DX3: -0.032621369 | DY3: 0.013060666 | DZ3: -0.047912493 | EA3: 0.014760353 | EB3: -0.029227724 | EC3: -0.035695001 | ED3: -0.052812476 | EE3: -0.013054582 | EF3: -0.069071874
B4: size | C4: -0.018580828 | D4: -0.04825278 | E4: 0.0078275679 | F4: -0.026776634 | G4: 0.016258875 | H4: -0.0087667406 | I4: -0.0070548905 | J4: -0.032917611 | K4: 0.0073888558 | L4: 0.035096999 | M4: -0.019348426 | N4: -0.012498206 | O4: -0.067216232 | P4: -0.027688211 | Q4: -0.059864789 | R4: -0.077407129 | S4: -0.083726525 | T4: -0.059324656 | U4: -0.0023863558 | V4: 0.0046488689 | W4: -0.074044973 | X4: -0.098803863 | Y4: -0.091002114 | Z4: -0.068004087 | AA4: -0.086181231 | AB4: -0.088893928 | AC4: -0.01658844 | AD4: 0.063448824 | AE4: -0.059580553 | AF4: 0.0010961501 | AG4: 0.028850742 | AH4: 0.029070802 | AI4: -0.01015707 | AJ4: 0.044545107 | AK4: -0.01327528 | AL4: 0.014735002 | AM4: 0.0052847122 | AN4: 0.047137059 | AO4: 0.007465574 | AP4: 0.0046993392 | AQ4: 0.020851189 | AR4: 0.054104723 | AS4: -0.0056461818 | AT4: 0.00404533 | AU4: 0.02062845 | AV4: 0.021113886 | AW4: -0.041878089 | AX4: 0.015781458 | AY4: -0.02299829 | AZ4: 0.0058780294 | BA4: -0.021811418 | BB4: -0.076676466 | BC4: 0.010045491 | BD4: -0.047882307 | BE4: -0.06855423 | BF4: -0.082745306 | BG4: -0.12042424 | BH4: -0.10103763 | BI4: -0.039490096 | BJ4: -0.064256303 | BK4: -0.14447127 | BL4: -0.11201132 | BM4: -0.03482601 | BN4: -0.085986465 | BO4: -0.070973977 | BP4: -0.034846526 | BQ4: -0.020351751 | BR4: -0.023155609 | BS4: -0.032191597 | BT4: -0.068826571 | BU4: -0.092764981 | BV4: -0.081678107 | BW4: -0.06856361 | BX4: -0.019831985 | BY4: -0.061186798 | BZ4: -0.070581049 | CA4: -0.072609454 | CB4: -0.088862821 | CC4: -0.065672167 | CD4: -0.070492014 | CE4: -0.089266889 | CF4: -0.019554028 | CG4: -0.038807325 | CH4: -0.026853707 | CI4: -0.023996761 | CJ4: -0.0069834162 | CK4: -0.011856382 | CL4: -0.011220707 | CM4: -0.019751672 | CN4: -0.017389096 | CO4: 0.00091980241 | CP4: -0.027678527 | CQ4: -0.027226128 | CR4: -0.034191106 | CS4: -0.037506074 | CT4: -0.049283858 | CU4: -0.023866469 | CV4: -0.0027314594 | CW4: 0.025829777 | CX4: -0.077818602 | CY4: -0.017143354 | CZ4: 0.0064833509 | DA4: 0.02112148 | DB4: 0.0016250079 | DC4: 0.014495826 | DD4: 0.037542593 | DE4: -0.047325566 | DF4: 0.033347134 | DG4: -0.018042853 | DH4: -0.012872834 | DI4: 0.025734814 | DJ4: 0.014163728 | DK4: -0.03316791 | DL4: -0.021062262 | DM4: 0.014148561 | DN4: -0.019859655 | DO4: -0.038560558 | DP4: 0.052595932 | DQ4: 0.050834373 | DR4: 0.034424391 | DS4: 0.026739173 | DT4: -0.022692034 | DU4: 0.023562549 | DV4: 0.011204046 | DW4: 0.0097593218 | DX4: -0.012008918 | DY4: -0.012910018 | DZ4: 0.014516729 | EA4: 0.020058911 | EB4: 0.052505847 | EC4: 0.032138381 | ED4: -0.0095858695 | EE4: 0.016591379 | EF4: 0.024656091
B5: mom | C5: -0.019821944 | D5: -0.024067564 | E5: -0.0075782482 | F5: 0.038560428 | G5: -0.0070930333 | H5: -0.028790984 | I5: -0.050696284 | J5: -0.0017502174 | K5: -0.0048410315 | L5: -0.025085138 | M5: 0.034981705 | N5: 0.071464717 | O5: 0.049568243 | P5: 0.09211605 | Q5: 0.074587479 | R5: 0.036225241 | S5: 0.06888067 | T5: 0.050580025 | U5: 0.05002277 | V5: 0.065072879 | W5: 0.082305394 | X5: 0.049790494 | Y5: 0.1621349 | Z5: 0.049829394 | AA5: -0.0096141994 | AB5: -0.0094462801 | AC5: -0.015571467 | AD5: -0.005602458 | AE5: 0.024225909 | AF5: 0.064355873 | AG5: 0.06078143 | AH5: 0.028772563 | AI5: 0.042393733 | AJ5: 0.013549104 | AK5: 0.10434017 | AL5: 0.023477694 | AM5: 0.049679872 | AN5: -0.019429741 | AO5: -0.0099202199 | AP5: 0.013758846 | AQ5: -0.0049647922 | AR5: -0.013557843 | AS5: -0.026926255 | AT5: -0.0070274342 | AU5: 0.0095545966 | AV5: 0.039484385 | AW5: 0.010149264 | AX5: 0.027402362 | AY5: 0.036360435 | AZ5: -0.012621585 | BA5: 0.005026157 | BB5: 0.037919752 | BC5: 0.053017329 | BD5: -0.056791071 | BE5: -0.010663942 | BF5: -0.045907319 | BG5: -0.041811094 | BH5: -0.0086124791 | BI5: 0.0057994141 | BJ5: -0.012436195 | BK5: 0.028031733 | BL5: 0.012374575 | BM5: 0.033071969 | BN5: 0.053148314 | BO5: -0.00026408641 | BP5: 0.025249753 | BQ5: 0.016997438 | BR5: 0.039869186 | BS5: 0.014649399 | BT5: -0.0013528261 | BU5: -0.016242431 | BV5: -0.019686919 | BW5: 0.01865354 | BX5: 0.012438855 | BY5: 0.011720257 | BZ5: 0.026449056 | CA5: 0.020457806 | CB5: -0.010790687 | CC5: 0.027279854 | CD5: -0.0028258781 | CE5: -0.039107587 | CF5: 0.026439348 | CG5: -0.013538158 | CH5: 0.033741135 | CI5: -0.018029187 | CJ5: 0.0077282675 | CK5: 0.045171477 | CL5: -0.001433647 | CM5: -0.043408293 | CN5: -0.048494712 | CO5: -0.034412362 | CP5: -0.031831637 | CQ5: -0.029545931 | CR5: -0.046193767 | CS5: -0.02242364 | CT5: 0.027818739 | CU5: 0.034685932 | CV5: 0.020741159 | CW5: 0.039250623 | CX5: 0.02362325 | CY5: 0.020947697 | CZ5: 0.0027976942 | DA5: 0.031392038 | DB5: 0.002502433 | DC5: 0.046531398 | DD5: 0.037525449 | DE5: 0.060277972 | DF5: -0.016737031 | DG5: -0.0095816031 | DH5: 0.023357641 | DI5: -0.041918892 | DJ5: -0.0011311463 | DK5: 0.041163765 | DL5: 0.028391024 | DM5: -0.028915755 | DN5: -0.016116664 | DO5: -0.0044103554 | DP5: -0.028036362 | DQ5: 0.0037302354 | DR5: 0.004896184 | DS5: 0.01518423 | DT5: -0.027093893 | DU5: 0.021577414 | DV5: -0.0016142901 | DW5: -0.0041363826 | DX5: -0.044376425 | DY5: -0.033609867 | DZ5: -0.048759568 | EA5: 0.0057486207 | EB5: 0.0058685942 | EC5: 0.042290993 | ED5: 0.025345668 | EE5: 0.0070743728 | EF5: 0.037159268
A6: 選絕對值最大 | C6: {=MATCH(MAX(ABS(C3:C5)), ABS(C3:C5), 0)} -> 1 | D6: {=MATCH(MAX(ABS(D3:D5)), ABS(D3:D5), 0)} -> 2 | E6: {=MATCH(MAX(ABS(E3:E5)), ABS(E3:E5), 0)} -> 1 | F6: {=MATCH(MAX(ABS(F3:F5)), ABS(F3:F5), 0)} -> 1 | G6: {=MATCH(MAX(ABS(G3:G5)), ABS(G3:G5), 0)} -> 1 | H6: {=MATCH(MAX(ABS(H3:H5)), ABS(H3:H5), 0)} -> 1 | I6: {=MATCH(MAX(ABS(I3:I5)), ABS(I3:I5), 0)} -> 1 | J6: {=MATCH(MAX(ABS(J3:J5)), ABS(J3:J5), 0)} -> 2 | ... EG6: {=MATCH(MAX(ABS(EG3:EG5)), ABS(EG3:EG5), 0)} -> 1
C7: =IF(C6=1,"bm",IF(C6=2,"size",IF(C6=3,"mom"))) -> bm | D7: =IF(D6=1,"bm",IF(D6=2,"size",IF(D6=3,"mom"))) -> size | E7: =IF(E6=1,"bm",IF(E6=2,"size",IF(E6=3,"mom"))) -> bm | F7: =IF(F6=1,"bm",IF(F6=2,"size",IF(F6=3,"mom"))) -> bm | G7: =IF(G6=1,"bm",IF(G6=2,"size",IF(G6=3,"mom"))) -> bm | H7: =IF(H6=1,"bm",IF(H6=2,"size",IF(H6=3,"mom"))) -> bm | I7: =IF(I6=1,"bm",IF(I6=2,"size",IF(I6=3,"mom"))) -> bm | J7: =IF(J6=1,"bm",IF(J6=2,"size",IF(J6=3,"mom"))) -> size | ... EG7: =IF(EG6=1,"bm",IF(EG6=2,"size",IF(EG6=3,"mom"))) -> bm
C8: =IF(C6=1,C3,IF(C6=2,C4,IF(C6=3,C5))) -> 0.040547289 | D8: =IF(D6=1,D3,IF(D6=2,D4,IF(D6=3,D5))) -> -0.04825278 | E8: =IF(E6=1,E3,IF(E6=2,E4,IF(E6=3,E5))) -> -0.051652342 | F8: =IF(F6=1,F3,IF(F6=2,F4,IF(F6=3,F5))) -> -0.054286115 | G8: =IF(G6=1,G3,IF(G6=2,G4,IF(G6=3,G5))) -> -0.057552006 | H8: =IF(H6=1,H3,IF(H6=2,H4,IF(H6=3,H5))) -> -0.076259449 | I8: =IF(I6=1,I3,IF(I6=2,I4,IF(I6=3,I5))) -> -0.10788648 | J8: =IF(J6=1,J3,IF(J6=2,J4,IF(J6=3,J5))) -> -0.032917611 | ... EG8: =IF(EG6=1,EG3,IF(EG6=2,EG4,IF(EG6=3,EG5))) -> 0
A10: 投資組合 | C10: 公司數 | D10: 964
A11: 家數 | B11: 等第 | C11: 2014/01 | D11: 2014/02 | E11: 2014/03 | F11: 2014/04 | G11: 2014/05 | H11: 2014/06 | I11: 2014/07 | J11: 2014/08 | K11: 2014/09 | L11: 2014/10 | M11: 2014/11 | N11: 2014/12 | O11: 2015/01 | P11: 2015/02 | Q11: 2015/03 | R11: 2015/04 | S11: 2015/05 | T11: 2015/06 | U11: 2015/07 | V11: 2015/08 | W11: 2015/09 | X11: 2015/10 | Y11: 2015/11 | Z11: 2015/12 | AA11: 2016/01 | AB11: 2016/02 | AC11: 2016/03 | AD11: 2016/04 | AE11: 2016/05 | AF11: 2016/06 | AG11: 2016/07 | AH11: 2016/08 | AI11: 2016/09 | AJ11: 2016/10 | AK11: 2016/11 | AL11: 2016/12 | AM11: 2017/01 | AN11: 2017/02 | AO11: 2017/03 | AP11: 2017/04 | AQ11: 2017/05 | AR11: 2017/06 | AS11: 2017/07 | AT11: 2017/08 | AU11: 2017/09 | AV11: 2017/10 | AW11: 2017/11 | AX11: 2017/12 | AY11: 2018/01 | AZ11: 2018/02 | BA11: 2018/03 | BB11: 2018/04 | BC11: 2018/05 | BD11: 2018/06 | BE11: 2018/07 | BF11: 2018/08 | BG11: 2018/09 | BH11: 2018/10 | BI11: 2018/11 | BJ11: 2018/12 | BK11: 2019/01 | BL11: 2019/02 | BM11: 2019/03 | BN11: 2019/04 | BO11: 2019/05 | BP11: 2019/06 | BQ11: 2019/07 | BR11: 2019/08 | BS11: 2019/09 | BT11: 2019/10 | BU11: 2019/11 | BV11: 2019/12 | BW11: 2020/01 | BX11: 2020/02 | BY11: 2020/03 | BZ11: 2020/04 | CA11: 2020/05 | CB11: 2020/06 | CC11: 2020/07 | CD11: 2020/08 | CE11: 2020/09 | CF11: 2020/10 | CG11: 2020/11 | CH11: 2020/12 | CI11: 2021/01 | CJ11: 2021/02 | CK11: 2021/03 | CL11: 2021/04 | CM11: 2021/05 | CN11: 2021/06 | CO11: 2021/07 | CP11: 2021/08 | CQ11: 2021/09 | CR11: 2021/10 | CS11: 2021/11 | CT11: 2021/12 | CU11: 2022/01 | CV11: 2022/02 | CW11: 2022/03 | CX11: 2022/04 | CY11: 2022/05 | CZ11: 2022/06 | DA11: 2022/07 | DB11: 2022/08 | DC11: 2022/09 | DD11: 2022/10 | DE11: 2022/11 | DF11: 2022/12 | DG11: 2023/01 | DH11: 2023/02 | DI11: 2023/03 | DJ11: 2023/04 | DK11: 2023/05 | DL11: 2023/06 | DM11: 2023/07 | DN11: 2023/08 | DO11: 2023/09 | DP11: 2023/10 | DQ11: 2023/11 | DR11: 2023/12 | DS11: 2024/01 | DT11: 2024/02 | DU11: 2024/03 | DV11: 2024/04 | DW11: 2024/05 | DX11: 2024/06 | DY11: 2024/07 | DZ11: 2024/08 | EA11: 2024/09 | EB11: 2024/10 | EC11: 2024/11 | ED11: 2024/12 | EE11: 2025/01 | EF11: 2025/02
A12: 96 | B12: 10等分 | C12: {=PRODUCT(1 + 預測IC!$C12:C12) - 1} -> 0.014499247 | D12: {=PRODUCT(1 + 預測IC!$C12:D12) - 1} -> 0.029390626 | E12: {=PRODUCT(1 + 預測IC!$C12:E12) - 1} -> 0.027955939 | F12: {=PRODUCT(1 + 預測IC!$C12:F12) - 1} -> 0.085479721 | G12: {=PRODUCT(1 + 預測IC!$C12:G12) - 1} -> 0.050801414 | H12: {=PRODUCT(1 + 預測IC!$C12:H12) - 1} -> 0.060888328 | I12: {=PRODUCT(1 + 預測IC!$C12:I12) - 1} -> 0.070073661 | J12: {=PRODUCT(1 + 預測IC!$C12:J12) - 1} -> 0.062166037 | ... EF12: {=PRODUCT(1 + 預測IC!$C12:EF12) - 1} -> -0.31256769
A13: 48 | B13: 20等分 | C13: {=PRODUCT(1 + 預測IC!$C13:C13) - 1} -> -0.0074773642 | D13: {=PRODUCT(1 + 預測IC!$C13:D13) - 1} -> -0.012893421 | E13: {=PRODUCT(1 + 預測IC!$C13:E13) - 1} -> -0.01834583 | F13: {=PRODUCT(1 + 預測IC!$C13:F13) - 1} -> 0.040540195 | G13: {=PRODUCT(1 + 預測IC!$C13:G13) - 1} -> 0.028004386 | H13: {=PRODUCT(1 + 預測IC!$C13:H13) - 1} -> 0.045879724 | I13: {=PRODUCT(1 + 預測IC!$C13:I13) - 1} -> 0.01211246 | J13: {=PRODUCT(1 + 預測IC!$C13:J13) - 1} -> -0.01116654 | ... EF13: {=PRODUCT(1 + 預測IC!$C13:EF13) - 1} -> -0.44869419
A14: 19 | B14: 50等分 | C14: {=PRODUCT(1 + 預測IC!$C14:C14) - 1} -> -0.033228978 | D14: {=PRODUCT(1 + 預測IC!$C14:D14) - 1} -> -0.17016595 | E14: {=PRODUCT(1 + 預測IC!$C14:E14) - 1} -> -0.20993222 | F14: {=PRODUCT(1 + 預測IC!$C14:F14) - 1} -> -0.16225802 | G14: {=PRODUCT(1 + 預測IC!$C14:G14) - 1} -> -0.20720844 | H14: {=PRODUCT(1 + 預測IC!$C14:H14) - 1} -> -0.21633209 | I14: {=PRODUCT(1 + 預測IC!$C14:I14) - 1} -> -0.2399206 | J14: {=PRODUCT(1 + 預測IC!$C14:J14) - 1} -> -0.27430019 | ... EF14: {=PRODUCT(1 + 預測IC!$C14:EF14) - 1} -> -0.7831241
A15: 10 | B15: 100等分 | C15: {=PRODUCT(1 + 預測IC!$C15:C15) - 1} -> -0.036350225 | D15: {=PRODUCT(1 + 預測IC!$C15:D15) - 1} -> -0.29946022 | E15: {=PRODUCT(1 + 預測IC!$C15:E15) - 1} -> -0.36625291 | F15: {=PRODUCT(1 + 預測IC!$C15:F15) - 1} -> -0.38838427 | G15: {=PRODUCT(1 + 預測IC!$C15:G15) - 1} -> -0.40942625 | H15: {=PRODUCT(1 + 預測IC!$C15:H15) - 1} -> -0.41016076 | I15: {=PRODUCT(1 + 預測IC!$C15:I15) - 1} -> -0.45693093 | J15: {=PRODUCT(1 + 預測IC!$C15:J15) - 1} -> -0.49066704 | ... EF15: {=PRODUCT(1 + 預測IC!$C15:EF15) - 1} -> -0.85605958
A16: 9 | B16: 107等分 | C16: {=PRODUCT(1 + 預測IC!$C16:C16) - 1} -> -0.03943539 | D16: {=PRODUCT(1 + 預測IC!$C16:D16) - 1} -> -0.26453216 | E16: {=PRODUCT(1 + 預測IC!$C16:E16) - 1} -> -0.32830029 | F16: {=PRODUCT(1 + 預測IC!$C16:F16) - 1} -> -0.38117345 | G16: {=PRODUCT(1 + 預測IC!$C16:G16) - 1} -> -0.38621475 | H16: {=PRODUCT(1 + 預測IC!$C16:H16) - 1} -> -0.38661331 | I16: {=PRODUCT(1 + 預測IC!$C16:I16) - 1} -> -0.45360616 | J16: {=PRODUCT(1 + 預測IC!$C16:J16) - 1} -> -0.49355008 | ... EF16: {=PRODUCT(1 + 預測IC!$C16:EF16) - 1} -> -0.88595667
A17: 8 | B17: 120等分 | C17: {=PRODUCT(1 + 預測IC!$C17:C17) - 1} -> -0.038913469 | D17: {=PRODUCT(1 + 預測IC!$C17:D17) - 1} -> -0.20090207 | E17: {=PRODUCT(1 + 預測IC!$C17:E17) - 1} -> -0.27815175 | F17: {=PRODUCT(1 + 預測IC!$C17:F17) - 1} -> -0.33644256 | G17: {=PRODUCT(1 + 預測IC!$C17:G17) - 1} -> -0.40637294 | H17: {=PRODUCT(1 + 預測IC!$C17:H17) - 1} -> -0.40165784 | I17: {=PRODUCT(1 + 預測IC!$C17:I17) - 1} -> -0.46931689 | J17: {=PRODUCT(1 + 預測IC!$C17:J17) - 1} -> -0.49494196 | ... EF17: {=PRODUCT(1 + 預測IC!$C17:EF17) - 1} -> -0.87510466
A18: 7 | B18: 137等分 | C18: {=PRODUCT(1 + 預測IC!$C18:C18) - 1} -> -0.059146798 | D18: {=PRODUCT(1 + 預測IC!$C18:D18) - 1} -> -0.23228156 | E18: {=PRODUCT(1 + 預測IC!$C18:E18) - 1} -> -0.30941855 | F18: {=PRODUCT(1 + 預測IC!$C18:F18) - 1} -> -0.39186221 | G18: {=PRODUCT(1 + 預測IC!$C18:G18) - 1} -> -0.45773349 | H18: {=PRODUCT(1 + 預測IC!$C18:H18) - 1} -> -0.45305794 | I18: {=PRODUCT(1 + 預測IC!$C18:I18) - 1} -> -0.52340921 | J18: {=PRODUCT(1 + 預測IC!$C18:J18) - 1} -> -0.56686154 | ... EF18: {=PRODUCT(1 + 預測IC!$C18:EF18) - 1} -> -0.87033865
A19: 6 | B19: 160等分 | C19: {=PRODUCT(1 + 預測IC!$C19:C19) - 1} -> -0.07386193 | D19: {=PRODUCT(1 + 預測IC!$C19:D19) - 1} -> -0.27718894 | E19: {=PRODUCT(1 + 預測IC!$C19:E19) - 1} -> -0.37880437 | F19: {=PRODUCT(1 + 預測IC!$C19:F19) - 1} -> -0.48918379 | G19: {=PRODUCT(1 + 預測IC!$C19:G19) - 1} -> -0.53825585 | H19: {=PRODUCT(1 + 預測IC!$C19:H19) - 1} -> -0.54382854 | I19: {=PRODUCT(1 + 預測IC!$C19:I19) - 1} -> -0.60500669 | J19: {=PRODUCT(1 + 預測IC!$C19:J19) - 1} -> -0.64902366 | ... EF19: {=PRODUCT(1 + 預測IC!$C19:EF19) - 1} -> -0.92211778
A20: 5 | B20: 192等分 | C20: {=PRODUCT(1 + 預測IC!$C20:C20) - 1} -> 0.011241332 | D20: {=PRODUCT(1 + 預測IC!$C20:D20) - 1} -> -0.21384723 | E20: {=PRODUCT(1 + 預測IC!$C20:E20) - 1} -> -0.32872373 | F20: {=PRODUCT(1 + 預測IC!$C20:F20) - 1} -> -0.46669199 | G20: {=PRODUCT(1 + 預測IC!$C20:G20) - 1} -> -0.5291867 | H20: {=PRODUCT(1 + 預測IC!$C20:H20) - 1} -> -0.52373325 | I20: {=PRODUCT(1 + 預測IC!$C20:I20) - 1} -> -0.6122537 | J20: {=PRODUCT(1 + 預測IC!$C20:J20) - 1} -> -0.66936413 | ... EF20: {=PRODUCT(1 + 預測IC!$C20:EF20) - 1} -> -0.97504916
A21: 4 | B21: 241等分 | C21: {=PRODUCT(1 + 預測IC!$C21:C21) - 1} -> 0.010384834 | D21: {=PRODUCT(1 + 預測IC!$C21:D21) - 1} -> -0.3179986 | E21: {=PRODUCT(1 + 預測IC!$C21:E21) - 1} -> -0.34781404 | F21: {=PRODUCT(1 + 預測IC!$C21:F21) - 1} -> -0.46784142 | G21: {=PRODUCT(1 + 預測IC!$C21:G21) - 1} -> -0.54438825 | H21: {=PRODUCT(1 + 預測IC!$C21:H21) - 1} -> -0.56163046 | I21: {=PRODUCT(1 + 預測IC!$C21:I21) - 1} -> -0.6665424 | J21: {=PRODUCT(1 + 預測IC!$C21:J21) - 1} -> -0.69674253 | ... EF21: {=PRODUCT(1 + 預測IC!$C21:EF21) - 1} -> -0.97364221
A22: 3 | B22: 321等分 | C22: {=PRODUCT(1 + 預測IC!$C22:C22) - 1} -> 0.025922327 | D22: {=PRODUCT(1 + 預測IC!$C22:D22) - 1} -> -0.40232015 | E22: {=PRODUCT(1 + 預測IC!$C22:E22) - 1} -> -0.41560682 | F22: {=PRODUCT(1 + 預測IC!$C22:F22) - 1} -> -0.45524682 | G22: {=PRODUCT(1 + 預測IC!$C22:G22) - 1} -> -0.51183816 | H22: {=PRODUCT(1 + 預測IC!$C22:H22) - 1} -> -0.62402046 | I22: {=PRODUCT(1 + 預測IC!$C22:I22) - 1} -> -0.71968202 | J22: {=PRODUCT(1 + 預測IC!$C22:J22) - 1} -> -0.75286558 | ... EF22: {=PRODUCT(1 + 預測IC!$C22:EF22) - 1} -> -0.96613404
A23: 2 | B23: 482等分 | C23: {=PRODUCT(1 + 預測IC!$C23:C23) - 1} -> 0.031325685 | D23: {=PRODUCT(1 + 預測IC!$C23:D23) - 1} -> 0.12307925 | E23: {=PRODUCT(1 + 預測IC!$C23:E23) - 1} -> 0.10616389 | F23: {=PRODUCT(1 + 預測IC!$C23:F23) - 1} -> -0.095596061 | G23: {=PRODUCT(1 + 預測IC!$C23:G23) - 1} -> -0.071202868 | H23: {=PRODUCT(1 + 預測IC!$C23:H23) - 1} -> -0.31530027 | I23: {=PRODUCT(1 + 預測IC!$C23:I23) - 1} -> -0.49037995 | J23: {=PRODUCT(1 + 預測IC!$C23:J23) - 1} -> -0.5695208 | ... EF23: {=PRODUCT(1 + 預測IC!$C23:EF23) - 1} -> -0.98645686
A24: 1 | B24: 964等分 | C24: {=PRODUCT(1 + 預測IC!$C24:C24) - 1} -> 0.027766967 | D24: {=PRODUCT(1 + 預測IC!$C24:D24) - 1} -> 0.11203192 | E24: {=PRODUCT(1 + 預測IC!$C24:E24) - 1} -> 0.20308546 | F24: {=PRODUCT(1 + 預測IC!$C24:F24) - 1} -> -0.039391264 | G24: {=PRODUCT(1 + 預測IC!$C24:G24) - 1} -> -0.017659999 | H24: {=PRODUCT(1 + 預測IC!$C24:H24) - 1} -> -0.36228667 | I24: {=PRODUCT(1 + 預測IC!$C24:I24) - 1} -> -0.51558418 | J24: {=PRODUCT(1 + 預測IC!$C24:J24) - 1} -> -0.51753915 | ... EF24: {=PRODUCT(1 + 預測IC!$C24:EF24) - 1} -> -0.99884095
A25: 大盤 | B25: TWII | C25: -0.017446771 | D25: 0.020701061 | E25: 0.023982129 | F25: -0.006557579 | G25: 0.03184513 | H25: 0.034348533 | I25: -0.0082549328 | J25: 0.012843524 | K25: -0.051018525 | L25: 0.00087394274 | M25: 0.023389576 | N25: 0.012988972 | O25: 0.0058545887 | P25: 0.027413207 | Q25: -0.0037129361 | R25: 0.024076614 | S25: -0.012190025 | T25: -0.039749578 | U25: -0.07315545 | V25: -0.05826023 | W25: 0.00077279757 | X25: 0.044591521 | Y25: -0.02769968 | Z25: 0.0020950059 | AA25: -0.023400551 | AB25: 0.032129371 | AC25: 0.038903273 | AD25: -0.042865382 | AE25: 0.018647195 | AF25: 0.015229768 | AG25: 0.036016604 | AH25: 0.0093546114 | AI25: 0.010748251 | AJ25: 0.013357754 | AK25: -0.0053327473 | AL25: 0.0013831358 | AM25: 0.020795928 | AN25: 0.031517702 | AO25: 0.0062417165 | AP25: 0.0061452617 | AQ25: 0.016946358 | AR25: 0.03468283 | AS25: 0.0030985886 | AT25: 0.015081347 | AU25: -0.019251209 | AV25: 0.038711513 | AW25: -0.021856951 | AX25: 0.0077743007 | AY25: 0.042397247 | AZ25: -0.026308975 | BA25: 0.0095717493 | BB25: -0.024249741 | BC25: 0.020163374 | BD25: -0.0035049988 | BE25: 0.020151935 | BF25: 0.00058133623 | BG25: -0.005219701 | BH25: -0.11587176 | BI25: 0.0087252257 | BJ25: -0.016377261 | BK25: 0.020840372 | BL25: 0.044975872 | BM25: 0.023954306 | BN25: 0.030239101 | BO25: -0.043725888 | BP25: 0.02188947 | BQ25: 0.0086274303 | BR25: -0.019192954 | BS25: 0.01973513 | BT25: 0.047694337 | BU25: 0.011454817 | BV25: 0.043228621 | BW25: -0.04274743 | BX25: -0.017811292 | BY25: -0.1511531 | BZ25: 0.124224 | CA25: -0.0045572538 | CB25: 0.06021124 | CC25: 0.085992033 | CD25: -0.0058084796 | CE25: -0.006041347 | CF25: 0.0024523244 | CG25: 0.089636252 | CH25: 0.070992733 | CI25: 0.027170643 | CJ25: 0.052468428 | CK25: 0.029480661 | CL25: 0.066825081 | CM25: -0.028772229 | CN25: 0.039462516 | CO25: -0.029031087 | CP25: 0.013983883 | CQ25: -0.032276965 | CR25: 0.0031035766 | CS25: 0.025591856 | CT25: 0.044391886 | CU25: -0.030338959 | CV25: -0.0012579765 | CW25: 0.0023363565 | CX25: -0.064264145 | CY25: 0.012909779 | CZ25: -0.12547709 | DA25: 0.011690683 | DB25: 0.0063378437 | DC25: -0.11730536 | DD25: -0.036010872 | DE25: 0.1389113 | DF25: -0.051143506 | DG25: 0.076731447 | DH25: 0.015508782 | DI25: 0.023223774 | DJ25: -0.018372876 | DK25: 0.062199014 | DL25: 0.020098304 | DM25: 0.01349894 | DN25: -0.030252213 | DO25: -0.017022836 | DP25: -0.021788523 | DQ25: 0.085745625 | DR25: 0.028106744 | DS25: -0.0023031598 | DT25: 0.058471198 | DU25: 0.067658949 | DV25: 0.0050207706 | DW25: 0.037416184 | DX25: 0.084111004 | DY25: -0.036832399 | DZ25: 0.0030917028 | EA25: -0.0019576282 | EB25: 0.026459104 | EC25: -0.024752539 | ED25: 0.034115491 | EE25: 0.021061974 | EF25: -0.020277393

Sheet LSTM夏普比率
A1: LSTM
B2: Time | C2: 2013/12 | D2: 2014/01 | E2: 2014/02 | F2: 2014/03 | G2: 2014/04 | H2: 2014/05 | I2: 2014/06 | J2: 2014/07 | K2: 2014/08 | L2: 2014/09 | M2: 2014/10 | N2: 2014/11 | O2: 2014/12 | P2: 2015/01 | Q2: 2015/02 | R2: 2015/03 | S2: 2015/04 | T2: 2015/05 | U2: 2015/06 | V2: 2015/07 | W2: 2015/08 | X2: 2015/09 | Y2: 2015/10 | Z2: 2015/11 | AA2: 2015/12 | AB2: 2016/01 | AC2: 2016/02 | AD2: 2016/03 | AE2: 2016/04 | AF2: 2016/05 | AG2: 2016/06 | AH2: 2016/07 | AI2: 2016/08 | AJ2: 2016/09 | AK2: 2016/10 | AL2: 2016/11 | AM2: 2016/12 | AN2: 2017/01 | AO2: 2017/02 | AP2: 2017/03 | AQ2: 2017/04 | AR2: 2017/05 | AS2: 2017/06 | AT2: 2017/07 | AU2: 2017/08 | AV2: 2017/09 | AW2: 2017/10 | AX2: 2017/11 | AY2: 2017/12 | AZ2: 2018/01 | BA2: 2018/02 | BB2: 2018/03 | BC2: 2018/04 | BD2: 2018/05 | BE2: 2018/06 | BF2: 2018/07 | BG2: 2018/08 | BH2: 2018/09 | BI2: 2018/10 | BJ2: 2018/11 | BK2: 2018/12 | BL2: 2019/01 | BM2: 2019/02 | BN2: 2019/03 | BO2: 2019/04 | BP2: 2019/05 | BQ2: 2019/06 | BR2: 2019/07 | BS2: 2019/08 | BT2: 2019/09 | BU2: 2019/10 | BV2: 2019/11 | BW2: 2019/12 | BX2: 2020/01 | BY2: 2020/02 | BZ2: 2020/03 | CA2: 2020/04 | CB2: 2020/05 | CC2: 2020/06 | CD2: 2020/07 | CE2: 2020/08 | CF2: 2020/09 | CG2: 2020/10 | CH2: 2020/11 | CI2: 2020/12 | CJ2: 2021/01 | CK2: 2021/02 | CL2: 2021/03 | CM2: 2021/04 | CN2: 2021/05 | CO2: 2021/06 | CP2: 2021/07 | CQ2: 2021/08 | CR2: 2021/09 | CS2: 2021/10 | CT2: 2021/11 | CU2: 2021/12 | CV2: 2022/01 | CW2: 2022/02 | CX2: 2022/03 | CY2: 2022/04 | CZ2: 2022/05 | DA2: 2022/06 | DB2: 2022/07 | DC2: 2022/08 | DD2: 2022/09 | DE2: 2022/10 | DF2: 2022/11 | DG2: 2022/12 | DH2: 2023/01 | DI2: 2023/02 | DJ2: 2023/03 | DK2: 2023/04 | DL2: 2023/05 | DM2: 2023/06 | DN2: 2023/07 | DO2: 2023/08 | DP2: 2023/09 | DQ2: 2023/10 | DR2: 2023/11 | DS2: 2023/12 | DT2: 2024/01 | DU2: 2024/02 | DV2: 2024/03 | DW2: 2024/04 | DX2: 2024/05 | DY2: 2024/06 | DZ2: 2024/07 | EA2: 2024/08 | EB2: 2024/09 | EC2: 2024/10 | ED2: 2024/11 | EE2: 2024/12 | EF2: 2025/01 | EG2: 2025/02
B3: bm | C3: 0.040547289 | D3: 0.014746175 | E3: -0.051652342 | F3: -0.054286115 | G3: -0.057552006 | H3: -0.076259449 | I3: -0.10788648 | J3: 0.013737112 | K3: -0.059229229 | L3: -0.10780369 | M3: 0.024141319 | N3: -0.13467413 | O3: -0.0079268562 | P3: -0.075651743 | Q3: -0.08644776 | R3: -0.0030133345 | S3: -0.040853243 | T3: -0.032101776 | U3: -0.10543977 | V3: -0.045746464 | W3: -0.0068120561 | X3: 0.09770143 | Y3: 0.061205495 | Z3: 0.016075654 | AA3: -0.012703552 | AB3: -0.010262255 | AC3: 0.029340141 | AD3: -0.0058081243 | AE3: 0.011994774 | AF3: 0.039971381 | AG3: -0.012103247 | AH3: 0.022090664 | AI3: 0.021936081 | AJ3: 0.025844747 | AK3: -0.0023109075 | AL3: -0.020252099 | AM3: 0.022393657 | AN3: -0.0035141658 | AO3: -0.029745672 | AP3: -0.026837837 | AQ3: -0.021697119 | AR3: 0.023448717 | AS3: 0.015802857 | AT3: 0.066039756 | AU3: 0.062266789 | AV3: 0.057940513 | AW3: 0.10639411 | AX3: -0.0057518133 | AY3: 0.003456265 | AZ3: 0.08603631 | BA3: 0.10234847 | BB3: 0.063502729 | BC3: 0.048442636 | BD3: 0.077497914 | BE3: 0.027031764 | BF3: 0.021175273 | BG3: -0.012267982 | BH3: 0.051240973 | BI3: 0.055158429 | BJ3: 0.086648971 | BK3: 0.081092678 | BL3: 0.057930887 | BM3: 0.014249544 | BN3: -0.0046854224 | BO3: 0.04586114 | BP3: 0.086037964 | BQ3: 0.14414221 | BR3: 0.037985831 | BS3: 0.081880234 | BT3: 0.043688308 | BU3: 0.10545724 | BV3: 0.11753765 | BW3: 0.092942402 | BX3: 0.035637498 | BY3: 0.04292509 | BZ3: 0.098455094 | CA3: 0.018217886 | CB3: 0.019438757 | CC3: -0.0050573386 | CD3: -0.057951014 | CE3: -0.011938484 | CF3: 0.0064156759 | CG3: 0.0056247138 | CH3: 0.058184978 | CI3: 0.012768986 | CJ3: -0.080891326 | CK3: 0.073738843 | CL3: 0.067692369 | CM3: -0.018292543 | CN3: 0.0046888106 | CO3: -0.012873714 | CP3: -0.052108333 | CQ3: -0.072693914 | CR3: -0.060804408 | CS3: 0.015148262 | CT3: -0.063390315 | CU3: -0.06107983 | CV3: -0.021700332 | CW3: -0.060720678 | CX3: -0.040655192 | CY3: -0.045480587 | CZ3: -0.069138072 | DA3: -0.089778468 | DB3: -0.065274872 | DC3: -0.013747443 | DD3: -0.059340179 | DE3: -0.0029697688 | DF3: 0.02926687 | DG3: -0.024713881 | DH3: -0.035376154 | DI3: -0.027640743 | DJ3: -0.0057575447 | DK3: -0.048771854 | DL3: -0.011303868 | DM3: -0.049678039 | DN3: -0.012807783 | DO3: -0.01587224 | DP3: -0.0075895861 | DQ3: 0.040078633 | DR3: -0.01592231 | DS3: 0.023432238 | DT3: -0.053663064 | DU3: -0.044161681 | DV3: -0.023813089 | DW3: 0.025176367 | DX3: -0.032621369 | DY3: 0.013060666 | DZ3: -0.047912493 | EA3: 0.014760353 | EB3: -0.029227724 | EC3: -0.035695001 | ED3: -0.052812476 | EE3: -0.013054582 | EF3: -0.069071874
B4: size | C4: -0.018580828 | D4: -0.04825278 | E4: 0.0078275679 | F4: -0.026776634 | G4: 0.016258875 | H4: -0.0087667406 | I4: -0.0070548905 | J4: -0.032917611 | K4: 0.0073888558 | L4: 0.035096999 | M4: -0.019348426 | N4: -0.012498206 | O4: -0.067216232 | P4: -0.027688211 | Q4: -0.059864789 | R4: -0.077407129 | S4: -0.083726525 | T4: -0.059324656 | U4: -0.0023863558 | V4: 0.0046488689 | W4: -0.074044973 | X4: -0.098803863 | Y4: -0.091002114 | Z4: -0.068004087 | AA4: -0.086181231 | AB4: -0.088893928 | AC4: -0.01658844 | AD4: 0.063448824 | AE4: -0.059580553 | AF4: 0.0010961501 | AG4: 0.028850742 | AH4: 0.029070802 | AI4: -0.01015707 | AJ4: 0.044545107 | AK4: -0.01327528 | AL4: 0.014735002 | AM4: 0.0052847122 | AN4: 0.047137059 | AO4: 0.007465574 | AP4: 0.0046993392 | AQ4: 0.020851189 | AR4: 0.054104723 | AS4: -0.0056461818 | AT4: 0.00404533 | AU4: 0.02062845 | AV4: 0.021113886 | AW4: -0.041878089 | AX4: 0.015781458 | AY4: -0.02299829 | AZ4: 0.0058780294 | BA4: -0.021811418 | BB4: -0.076676466 | BC4: 0.010045491 | BD4: -0.047882307 | BE4: -0.06855423 | BF4: -0.082745306 | BG4: -0.12042424 | BH4: -0.10103763 | BI4: -0.039490096 | BJ4: -0.064256303 | BK4: -0.14447127 | BL4: -0.11201132 | BM4: -0.03482601 | BN4: -0.085986465 | BO4: -0.070973977 | BP4: -0.034846526 | BQ4: -0.020351751 | BR4: -0.023155609 | BS4: -0.032191597 | BT4: -0.068826571 | BU4: -0.092764981 | BV4: -0.081678107 | BW4: -0.06856361 | BX4: -0.019831985 | BY4: -0.061186798 | BZ4: -0.070581049 | CA4: -0.072609454 | CB4: -0.088862821 | CC4: -0.065672167 | CD4: -0.070492014 | CE4: -0.089266889 | CF4: -0.019554028 | CG4: -0.038807325 | CH4: -0.026853707 | CI4: -0.023996761 | CJ4: -0.0069834162 | CK4: -0.011856382 | CL4: -0.011220707 | CM4: -0.019751672 | CN4: -0.017389096 | CO4: 0.00091980241 | CP4: -0.027678527 | CQ4: -0.027226128 | CR4: -0.034191106 | CS4: -0.037506074 | CT4: -0.049283858 | CU4: -0.023866469 | CV4: -0.0027314594 | CW4: 0.025829777 | CX4: -0.077818602 | CY4: -0.017143354 | CZ4: 0.0064833509 | DA4: 0.02112148 | DB4: 0.0016250079 | DC4: 0.014495826 | DD4: 0.037542593 | DE4: -0.047325566 | DF4: 0.033347134 | DG4: -0.018042853 | DH4: -0.012872834 | DI4: 0.025734814 | DJ4: 0.014163728 | DK4: -0.03316791 | DL4: -0.021062262 | DM4: 0.014148561 | DN4: -0.019859655 | DO4: -0.038560558 | DP4: 0.052595932 | DQ4: 0.050834373 | DR4: 0.034424391 | DS4: 0.026739173 | DT4: -0.022692034 | DU4: 0.023562549 | DV4: 0.011204046 | DW4: 0.0097593218 | DX4: -0.012008918 | DY4: -0.012910018 | DZ4: 0.014516729 | EA4: 0.020058911 | EB4: 0.052505847 | EC4: 0.032138381 | ED4: -0.0095858695 | EE4: 0.016591379 | EF4: 0.024656091
B5: mom | C5: -0.019821944 | D5: -0.024067564 | E5: -0.0075782482 | F5: 0.038560428 | G5: -0.0070930333 | H5: -0.028790984 | I5: -0.050696284 | J5: -0.0017502174 | K5: -0.0048410315 | L5: -0.025085138 | M5: 0.034981705 | N5: 0.071464717 | O5: 0.049568243 | P5: 0.09211605 | Q5: 0.074587479 | R5: 0.036225241 | S5: 0.06888067 | T5: 0.050580025 | U5: 0.05002277 | V5: 0.065072879 | W5: 0.082305394 | X5: 0.049790494 | Y5: 0.1621349 | Z5: 0.049829394 | AA5: -0.0096141994 | AB5: -0.0094462801 | AC5: -0.015571467 | AD5: -0.005602458 | AE5: 0.024225909 | AF5: 0.064355873 | AG5: 0.06078143 | AH5: 0.028772563 | AI5: 0.042393733 | AJ5: 0.013549104 | AK5: 0.10434017 | AL5: 0.023477694 | AM5: 0.049679872 | AN5: -0.019429741 | AO5: -0.0099202199 | AP5: 0.013758846 | AQ5: -0.0049647922 | AR5: -0.013557843 | AS5: -0.026926255 | AT5: -0.0070274342 | AU5: 0.0095545966 | AV5: 0.039484385 | AW5: 0.010149264 | AX5: 0.027402362 | AY5: 0.036360435 | AZ5: -0.012621585 | BA5: 0.005026157 | BB5: 0.037919752 | BC5: 0.053017329 | BD5: -0.056791071 | BE5: -0.010663942 | BF5: -0.045907319 | BG5: -0.041811094 | BH5: -0.0086124791 | BI5: 0.0057994141 | BJ5: -0.012436195 | BK5: 0.028031733 | BL5: 0.012374575 | BM5: 0.033071969 | BN5: 0.053148314 | BO5: -0.00026408641 | BP5: 0.025249753 | BQ5: 0.016997438 | BR5: 0.039869186 | BS5: 0.014649399 | BT5: -0.0013528261 | BU5: -0.016242431 | BV5: -0.019686919 | BW5: 0.01865354 | BX5: 0.012438855 | BY5: 0.011720257 | BZ5: 0.026449056 | CA5: 0.020457806 | CB5: -0.010790687 | CC5: 0.027279854 | CD5: -0.0028258781 | CE5: -0.039107587 | CF5: 0.026439348 | CG5: -0.013538158 | CH5: 0.033741135 | CI5: -0.018029187 | CJ5: 0.0077282675 | CK5: 0.045171477 | CL5: -0.001433647 | CM5: -0.043408293 | CN5: -0.048494712 | CO5: -0.034412362 | CP5: -0.031831637 | CQ5: -0.029545931 | CR5: -0.046193767 | CS5: -0.02242364 | CT5: 0.027818739 | CU5: 0.034685932 | CV5: 0.020741159 | CW5: 0.039250623 | CX5: 0.02362325 | CY5: 0.020947697 | CZ5: 0.0027976942 | DA5: 0.031392038 | DB5: 0.002502433 | DC5: 0.046531398 | DD5: 0.037525449 | DE5: 0.060277972 | DF5: -0.016737031 | DG5: -0.0095816031 | DH5: 0.023357641 | DI5: -0.041918892 | DJ5: -0.0011311463 | DK5: 0.041163765 | DL5: 0.028391024 | DM5: -0.028915755 | DN5: -0.016116664 | DO5: -0.0044103554 | DP5: -0.028036362 | DQ5: 0.0037302354 | DR5: 0.004896184 | DS5: 0.01518423 | DT5: -0.027093893 | DU5: 0.021577414 | DV5: -0.0016142901 | DW5: -0.0041363826 | DX5: -0.044376425 | DY5: -0.033609867 | DZ5: -0.048759568 | EA5: 0.0057486207 | EB5: 0.0058685942 | EC5: 0.042290993 | ED5: 0.025345668 | EE5: 0.0070743728 | EF5: 0.037159268
A6: 選絕對值最大 | C6: {=MATCH(MAX(ABS(C3:C5)), ABS(C3:C5), 0)} -> 1 | D6: {=MATCH(MAX(ABS(D3:D5)), ABS(D3:D5), 0)} -> 2 | E6: {=MATCH(MAX(ABS(E3:E5)), ABS(E3:E5), 0)} -> 1 | F6: {=MATCH(MAX(ABS(F3:F5)), ABS(F3:F5), 0)} -> 1 | G6: {=MATCH(MAX(ABS(G3:G5)), ABS(G3:G5), 0)} -> 1 | H6: {=MATCH(MAX(ABS(H3:H5)), ABS(H3:H5), 0)} -> 1 | I6: {=MATCH(MAX(ABS(I3:I5)), ABS(I3:I5), 0)} -> 1 | J6: {=MATCH(MAX(ABS(J3:J5)), ABS(J3:J5), 0)} -> 2 | ... EG6: {=MATCH(MAX(ABS(EG3:EG5)), ABS(EG3:EG5), 0)} -> 1
C7: =IF(C6=1,"bm",IF(C6=2,"size",IF(C6=3,"mom"))) -> bm | D7: =IF(D6=1,"bm",IF(D6=2,"size",IF(D6=3,"mom"))) -> size | E7: =IF(E6=1,"bm",IF(E6=2,"size",IF(E6=3,"mom"))) -> bm | F7: =IF(F6=1,"bm",IF(F6=2,"size",IF(F6=3,"mom"))) -> bm | G7: =IF(G6=1,"bm",IF(G6=2,"size",IF(G6=3,"mom"))) -> bm | H7: =IF(H6=1,"bm",IF(H6=2,"size",IF(H6=3,"mom"))) -> bm | I7: =IF(I6=1,"bm",IF(I6=2,"size",IF(I6=3,"mom"))) -> bm | J7: =IF(J6=1,"bm",IF(J6=2,"size",IF(J6=3,"mom"))) -> size | ... EG7: =IF(EG6=1,"bm",IF(EG6=2,"size",IF(EG6=3,"mom"))) -> bm
C8: =IF(C6=1,C3,IF(C6=2,C4,IF(C6=3,C5))) -> 0.040547289 | D8: =IF(D6=1,D3,IF(D6=2,D4,IF(D6=3,D5))) -> -0.04825278 | E8: =IF(E6=1,E3,IF(E6=2,E4,IF(E6=3,E5))) -> -0.051652342 | F8: =IF(F6=1,F3,IF(F6=2,F4,IF(F6=3,F5))) -> -0.054286115 | G8: =IF(G6=1,G3,IF(G6=2,G4,IF(G6=3,G5))) -> -0.057552006 | H8: =IF(H6=1,H3,IF(H6=2,H4,IF(H6=3,H5))) -> -0.076259449 | I8: =IF(I6=1,I3,IF(I6=2,I4,IF(I6=3,I5))) -> -0.10788648 | J8: =IF(J6=1,J3,IF(J6=2,J4,IF(J6=3,J5))) -> -0.032917611 | ... EG8: =IF(EG6=1,EG3,IF(EG6=2,EG4,IF(EG6=3,EG5))) -> 0
A10: 投資組合 | C10: 公司數 | D10: 964
A11: 等第 | B11: 分數 | C11: 2014/01 | D11: 2014/02 | E11: 2014/03 | F11: 2014/04 | G11: 2014/05 | H11: 2014/06 | I11: 2014/07 | J11: 2014/08 | K11: 2014/09 | L11: 2014/10 | M11: 2014/11 | N11: 2014/12 | O11: 2015/01 | P11: 2015/02 | Q11: 2015/03 | R11: 2015/04 | S11: 2015/05 | T11: 2015/06 | U11: 2015/07 | V11: 2015/08 | W11: 2015/09 | X11: 2015/10 | Y11: 2015/11 | Z11: 2015/12 | AA11: 2016/01 | AB11: 2016/02 | AC11: 2016/03 | AD11: 2016/04 | AE11: 2016/05 | AF11: 2016/06 | AG11: 2016/07 | AH11: 2016/08 | AI11: 2016/09 | AJ11: 2016/10 | AK11: 2016/11 | AL11: 2016/12 | AM11: 2017/01 | AN11: 2017/02 | AO11: 2017/03 | AP11: 2017/04 | AQ11: 2017/05 | AR11: 2017/06 | AS11: 2017/07 | AT11: 2017/08 | AU11: 2017/09 | AV11: 2017/10 | AW11: 2017/11 | AX11: 2017/12 | AY11: 2018/01 | AZ11: 2018/02 | BA11: 2018/03 | BB11: 2018/04 | BC11: 2018/05 | BD11: 2018/06 | BE11: 2018/07 | BF11: 2018/08 | BG11: 2018/09 | BH11: 2018/10 | BI11: 2018/11 | BJ11: 2018/12 | BK11: 2019/01 | BL11: 2019/02 | BM11: 2019/03 | BN11: 2019/04 | BO11: 2019/05 | BP11: 2019/06 | BQ11: 2019/07 | BR11: 2019/08 | BS11: 2019/09 | BT11: 2019/10 | BU11: 2019/11 | BV11: 2019/12 | BW11: 2020/01 | BX11: 2020/02 | BY11: 2020/03 | BZ11: 2020/04 | CA11: 2020/05 | CB11: 2020/06 | CC11: 2020/07 | CD11: 2020/08 | CE11: 2020/09 | CF11: 2020/10 | CG11: 2020/11 | CH11: 2020/12 | CI11: 2021/01 | CJ11: 2021/02 | CK11: 2021/03 | CL11: 2021/04 | CM11: 2021/05 | CN11: 2021/06 | CO11: 2021/07 | CP11: 2021/08 | CQ11: 2021/09 | CR11: 2021/10 | CS11: 2021/11 | CT11: 2021/12 | CU11: 2022/01 | CV11: 2022/02 | CW11: 2022/03 | CX11: 2022/04 | CY11: 2022/05 | CZ11: 2022/06 | DA11: 2022/07 | DB11: 2022/08 | DC11: 2022/09 | DD11: 2022/10 | DE11: 2022/11 | DF11: 2022/12 | DG11: 2023/01 | DH11: 2023/02 | DI11: 2023/03 | DJ11: 2023/04 | DK11: 2023/05 | DL11: 2023/06 | DM11: 2023/07 | DN11: 2023/08 | DO11: 2023/09 | DP11: 2023/10 | DQ11: 2023/11 | DR11: 2023/12 | DS11: 2024/01 | DT11: 2024/02 | DU11: 2024/03 | DV11: 2024/04 | DW11: 2024/05 | DX11: 2024/06 | DY11: 2024/07 | DZ11: 2024/08 | EA11: 2024/09 | EB11: 2024/10 | EC11: 2024/11 | ED11: 2024/12 | EE11: 2025/01 | EF11: 2025/02 | EG11: 平均值 | EH11: 標準差 | EI11: 夏普比率
A12: 10 | B12: 96 | C12: 0.047013509 | D12: 0.11468863 | E12: 0.0067540284 | F12: 0.019868825 | G12: -0.0079043467 | H12: -0.0093593838 | I12: -0.036303937 | J12: -0.029408123 | K12: 0.010988404 | L12: 0.0022772308 | M12: 0.026889174 | N12: -0.052074108 | O12: 0.017240739 | P12: -0.00025432811 | Q12: 0.033792784 | R12: 0.0066628838 | S12: -0.016472395 | T12: -0.0077398001 | U12: 0.020367221 | V12: 0.0095109537 | W12: -0.028417663 | X12: 0.02707389 | Y12: 0.020598394 | Z12: 0.0051659076 | AA12: -0.011512546 | AB12: -0.0037114184 | AC12: 0.035114764 | AD12: -0.0093922433 | AE12: -0.058316963 | AF12: -0.052012103 | AG12: -0.0038149304 | AH12: -0.021100659 | AI12: 0.0087937925 | AJ12: -0.021062263 | AK12: -0.016475368 | AL12: -0.04780049 | AM12: 0.016706752 | AN12: -0.05713329 | AO12: -0.002228793 | AP12: 0.033718345 | AQ12: 0.0076219364 | AR12: 0.0075044281 | AS12: -0.019976273 | AT12: 0.013834905 | AU12: 0.020708659 | AV12: -0.041360085 | AW12: 0.00062147702 | AX12: -0.044696012 | AY12: 0.017491322 | AZ12: -0.0023000261 | BA12: 0.0049378882 | BB12: 0.0057853949 | BC12: 0.026690966 | BD12: 0.013630557 | BE12: -0.045598545 | BF12: -0.02360106 | BG12: 0.010004059 | BH12: -0.024922145 | BI12: 0.050021253 | BJ12: -0.00079599332 | BK12: -0.020075652 | BL12: 0.011060369 | BM12: -0.030171909 | BN12: -0.019502538 | BO12: 0.016913769 | BP12: -0.010508985 | BQ12: 0.01389675 | BR12: 0.068693615 | BS12: 0.018863293 | BT12: -0.021288097 | BU12: 0.0087815171 | BV12: 0.023062456 | BW12: -0.029483769 | BX12: 0.011477162 | BY12: -0.045815986 | BZ12: 0.045356946 | CA12: 0.014580558 | CB12: 0.072475876 | CC12: 0.065566613 | CD12: 0.044258489 | CE12: 0.15400701 | CF12: 0.0080212745 | CG12: 0.0003086485 | CH12: 0.063297372 | CI12: -0.024341498 | CJ12: -0.01544518 | CK12: 0.012803144 | CL12: 0.11801561 | CM12: 0.026353951 | CN12: -0.078465204 | CO12: 0.024819785 | CP12: -0.045299021 | CQ12: -0.036572195 | CR12: -0.0021178784 | CS12: -0.01450965 | CT12: 0.00082403602 | CU12: -0.035623716 | CV12: -0.0081126264 | CW12: -0.0055479247 | CX12: 0.046547458 | CY12: 0.0059829422 | CZ12: -0.077792327 | DA12: -0.0056037841 | DB12: 0.022981876 | DC12: -0.0045013638 | DD12: -0.024888978 | DE12: -0.024737644 | DF12: -0.055485734 | DG12: 0.00094770894 | DH12: 0.003822682 | DI12: -0.029979255 | DJ12: -0.015118208 | DK12: 0.015945953 | DL12: 0.018669833 | DM12: 0.0048403492 | DN12: 0.021916732 | DO12: 0.030556942 | DP12: -0.045953548 | DQ12: 0.03386212 | DR12: -0.017064979 | DS12: -0.069650552 | DT12: 0.045297883 | DU12: -0.013752648 | DV12: -0.048550824 | DW12: 0.043725564 | DX12: -0.018099137 | DY12: -0.062728222 | DZ12: -0.02003889 | EA12: -0.051097633 | EB12: -0.0057859706 | EC12: 0.014883918 | ED12: 0.060508153 | EE12: 0.026506892 | EF12: -0.039233348 | EG12: =AVERAGE(C12:EF12) -> 0.00070018026 | EH12: =STDEV(C12:EF12) -> 0.036681302 | EI12: =EG12/EH12 -> 0.019088206
A13: 20 | B13: 48 | C13: 0.042506118 | D13: 0.12374503 | E13: 0.034496619 | F13: 0.034922156 | G13: 0.01490798 | H13: -0.015930385 | I13: -0.032682863 | J13: -0.043899227 | K13: 0.04533099 | L13: 0.029135669 | M13: 0.0032797582 | N13: -0.043151952 | O13: 0.039789292 | P13: -0.0062776477 | Q13: 0.044218264 | R13: 0.014159944 | S13: -0.012243671 | T13: -0.02210402 | U13: 0.054161075 | V13: 0.0022166399 | W13: -0.030968904 | X13: 0.053276895 | Y13: -0.0066833587 | Z13: 0.020583761 | AA13: -0.016440619 | AB13: -0.016036099 | AC13: 0.021871556 | AD13: -0.02154369 | AE13: -0.065719382 | AF13: -0.073281161 | AG13: 0.0099052077 | AH13: -0.031875515 | AI13: 0.018646046 | AJ13: -0.019886324 | AK13: -0.03835939 | AL13: -0.049258885 | AM13: -0.014434106 | AN13: -0.07124522 | AO13: -0.0093111879 | AP13: 0.05955084 | AQ13: 0.0060492888 | AR13: -0.0092507325 | AS13: -0.023404964 | AT13: 0.040463088 | AU13: 0.040976126 | AV13: -0.0094754726 | AW13: 0.0040800136 | AX13: -0.032799832 | AY13: 0.014262204 | AZ13: -0.0081034675 | BA13: 0.0065409376 | BB13: 0.026046346 | BC13: 0.019110867 | BD13: 0.0033444284 | BE13: -0.046048257 | BF13: -0.026302897 | BG13: 0.0083310656 | BH13: -0.033944255 | BI13: 0.052409132 | BJ13: -0.016847086 | BK13: -0.025125773 | BL13: 0.013619178 | BM13: -0.027203867 | BN13: 0.0048576031 | BO13: 0.0034067145 | BP13: 0.0094326957 | BQ13: 0.041653064 | BR13: 0.079831457 | BS13: 0.0074194718 | BT13: -0.03366777 | BU13: 0.017706555 | BV13: 0.020653597 | BW13: 0.0017632378 | BX13: 0.021078068 | BY13: -0.03082776 | BZ13: 0.076138123 | CA13: 0.024012674 | CB13: 0.12042697 | CC13: 0.12011817 | CD13: 0.055256048 | CE13: 0.18382784 | CF13: -0.012043667 | CG13: 0.0075602687 | CH13: 0.058334612 | CI13: -0.0078955344 | CJ13: 0.003106088 | CK13: 0.032045269 | CL13: 0.081453366 | CM13: 0.014010735 | CN13: -0.10099417 | CO13: 0.035334344 | CP13: -0.06972654 | CQ13: -0.03818495 | CR13: -0.008279781 | CS13: 0.0039476507 | CT13: -0.0080707993 | CU13: -0.037161402 | CV13: 0.0029533122 | CW13: -0.0059770309 | CX13: 0.0049872956 | CY13: 0.01311874 | CZ13: -0.05722422 | DA13: 0.0055836769 | DB13: 0.04176157 | DC13: -0.014149867 | DD13: -0.010697601 | DE13: -0.022441996 | DF13: -0.083122187 | DG13: 0.0016306572 | DH13: -0.011295768 | DI13: -0.02957042 | DJ13: -0.0059835846 | DK13: -0.012409074 | DL13: 0.022050691 | DM13: 0.006658869 | DN13: 0.016935235 | DO13: 0.037863465 | DP13: -0.044997151 | DQ13: 0.033966462 | DR13: -0.01516855 | DS13: -0.068596853 | DT13: 0.035426301 | DU13: -0.018705164 | DV13: -0.079620144 | DW13: 0.04441779 | DX13: -0.02322961 | DY13: -0.0095046248 | DZ13: -0.030285251 | EA13: -0.062118677 | EB13: -0.00020120622 | EC13: 0.021984853 | ED13: 0.065682094 | EE13: 0.041234384 | EF13: -0.066577215 | EG13: =AVERAGE(C13:EF13) -> 0.003007446 | EH13: =STDEV(C13:EF13) -> 0.042880198 | EI13: =EG13/EH13 -> 0.070136009
A14: 50 | B14: 19 | C14: -0.037017512 | D14: 0.22230845 | E14: 0.047525943 | F14: 0.048454143 | G14: 0.041019916 | H14: -0.0076743243 | I14: -0.04378736 | J14: -0.10509439 | K14: 0.1341787 | L14: -0.0048471972 | M14: -0.019021714 | N14: -0.082758985 | O14: 0.039642308 | P14: 0.006541421 | Q14: 0.12410387 | R14: -0.014151796 | S14: 0.0385341 | T14: -0.017360731 | U14: 0.10426666 | V14: -0.0524213 | W14: -0.047795003 | X14: 0.053581709 | Y14: -0.055190991 | Z14: 0.021252201 | AA14: -0.0026273998 | AB14: -0.074982913 | AC14: -0.013517269 | AD14: -0.039327892 | AE14: -0.0040189068 | AF14: -0.096080095 | AG14: 0.025329295 | AH14: -0.06341038 | AI14: -0.035462644 | AJ14: -0.096294977 | AK14: -0.077475339 | AL14: -0.051230183 | AM14: -0.042463856 | AN14: -0.11032368 | AO14: -0.060905705 | AP14: 0.069976525 | AQ14: 0.00036796774 | AR14: -0.018170823 | AS14: 0.0066693384 | AT14: 0.03450658 | AU14: 0.039991649 | AV14: -0.018682885 | AW14: -0.018362932 | AX14: -0.019370213 | AY14: 0.0016905718 | AZ14: -0.053348569 | BA14: 0.017621646 | BB14: 0.10189834 | BC14: -0.028505683 | BD14: 0.043327782 | BE14: -0.024117018 | BF14: -0.0052428879 | BG14: 0.010496608 | BH14: -0.093750084 | BI14: 0.050185213 | BJ14: -0.020017224 | BK14: 0.033237382 | BL14: 0.010571835 | BM14: -0.021375047 | BN14: 0.046576644 | BO14: 0.014903579 | BP14: 0.015673733 | BQ14: 0.015843524 | BR14: 0.10005242 | BS14: -0.041493955 | BT14: 0.015287928 | BU14: -0.0088548354 | BV14: 0.025727182 | BW14: 0.012507948 | BX14: 0.05497076 | BY14: -0.080399769 | BZ14: 0.060034057 | CA14: 0.033455158 | CB14: 0.1644655 | CC14: 0.12059616 | CD14: 0.047921841 | CE14: 0.1705553 | CF14: -0.04287741 | CG14: 0.13892668 | CH14: 0.064661392 | CI14: -0.0038293561 | CJ14: 0.028667855 | CK14: 0.014016364 | CL14: 0.062269955 | CM14: -0.0050971069 | CN14: -0.17459567 | CO14: 0.078763759 | CP14: -0.099809331 | CQ14: -0.053211628 | CR14: -0.055909138 | CS14: -0.0038161133 | CT14: -0.019100577 | CU14: 0.043917103 | CV14: -0.022745715 | CW14: 0.0033983825 | CX14: 0.024244256 | CY14: 0.02875912 | CZ14: -0.064063563 | DA14: 0.024304289 | DB14: 0.023561073 | DC14: -0.042998542 | DD14: 0.01675855 | DE14: -0.062526924 | DF14: -0.20156284 | DG14: -0.011446556 | DH14: -0.0047748372 | DI14: -0.040659135 | DJ14: -0.015897592 | DK14: -0.019071063 | DL14: 0.040754872 | DM14: -0.0055042691 | DN14: 0.030298833 | DO14: 0.10259219 | DP14: -0.0036178583 | DQ14: 0.056019286 | DR14: -0.0077944218 | DS14: -0.05605182 | DT14: 0.044516954 | DU14: 0.044914949 | DV14: -0.10826235 | DW14: 0.098344367 | DX14: -0.027689697 | DY14: -0.047660987 | DZ14: -0.021697589 | EA14: -0.10752548 | EB14: 0.025109521 | EC14: 0.043260018 | ED14: 0.10262971 | EE14: -0.0033992535 | EF14: -0.06995642 | EG14: =AVERAGE(C14:EF14) -> 0.0019138332 | EH14: =STDEV(C14:EF14) -> 0.064654963 | EI14: =EG14/EH14 -> 0.029600716
A15: 100 | B15: 10 | C15: -0.096503142 | D15: 0.37270922 | E15: 0.010198426 | F15: 0.10856229 | G15: 0.060636929 | H15: -0.050157825 | I15: -0.058431444 | J15: -0.06452469 | K15: 0.28659463 | L15: -0.032558505 | M15: -0.0021330164 | N15: -0.12086815 | O15: 0.046103493 | P15: 0.02189657 | Q15: 0.15553684 | R15: 0.016755436 | S15: -0.043033934 | T15: -0.049338673 | U15: 0.13696806 | V15: -0.11012701 | W15: -0.050671424 | X15: 0.078436412 | Y15: -0.052028798 | Z15: -0.023656419 | AA15: 0.046586124 | AB15: -0.073995952 | AC15: 0.016480966 | AD15: -0.039690481 | AE15: 0.047286476 | AF15: -0.13772629 | AG15: 0.044324544 | AH15: 0.014500687 | AI15: -0.024849257 | AJ15: -0.0041844346 | AK15: -0.069361451 | AL15: -0.032360174 | AM15: -0.068631207 | AN15: -0.060734932 | AO15: -0.063369812 | AP15: 0.078285694 | AQ15: 0.037367127 | AR15: -0.02455082 | AS15: 0.048733221 | AT15: 0.065254991 | AU15: 0.039943261 | AV15: -0.047226818 | AW15: 0.015659939 | AX15: -0.081360566 | AY15: 0.029005659 | AZ15: -0.09132328 | BA15: 0.010613515 | BB15: 0.1087891 | BC15: -0.030936692 | BD15: 0.053043274 | BE15: -0.046217114 | BF15: -0.056978024 | BG15: 0.01377615 | BH15: -0.054709226 | BI15: 0.068586659 | BJ15: -0.011265027 | BK15: 0.072869419 | BL15: 7.7901404e-05 | BM15: -0.062598395 | BN15: 0.066054035 | BO15: 0.016589444 | BP15: 0.014184221 | BQ15: 0.012802931 | BR15: 0.12376214 | BS15: -0.016823777 | BT15: -0.036633666 | BU15: 0.01947642 | BV15: 0.058914968 | BW15: -0.03594589 | BX15: 0.028635895 | BY15: -0.093338392 | BZ15: 0.10290647 | CA15: 0.029964009 | CB15: 0.1310914 | CC15: 0.17365171 | CD15: 0.08909452 | CE15: 0.07336812 | CF15: -0.04134943 | CG15: 0.22573123 | CH15: 0.062885958 | CI15: -0.069336845 | CJ15: 0.087044356 | CK15: 0.056672646 | CL15: 0.031421975 | CM15: -0.046626536 | CN15: -0.14314982 | CO15: 0.10697924 | CP15: -0.12753584 | CQ15: -0.037378011 | CR15: -0.04823707 | CS15: 0.016910987 | CT15: -0.007394575 | CU15: 0.06317866 | CV15: 0.0061418469 | CW15: 0.01248466 | CX15: 0.017868892 | CY15: 0.042470673 | CZ15: -0.079886948 | DA15: 0.026375835 | DB15: 0.030226618 | DC15: -0.067692432 | DD15: 0.04939369 | DE15: -0.057163635 | DF15: -0.30272045 | DG15: -0.016196732 | DH15: 0.018709011 | DI15: -0.054108319 | DJ15: -0.047566622 | DK15: -0.10177483 | DL15: -0.0003039932 | DM15: 0.023808547 | DN15: -0.067022569 | DO15: 0.15954541 | DP15: 0.040330193 | DQ15: 0.07293808 | DR15: 0.022035265 | DS15: -0.037530144 | DT15: 0.072163632 | DU15: 0.045770729 | DV15: -0.13976836 | DW15: 0.025538627 | DX15: -0.02154567 | DY15: 0.083673635 | DZ15: -0.036596498 | EA15: -0.10917693 | EB15: 0.05612648 | EC15: 0.076157077 | ED15: 0.11335706 | EE15: 0.0031907205 | EF15: -0.065700991 | EG15: =AVERAGE(C15:EF15) -> 0.0070940528 | EH15: =STDEV(C15:EF15) -> 0.084357016 | EI15: =EG15/EH15 -> 0.084095587
A16: 107 | B16: 9 | C16: -0.027383645 | D16: 0.40819498 | E16: 0.0028301766 | F16: 0.099382493 | G16: 0.073696265 | H16: -0.060999005 | I16: -0.057530619 | J16: -0.068694033 | K16: 0.28467055 | L16: -0.0098865346 | M16: -0.013987436 | N16: -0.12567063 | O16: 0.015621092 | P16: 0.0081881795 | Q16: 0.15790307 | R16: 0.019182762 | S16: -0.042415183 | T16: -0.023226785 | U16: 0.13006247 | V16: -0.075571486 | W16: -0.10163136 | X16: 0.073678278 | Y16: -0.050278834 | Z16: -0.020075795 | AA16: 0.050225527 | AB16: -0.071016126 | AC16: 0.047226236 | AD16: -0.034811172 | AE16: 0.051534992 | AF16: -0.14791561 | AG16: 0.04377616 | AH16: 0.044107019 | AI16: -0.033383256 | AJ16: 0.017629242 | AK16: -0.037433453 | AL16: -0.0054397026 | AM16: -0.052145732 | AN16: -0.052712143 | AO16: -0.061424672 | AP16: 0.077798368 | AQ16: 0.0384662 | AR16: -0.03249276 | AS16: 0.052642718 | AT16: 0.049547155 | AU16: 0.041826838 | AV16: -0.0090725068 | AW16: 0.03925293 | AX16: -0.10062133 | AY16: 0.019601854 | AZ16: -0.10490964 | BA16: 0.014923105 | BB16: 0.13247474 | BC16: -0.038999392 | BD16: 0.035936712 | BE16: -0.044139137 | BF16: -0.054584963 | BG16: 0.019331207 | BH16: -0.062040026 | BI16: 0.041443808 | BJ16: -0.020503816 | BK16: 0.1047732 | BL16: -0.0084142574 | BM16: -0.069805825 | BN16: 0.06719797 | BO16: 0.015960319 | BP16: 0.020843184 | BQ16: 0.016478016 | BR16: 0.13058297 | BS16: -0.013191573 | BT16: -0.038066078 | BU16: 0.05776511 | BV16: 0.060711239 | BW16: -0.065740927 | BX16: 0.031559238 | BY16: -0.11899471 | BZ16: 0.11152585 | CA16: 0.02743217 | CB16: 0.13930874 | CC16: 0.044388153 | CD16: 0.08775109 | CE16: 0.09361423 | CF16: -0.052800084 | CG16: 0.14619604 | CH16: 0.041697415 | CI16: -0.05834475 | CJ16: 0.045523551 | CK16: 0.076472984 | CL16: 0.015878682 | CM16: -0.0069997267 | CN16: -0.16035992 | CO16: 0.13464021 | CP16: -0.13663169 | CQ16: -0.041435606 | CR16: -0.048299767 | CS16: 0.021807009 | CT16: -0.0050674065 | CU16: 0.063434654 | CV16: 0.016751084 | CW16: 0.0091941595 | CX16: 0.0066867777 | CY16: 0.049117049 | CZ16: -0.10263326 | DA16: 0.029804794 | DB16: 0.04271217 | DC16: -0.083264052 | DD16: 0.070070935 | DE16: -0.0345524 | DF16: -0.32557955 | DG16: -0.014452948 | DH16: 0.019129343 | DI16: -0.045399498 | DJ16: -0.051753221 | DK16: -0.13359436 | DL16: -0.021872874 | DM16: 0.03033095 | DN16: -0.056707577 | DO16: 0.16959095 | DP16: 0.024716583 | DQ16: 0.06756052 | DR16: 0.011178168 | DS16: -0.021440673 | DT16: 0.10053413 | DU16: 0.064473734 | DV16: -0.13695373 | DW16: 0.04091773 | DX16: -0.021947728 | DY16: 0.094984864 | DZ16: -0.012649172 | EA16: -0.13979902 | EB16: 0.070875444 | EC16: 0.068501481 | ED16: 0.11541675 | EE16: 0.0043966753 | EF16: -0.042474401 | EG16: =AVERAGE(C16:EF16) -> 0.0077867006 | EH16: =STDEV(C16:EF16) -> 0.086153974 | EI16: =EG16/EH16 -> 0.090381212
A17: 120 | B17: 8 | C17: -0.041028984 | D17: 0.43958849 | E17: -0.0073790015 | F17: 0.11283752 | G17: 0.071222767 | H17: -0.076687822 | I17: -0.11372503 | J17: -0.11529907 | K17: 0.29682655 | L17: -0.0097108895 | M17: 0.014659142 | N17: -0.13594843 | O17: 0.024632055 | P17: 0.013382947 | Q17: 0.16180129 | R17: 0.0019752513 | S17: -0.055132026 | T17: -0.023507589 | U17: 0.14127114 | V17: -0.097259656 | W17: -0.12866725 | X17: 0.10018597 | Y17: -0.073623131 | Z17: -0.02160849 | AA17: 0.062254197 | AB17: -0.058334161 | AC17: 0.05872869 | AD17: -0.068619823 | AE17: 0.0594435 | AF17: -0.12028632 | AG17: 0.062640142 | AH17: 0.03192145 | AI17: -0.057037976 | AJ17: 0.02220746 | AK17: -0.02937589 | AL17: -0.027018182 | AM17: -0.09335171 | AN17: -0.049360372 | AO17: -0.012632335 | AP17: 0.077242814 | AQ17: 0.060527137 | AR17: -0.034997281 | AS17: 0.058802957 | AT17: 0.052267806 | AU17: 0.054555507 | AV17: -0.021205903 | AW17: 0.008421888 | AX17: -0.097619105 | AY17: 0.015478046 | AZ17: -0.1251576 | BA17: 0.0098251791 | BB17: 0.15327128 | BC17: -0.027292824 | BD17: 0.022356482 | BE17: -0.016297389 | BF17: -0.077417604 | BG17: -0.013153311 | BH17: -0.048737994 | BI17: 0.087111945 | BJ17: -0.0098580643 | BK17: 0.11481579 | BL17: 0.0075736051 | BM17: -0.077967326 | BN17: 0.073656768 | BO17: 0.031350299 | BP17: 0.03599598 | BQ17: 0.01137651 | BR17: 0.11502235 | BS17: -0.0041034691 | BT17: -0.033647573 | BU17: 0.071127819 | BV17: 0.070210303 | BW17: -0.080431713 | BX17: 0.028822965 | BY17: -0.095860872 | BZ17: 0.12057816 | CA17: 0.027196784 | CB17: 0.14963316 | CC17: 0.041760252 | CD17: 0.064105945 | CE17: 0.095708074 | CF17: -0.058238797 | CG17: 0.17703461 | CH17: 0.058636447 | CI17: -0.082452914 | CJ17: 0.050742321 | CK17: 0.091738573 | CL17: -0.0094263448 | CM17: 0.0016699729 | CN17: -0.17653128 | CO17: 0.13741288 | CP17: -0.14815927 | CQ17: -0.041087933 | CR17: -0.050676491 | CS17: 0.011545516 | CT17: -0.049260056 | CU17: 0.074408308 | CV17: -0.0038796079 | CW17: 0.019761854 | CX17: 0.024992449 | CY17: 0.049383299 | CZ17: -0.12424884 | DA17: 0.043895859 | DB17: 0.034883011 | DC17: -0.098849393 | DD17: 0.085133933 | DE17: -0.024124863 | DF17: -0.35222555 | DG17: 0.0018392819 | DH17: 0.038726651 | DI17: -0.035044536 | DJ17: -0.0571465 | DK17: -0.15603643 | DL17: -0.0039297317 | DM17: 0.052252911 | DN17: -0.060629183 | DO17: 0.17976293 | DP17: 0.02509743 | DQ17: 0.065244348 | DR17: 0.025726439 | DS17: -0.037354089 | DT17: 0.09313895 | DU17: 0.071730706 | DV17: -0.1177654 | DW17: 0.048681483 | DX17: 0.02303518 | DY17: 0.12601054 | DZ17: 0.0047910532 | EA17: -0.16457152 | EB17: 0.07378097 | EC17: 0.12151202 | ED17: 0.12832444 | EE17: -0.00019352115 | EF17: -0.047709767 | EG17: =AVERAGE(C17:EF17) -> 0.0089282427 | EH17: =STDEV(C17:EF17) -> 0.094560912 | EI17: =EG17/EH17 -> 0.0944179
A18: 137 | B18: 7 | C18: -0.053942228 | D18: 0.40188368 | E18: 0.059000657 | F18: 0.13441437 | G18: 0.080794247 | H18: -0.12191279 | I18: -0.13550018 | J18: -0.12516179 | K18: 0.3586821 | L18: -0.012982487 | M18: 0.029051464 | N18: -0.14299243 | O18: 0.024323875 | P18: 0.0083280859 | Q18: 0.18897542 | R18: 0.019326199 | S18: -0.06901334 | T18: -0.0050281402 | U18: 0.13249502 | V18: -0.12139146 | W18: -0.16613483 | X18: 0.12712281 | Y18: -0.10387924 | Z18: -0.016905716 | AA18: 0.054804498 | AB18: -0.061713851 | AC18: 0.057823013 | AD18: -0.096285845 | AE18: 0.077201592 | AF18: -0.15054364 | AG18: 0.08171998 | AH18: 0.03591323 | AI18: -0.08142375 | AJ18: 0.0073274439 | AK18: -0.022832885 | AL18: -0.032812812 | AM18: -0.096053029 | AN18: -0.053661578 | AO18: -0.005427535 | AP18: 0.078278592 | AQ18: 0.076230845 | AR18: -0.061694524 | AS18: 0.083253128 | AT18: 0.04332565 | AU18: 0.064575644 | AV18: -0.028768756 | AW18: 0.024538034 | AX18: -0.12606434 | AY18: 0.030189359 | AZ18: -0.14840908 | BA18: 0.00063231092 | BB18: 0.16725802 | BC18: 0.027942051 | BD18: -0.024016272 | BE18: -0.022230541 | BF18: -0.038143151 | BG18: -0.0023082369 | BH18: -0.062935384 | BI18: 0.10900001 | BJ18: 0.0059560641 | BK18: 0.073455627 | BL18: 0.026352779 | BM18: -0.069782333 | BN18: 0.078208699 | BO18: 0.0084067313 | BP18: 0.04685754 | BQ18: 0.0019167841 | BR18: 0.12096182 | BS18: -0.0039836251 | BT18: -0.013299151 | BU18: 0.080677444 | BV18: 0.080923395 | BW18: -0.085311087 | BX18: 0.019018475 | BY18: -0.062686744 | BZ18: 0.15331999 | CA18: 0.033286165 | CB18: 0.10684606 | CC18: 0.10466062 | CD18: 0.050445795 | CE18: 0.077260395 | CF18: 0.043957743 | CG18: 0.22664141 | CH18: 0.16265705 | CI18: -0.11772541 | CJ18: 0.062313678 | CK18: 0.090667784 | CL18: -0.030989545 | CM18: 0.01554875 | CN18: -0.12094313 | CO18: 0.15059751 | CP18: -0.16283911 | CQ18: -0.047976536 | CR18: -0.055156129 | CS18: 0.02812856 | CT18: -0.090515429 | CU18: 0.071648691 | CV18: -0.091040282 | CW18: 0.0084560856 | CX18: -0.014078748 | CY18: 0.051357414 | CZ18: -0.13284286 | DA18: 0.04738094 | DB18: 0.045735209 | DC18: -0.082819707 | DD18: 0.082462353 | DE18: -0.038420587 | DF18: -0.36669201 | DG18: 0.0076194732 | DH18: 0.028038013 | DI18: -0.018613248 | DJ18: -0.050654511 | DK18: -0.15851363 | DL18: -0.0038302741 | DM18: 0.066508141 | DN18: -0.05687526 | DO18: 0.22032021 | DP18: 0.021510335 | DQ18: 0.061955529 | DR18: 0.010451249 | DS18: -0.011277982 | DT18: 0.11601739 | DU18: 0.096895186 | DV18: -0.10564061 | DW18: 0.081908692 | DX18: 0.068177294 | DY18: 0.1657631 | DZ18: 0.043227855 | EA18: -0.19894575 | EB18: 0.09704269 | EC18: 0.14304023 | ED18: 0.11047802 | EE18: 0.0011112877 | EF18: -0.048955017 | EG18: =AVERAGE(C18:EF18) -> 0.01231347 | EH18: =STDEV(C18:EF18) -> 0.10362277 | EI18: =EG18/EH18 -> 0.11882978
A19: 160 | B19: 6 | C19: -0.077959416 | D19: 0.40752071 | E19: 0.054898094 | F19: 0.038646682 | G19: 0.097512091 | H19: -0.14889412 | I19: -0.13465433 | J19: -0.15623035 | K19: 0.41833785 | L19: -0.043048958 | M19: -0.043690236 | N19: -0.095347886 | O19: -0.019797434 | P19: 0.023513161 | Q19: 0.19716309 | R19: 0.041942629 | S19: -0.078696261 | T19: -0.10952586 | U19: 0.13569834 | V19: -0.09268832 | W19: -0.17473476 | X19: 0.12292315 | Y19: -0.10313024 | Z19: -0.022223239 | AA19: 0.047300122 | AB19: -0.060762351 | AC19: 0.028452835 | AD19: -0.095993378 | AE19: 0.11523187 | AF19: -0.16883058 | AG19: 0.041487103 | AH19: 0.016089488 | AI19: -0.047766353 | AJ19: -0.012167192 | AK19: -0.040581523 | AL19: -0.014914608 | AM19: -0.061124131 | AN19: -0.062111384 | AO19: -0.025892903 | AP19: 0.08757412 | AQ19: 0.088252757 | AR19: -0.074616898 | AS19: 0.10919888 | AT19: 0.049294982 | AU19: 0.076428716 | AV19: -0.050033021 | AW19: 0.022356168 | AX19: -0.2241238 | AY19: 0.066273243 | AZ19: -0.18687962 | BA19: -0.034363884 | BB19: 0.20180191 | BC19: 0.18457179 | BD19: -0.0032343926 | BE19: -0.030390671 | BF19: -0.049436517 | BG19: 0.00096322011 | BH19: -0.057134461 | BI19: 0.12779863 | BJ19: 0.021707302 | BK19: 0.097038423 | BL19: 0.025996465 | BM19: -0.088156797 | BN19: 0.08141326 | BO19: -0.018562314 | BP19: 0.062818808 | BQ19: 0.0099340445 | BR19: 0.13683924 | BS19: -0.024256339 | BT19: 0.013193669 | BU19: 0.075936251 | BV19: 0.093655241 | BW19: -0.10896696 | BX19: 0.034087785 | BY19: -0.027675492 | BZ19: 0.068702125 | CA19: 0.035609795 | CB19: 0.12783821 | CC19: 0.022506233 | CD19: 0.087664948 | CE19: 0.088474859 | CF19: 0.079051525 | CG19: 0.26389313 | CH19: 0.15288987 | CI19: -0.16520241 | CJ19: 0.0619405 | CK19: 0.10396772 | CL19: -0.04324028 | CM19: 0.075581871 | CN19: -0.14319321 | CO19: 0.16614656 | CP19: -0.1590326 | CQ19: 0.0027299082 | CR19: -0.04969419 | CS19: 0.043774987 | CT19: -0.12262043 | CU19: 0.083436397 | CV19: -0.10197986 | CW19: 0.021901808 | CX19: 0.0011275946 | CY19: 0.07092187 | CZ19: -0.11285183 | DA19: 0.058223877 | DB19: 0.035720899 | DC19: -0.065587585 | DD19: 0.10625734 | DE19: -0.033018415 | DF19: -0.20550175 | DG19: 0.012746475 | DH19: 0.00015698313 | DI19: -0.058647033 | DJ19: -0.080499602 | DK19: -0.12414459 | DL19: -0.011982786 | DM19: 0.081952255 | DN19: -0.064294394 | DO19: 0.24926195 | DP19: 0.0040024609 | DQ19: 0.050623171 | DR19: 0.017544799 | DS19: 0.0056773135 | DT19: 0.1331285 | DU19: 0.1428307 | DV19: -0.11152471 | DW19: 0.060609139 | DX19: 0.094614193 | DY19: 0.15211941 | DZ19: 0.079643568 | EA19: -0.23304583 | EB19: 0.10624586 | EC19: 0.1437742 | ED19: 0.15093532 | EE19: -0.0073065267 | EF19: -0.016977955 | EG19: =AVERAGE(C19:EF19) -> 0.014321921 | EH19: =STDEV(C19:EF19) -> 0.11035566 | EI19: =EG19/EH19 -> 0.12977967
A20: 192 | B20: 5 | C20: -0.1393246 | D20: 0.38202502 | E20: -0.015499988 | F20: 0.091218422 | G20: 0.10036591 | H20: -0.164372 | I20: -0.15814956 | J20: -0.13320729 | K20: 0.090108654 | L20: -0.095708636 | M20: -0.077718228 | N20: -0.10192493 | O20: -0.11011453 | P20: 0.043138679 | Q20: 0.21672574 | R20: 0.066469633 | S20: -0.057341083 | T20: -0.10084553 | U20: 0.14864968 | V20: -0.1035176 | W20: -0.22644366 | X20: 0.15004231 | Y20: -0.12896504 | Z20: 0.02915735 | AA20: 0.066961979 | AB20: -0.060423624 | AC20: 0.056443346 | AD20: -0.12984342 | AE20: 0.01731115 | AF20: -0.22349782 | AG20: 0.032163249 | AH20: 0.027806702 | AI20: -0.083279354 | AJ20: -0.017241716 | AK20: -0.0082485151 | AL20: -0.020780265 | AM20: -0.06752986 | AN20: 0.032916683 | AO20: -0.045285082 | AP20: 0.13173046 | AQ20: -0.027452485 | AR20: -0.013289273 | AS20: 0.042291716 | AT20: 0.0058587738 | AU20: 0.075692387 | AV20: -0.054625714 | AW20: 0.0068652682 | AX20: -0.20433922 | AY20: -0.082057636 | AZ20: -0.21380243 | BA20: -0.036798865 | BB20: 0.23121363 | BC20: 0.24014067 | BD20: -0.053429813 | BE20: -0.038466832 | BF20: -0.0552169 | BG20: -0.051727193 | BH20: -0.051899277 | BI20: 0.13174527 | BJ20: 0.021629512 | BK20: 0.11765037 | BL20: 0.019783342 | BM20: -0.05455591 | BN20: -0.018638027 | BO20: -0.0076105449 | BP20: 0.060407521 | BQ20: 0.015451707 | BR20: 0.18112708 | BS20: 0.0054075062 | BT20: 0.052467623 | BU20: 0.098754949 | BV20: 0.11591833 | BW20: -0.13550325 | BX20: 0.030693637 | BY20: -0.043183483 | BZ20: 0.090271404 | CA20: 0.050216826 | CB20: 0.12649505 | CC20: 0.012915147 | CD20: 0.096064648 | CE20: 0.085778173 | CF20: 0.10578489 | CG20: 0.32193852 | CH20: 0.071864026 | CI20: -0.13148573 | CJ20: 0.12344032 | CK20: 0.090978397 | CL20: -0.092184934 | CM20: 0.079454727 | CN20: -0.20489183 | CO20: 0.2285182 | CP20: -0.19203121 | CQ20: -0.0061113579 | CR20: -0.073116245 | CS20: 0.022293038 | CT20: -0.090474037 | CU20: 0.094867658 | CV20: -0.092511076 | CW20: -0.0099530629 | CX20: 0.0093861438 | CY20: 0.012479733 | CZ20: -0.15516165 | DA20: 0.047471893 | DB20: 0.05690271 | DC20: -0.037332311 | DD20: 0.14810881 | DE20: -0.010418722 | DF20: -0.24557421 | DG20: 0.0042022106 | DH20: 0.010975412 | DI20: -0.074248336 | DJ20: -0.08127702 | DK20: -0.084953981 | DL20: -0.019465373 | DM20: -0.0092836503 | DN20: -0.064461202 | DO20: 0.25800136 | DP20: 0.021671262 | DQ20: 0.038540311 | DR20: 0.055557992 | DS20: 0.0074906958 | DT20: 0.13343598 | DU20: 0.17206911 | DV20: -0.12934547 | DW20: 0.069060204 | DX20: 0.097851218 | DY20: 0.18740183 | DZ20: -0.018115127 | EA20: -0.29368998 | EB20: 0.10631227 | EC20: 0.13100615 | ED20: 0.17691886 | EE20: -0.0017409798 | EF20: -0.020281417 | EG20: =AVERAGE(C20:EF20) -> 0.0069559055 | EH20: =STDEV(C20:EF20) -> 0.1162918 | EI20: =EG20/EH20 -> 0.059814241
A21: 241 | B21: 4 | C21: -0.19764916 | D21: 0.12638792 | E21: 0.00027935227 | F21: 0.051097484 | G21: 0.007296138 | H21: -0.19866806 | I21: -0.14725561 | J21: -0.13674292 | K21: 0.088973017 | L21: -0.10967961 | M21: -0.099684593 | N21: -0.099587412 | O21: -0.13927749 | P21: 0.039891723 | Q21: 0.25731007 | R21: 0.084905231 | S21: -0.036563292 | T21: -0.13112036 | U21: 0.086278418 | V21: -0.10537077 | W21: -0.32292055 | X21: 0.20780127 | Y21: -0.092729224 | Z21: 0.039457716 | AA21: 0.028033456 | AB21: -0.065287595 | AC21: 0.07430113 | AD21: -0.12882467 | AE21: 0.010311611 | AF21: -0.29514426 | AG21: 0.011046572 | AH21: 0.043406383 | AI21: -0.067729681 | AJ21: -0.0051859256 | AK21: 0.018318369 | AL21: -0.037391486 | AM21: 0.063125718 | AN21: 0.018695533 | AO21: -0.047726396 | AP21: 0.072535144 | AQ21: -0.076865507 | AR21: 0.047988141 | AS21: 0.045406682 | AT21: -0.0024929113 | AU21: 0.047809632 | AV21: -0.05552078 | AW21: 0.00979103 | AX21: -0.2177183 | AY21: -0.065722295 | AZ21: -0.25491127 | BA21: -0.071032182 | BB21: 0.29451264 | BC21: 0.16446053 | BD21: -0.021750863 | BE21: -0.040588333 | BF21: -0.062289949 | BG21: -0.078525059 | BH21: -0.067916731 | BI21: 0.1659696 | BJ21: 0.023579026 | BK21: 0.072723115 | BL21: 0.0037527985 | BM21: -0.094970355 | BN21: -0.025790766 | BO21: 0.015004103 | BP21: 0.10450913 | BQ21: 0.054542231 | BR21: 0.14206146 | BS21: 0.0058601728 | BT21: 0.060820743 | BU21: 0.13549646 | BV21: 0.142143 | BW21: -0.1466792 | BX21: -0.0029908193 | BY21: -0.014916379 | BZ21: 0.047662929 | CA21: 0.095059434 | CB21: 0.20786985 | CC21: -0.0080189543 | CD21: 0.084423551 | CE21: 0.061514882 | CF21: 0.11452616 | CG21: 0.32016678 | CH21: 0.080100321 | CI21: -0.12329335 | CJ21: 0.085627757 | CK21: 0.12705055 | CL21: -0.13389042 | CM21: 0.062994333 | CN21: -0.080851509 | CO21: 0.23779198 | CP21: -0.22270006 | CQ21: -0.0032880917 | CR21: -0.090824278 | CS21: 0.030907746 | CT21: -0.082292873 | CU21: 0.06267356 | CV21: -0.098225632 | CW21: -0.065005417 | CX21: 0.013395524 | CY21: 0.0084819164 | CZ21: -0.23745137 | DA21: -0.0011922565 | DB21: 0.051624434 | DC21: -0.1539048 | DD21: -0.12132269 | DE21: -0.028977737 | DF21: -0.30115021 | DG21: -0.0078463781 | DH21: -0.01407682 | DI21: -0.090149203 | DJ21: -0.073302792 | DK21: -0.13950271 | DL21: -0.012736992 | DM21: 0.02983412 | DN21: -0.046874835 | DO21: 0.3316268 | DP21: 0.037108633 | DQ21: 0.028216052 | DR21: 0.05355699 | DS21: 0.0016720947 | DT21: 0.1705708 | DU21: 0.028090294 | DV21: -0.14027598 | DW21: 0.12824787 | DX21: 0.11682889 | DY21: 0.22566188 | DZ21: -0.17989102 | EA21: -0.26605683 | EB21: 0.10329556 | EC21: 0.14009402 | ED21: 0.054498856 | EE21: 0.021310592 | EF21: 0.018771264 | EG21: =AVERAGE(C21:EF21) -> -0.0032924239 | EH21: =STDEV(C21:EF21) -> 0.12300129 | EI21: =EG21/EH21 -> -0.026767393
A22: 321 | B22: 3 | C22: 0.064235718 | D22: 0.14242785 | E22: 0.041027532 | F22: 0.097433996 | G22: 0.032954824 | H22: -0.17874946 | I22: -0.12349317 | J22: -0.1042535 | K22: 0.15328677 | L22: -0.17118336 | M22: -0.074100059 | N22: -0.13328042 | O22: -0.066442332 | P22: 0.042858489 | Q22: 0.27677689 | R22: 0.066698293 | S22: -0.039234144 | T22: -0.10484897 | U22: 0.11059002 | V22: -0.057024135 | W22: -0.34619349 | X22: 0.25720235 | Y22: -0.047938332 | Z22: 0.023866122 | AA22: 0.11812061 | AB22: -0.038274054 | AC22: 0.074420381 | AD22: -0.013572789 | AE22: -0.085147686 | AF22: -0.42991677 | AG22: 0.010812101 | AH22: -0.00048894599 | AI22: -0.067392901 | AJ22: -0.013081542 | AK22: 0.078575769 | AL22: -0.0011447262 | AM22: 0.056373754 | AN22: 0.035264122 | AO22: -0.074717373 | AP22: 0.062536354 | AQ22: -0.079426117 | AR22: 0.067924488 | AS22: -0.073843703 | AT22: -0.025136362 | AU22: 0.033500452 | AV22: -0.059813177 | AW22: -0.030149389 | AX22: 0.009875186 | AY22: -0.098456276 | AZ22: -0.15490378 | BA22: -0.045598425 | BB22: 0.36955058 | BC22: 0.19562604 | BD22: -0.022174181 | BE22: -0.068483037 | BF22: -0.054886014 | BG22: -0.096178529 | BH22: -0.0079934121 | BI22: 0.11108872 | BJ22: 0.054996415 | BK22: 0.048315241 | BL22: 0.017863882 | BM22: -0.12093964 | BN22: -0.082937899 | BO22: 0.038350063 | BP22: 0.07483555 | BQ22: 0.027830097 | BR22: 0.10656678 | BS22: -0.016372782 | BT22: -0.088726194 | BU22: 0.21294877 | BV22: 0.15854397 | BW22: -0.1746685 | BX22: 0.036637446 | BY22: 0.032352876 | BZ22: 0.047257736 | CA22: 0.14407874 | CB22: 0.25473926 | CC22: -0.125104 | CD22: 0.095518543 | CE22: 0.066840146 | CF22: 0.10077036 | CG22: 0.44380082 | CH22: 0.11591877 | CI22: -0.23044917 | CJ22: 0.10337951 | CK22: 0.036163343 | CL22: -0.2406518 | CM22: 0.046441279 | CN22: -0.15280392 | CO22: 0.18528576 | CP22: -0.25940856 | CQ22: 0.012333779 | CR22: -0.16185042 | CS22: 0.024439587 | CT22: -0.058232521 | CU22: 0.12023171 | CV22: -0.1122337 | CW22: -0.036451253 | CX22: 0.047285453 | CY22: 0.0079888258 | CZ22: -0.26292048 | DA22: 0.0039917539 | DB22: 0.058383507 | DC22: -0.14116724 | DD22: -0.1478941 | DE22: 0.017756504 | DF22: -0.38966763 | DG22: -0.031985043 | DH22: -0.013945346 | DI22: -0.081105544 | DJ22: -0.042776922 | DK22: -0.17913471 | DL22: -0.0032133307 | DM22: 0.063466051 | DN22: -0.083173707 | DO22: 0.075715816 | DP22: 0.10509906 | DQ22: 0.051850202 | DR22: 0.0712363 | DS22: 0.036346262 | DT22: 0.058357009 | DU22: 0.057495391 | DV22: -0.12570512 | DW22: 0.078389724 | DX22: 0.16435212 | DY22: 0.31775437 | DZ22: -0.16562625 | EA22: -0.14035616 | EB22: 0.14292708 | EC22: -0.028428812 | ED22: 0.077413567 | EE22: 0.047636659 | EF22: 0.034790246 | EG22: =AVERAGE(C22:EF22) -> -0.00020707129 | EH22: =STDEV(C22:EF22) -> 0.13328015 | EI22: =EG22/EH22 -> -0.0015536544
A23: 482 | B23: 2 | C23: -0.034987009 | D23: 0.25409263 | E23: 0.080941173 | F23: 0.14166491 | G23: 0.052224174 | H23: -0.20371831 | I23: -0.14815203 | J23: -0.11487751 | K23: 0.20448948 | L23: -0.05404353 | M23: -0.25844992 | N23: -0.15641924 | O23: -0.12289971 | P23: 0.010683505 | Q23: -0.059568017 | R23: 0.062821978 | S23: -0.072572664 | T23: -0.084676176 | U23: 0.093757422 | V23: 0.063357011 | W23: -0.50391933 | X23: 0.19455646 | Y23: -0.0075887634 | Z23: 0.041051967 | AA23: 0.15164933 | AB23: -0.047748945 | AC23: 0.076346338 | AD23: -0.071628868 | AE23: -0.22171324 | AF23: -0.32465933 | AG23: -0.14589389 | AH23: -0.03727949 | AI23: -0.07545017 | AJ23: -0.02358744 | AK23: 0.091199224 | AL23: -0.051310311 | AM23: -0.020470543 | AN23: 0.1276296 | AO23: 0.0053369522 | AP23: -0.0031210994 | AQ23: -0.089424992 | AR23: 0.14613616 | AS23: -0.081663621 | AT23: -0.041427722 | AU23: 0.033145526 | AV23: -0.027638994 | AW23: -0.05202691 | AX23: 0.014812779 | AY23: -0.0581396 | AZ23: -0.063753617 | BA23: 0.0096467801 | BB23: 0.56682653 | BC23: 0.25286918 | BD23: 0.094830881 | BE23: -0.086532395 | BF23: -0.060012944 | BG23: -0.044908675 | BH23: 0.053596864 | BI23: 0.19111208 | BJ23: 0.10400332 | BK23: 0.047849323 | BL23: -0.05343222 | BM23: -0.18414781 | BN23: -0.038453237 | BO23: 0.06181548 | BP23: 0.098266399 | BQ23: 0.072047901 | BR23: 0.10282259 | BS23: -0.073275389 | BT23: -0.21818668 | BU23: 0.20568774 | BV23: 0.11346757 | BW23: -0.20215233 | BX23: -0.0082131197 | BY23: 0.039939449 | BZ23: 0.0076697624 | CA23: 0.20637272 | CB23: 0.31616676 | CC23: -0.084544615 | CD23: 0.14124194 | CE23: 0.059602302 | CF23: 0.016160835 | CG23: 0.29290394 | CH23: 0.18019645 | CI23: -0.059122474 | CJ23: 0.019875368 | CK23: 0.096116995 | CL23: -0.40866101 | CM23: 0.006975009 | CN23: -0.27710426 | CO23: 0.26845098 | CP23: -0.31136074 | CQ23: 0.0091837445 | CR23: -0.011597804 | CS23: 0.069015371 | CT23: -0.045662542 | CU23: 0.021056596 | CV23: 0.022245137 | CW23: -0.10090133 | CX23: -0.04425408 | CY23: -0.022046531 | CZ23: -0.18199879 | DA23: 0.030982136 | DB23: 0.015955157 | DC23: -0.1579489 | DD23: -0.21341104 | DE23: 0.060085948 | DF23: -0.40879492 | DG23: -0.038270012 | DH23: -0.055413447 | DI23: -0.18491271 | DJ23: 0.033824576 | DK23: -0.27783322 | DL23: 0.026242652 | DM23: 0.019497305 | DN23: -0.11820475 | DO23: 0.12406844 | DP23: 0.038404396 | DQ23: 0.12113204 | DR23: 0.1024258 | DS23: 0.11657599 | DT23: 0.12395522 | DU23: -0.034287185 | DV23: -0.27627161 | DW23: 0.14122823 | DX23: 0.17100279 | DY23: 0.26822193 | DZ23: -0.12933302 | EA23: 0.02875878 | EB23: 0.1382255 | EC23: -0.12320494 | ED23: 0.091425905 | EE23: 0.069212076 | EF23: 0.047782279 | EG23: =AVERAGE(C23:EF23) -> -0.0032115371 | EH23: =STDEV(C23:EF23) -> 0.15282595 | EI23: =EG23/EH23 -> -0.021014344
A24: 964 | B24: 1 | C24: 0.16299314 | D24: 0.10060991 | E24: -0.07140033 | F24: 0.22715955 | G24: -0.22576002 | H24: -0.24668673 | I24: 0.0021119332 | J24: -0.1154628 | K24: 0.021515278 | L24: -0.095623251 | M24: -0.14681934 | N24: -0.14413045 | O24: -0.24427786 | P24: 0.077736486 | Q24: -0.060964962 | R24: -0.027822824 | S24: -0.01105446 | T24: -0.2878166 | U24: 0.14851867 | V24: 0.11654032 | W24: -0.64293353 | X24: -0.00089887647 | Y24: -0.02939884 | Z24: -0.024394549 | AA24: 0.094359583 | AB24: -0.18425142 | AC24: 0.12538038 | AD24: -0.1011753 | AE24: -0.17526882 | AF24: -0.49538941 | AG24: -0.38005539 | AH24: 0.068613799 | AI24: -0.15191167 | AJ24: -0.085435202 | AK24: 0.11317916 | AL24: -0.10745443 | AM24: 0.014966545 | AN24: 0.16294174 | AO24: -0.066090112 | AP24: 0.022851715 | AQ24: -0.047076973 | AR24: 0.17083341 | AS24: -0.0032867737 | AT24: 0.030459207 | AU24: 0.04409532 | AV24: -0.087151952 | AW24: 0.0049875415 | AX24: -0.11149134 | AY24: -0.26743574 | AZ24: 0.037867074 | BA24: -0.053794732 | BB24: 0.69077653 | BC24: -0.0043668696 | BD24: 0.18559522 | BE24: -0.10413112 | BF24: -0.10023171 | BG24: -0.17662354 | BH24: 0.009569451 | BI24: 0.22362911 | BJ24: 0.0033483158 | BK24: 0.034827647 | BL24: -0.030898612 | BM24: -0.37691636 | BN24: -0.10891326 | BO24: -0.0056244216 | BP24: 0.12335118 | BQ24: -0.064169633 | BR24: 0.098920889 | BS24: -0.0012847175 | BT24: -0.27671902 | BU24: 0.22832663 | BV24: 0.10772845 | BW24: -0.061835884 | BX24: -0.13296006 | BY24: -0.29033687 | BZ24: 0.2588929 | CA24: 0.10002492 | CB24: 0.63969813 | CC24: -0.18246988 | CD24: 0.029953526 | CE24: 0.16556487 | CF24: -0.043964634 | CG24: 0.23727783 | CH24: 0.3542773 | CI24: -0.058508157 | CJ24: -0.013109485 | CK24: 0.093530079 | CL24: 0.14175533 | CM24: 0.044688538 | CN24: -0.6096772 | CO24: 0.57240961 | CP24: -0.1603442 | CQ24: -0.11468717 | CR24: -0.061084838 | CS24: -0.026854923 | CT24: -0.096419008 | CU24: 0.072751348 | CV24: -0.015064048 | CW24: -0.17511717 | CX24: 0.052765259 | CY24: 0.080066905 | CZ24: -0.11220663 | DA24: -0.024511204 | DB24: 0.19546067 | DC24: -0.28272978 | DD24: -0.15338138 | DE24: -0.13158559 | DF24: -0.52558501 | DG24: -0.059105834 | DH24: -0.00084652507 | DI24: -0.4230988 | DJ24: -0.021081471 | DK24: -0.33950921 | DL24: 0.061360513 | DM24: 0.14143953 | DN24: -0.14903326 | DO24: 0.11561196 | DP24: 0.14433064 | DQ24: 0.05048619 | DR24: 0.023391731 | DS24: 0.067362546 | DT24: 0.038362866 | DU24: 0.047638587 | DV24: -0.1582247 | DW24: 0.10885709 | DX24: 0.17373733 | DY24: 0.032066536 | DZ24: 0.048904664 | EA24: 0.054920184 | EB24: 0.10922877 | EC24: -0.25665138 | ED24: 0.056172845 | EE24: 0.10748066 | EF24: -0.067276677 | EG24: =AVERAGE(C24:EF24) -> -0.021011872 | EH24: =STDEV(C24:EF24) -> 0.19664321 | EI24: =EG24/EH24 -> -0.10685277
A25: 大盤 | B25: TWII | C25: -0.017446771 | D25: 0.020701061 | E25: 0.023982129 | F25: -0.006557579 | G25: 0.03184513 | H25: 0.034348533 | I25: -0.0082549328 | J25: 0.012843524 | K25: -0.051018525 | L25: 0.00087394274 | M25: 0.023389576 | N25: 0.012988972 | O25: 0.0058545887 | P25: 0.027413207 | Q25: -0.0037129361 | R25: 0.024076614 | S25: -0.012190025 | T25: -0.039749578 | U25: -0.07315545 | V25: -0.05826023 | W25: 0.00077279757 | X25: 0.044591521 | Y25: -0.02769968 | Z25: 0.0020950059 | AA25: -0.023400551 | AB25: 0.032129371 | AC25: 0.038903273 | AD25: -0.042865382 | AE25: 0.018647195 | AF25: 0.015229768 | AG25: 0.036016604 | AH25: 0.0093546114 | AI25: 0.010748251 | AJ25: 0.013357754 | AK25: -0.0053327473 | AL25: 0.0013831358 | AM25: 0.020795928 | AN25: 0.031517702 | AO25: 0.0062417165 | AP25: 0.0061452617 | AQ25: 0.016946358 | AR25: 0.03468283 | AS25: 0.0030985886 | AT25: 0.015081347 | AU25: -0.019251209 | AV25: 0.038711513 | AW25: -0.021856951 | AX25: 0.0077743007 | AY25: 0.042397247 | AZ25: -0.026308975 | BA25: 0.0095717493 | BB25: -0.024249741 | BC25: 0.020163374 | BD25: -0.0035049988 | BE25: 0.020151935 | BF25: 0.00058133623 | BG25: -0.005219701 | BH25: -0.11587176 | BI25: 0.0087252257 | BJ25: -0.016377261 | BK25: 0.020840372 | BL25: 0.044975872 | BM25: 0.023954306 | BN25: 0.030239101 | BO25: -0.043725888 | BP25: 0.02188947 | BQ25: 0.0086274303 | BR25: -0.019192954 | BS25: 0.01973513 | BT25: 0.047694337 | BU25: 0.011454817 | BV25: 0.043228621 | BW25: -0.04274743 | BX25: -0.017811292 | BY25: -0.1511531 | BZ25: 0.124224 | CA25: -0.0045572538 | CB25: 0.06021124 | CC25: 0.085992033 | CD25: -0.0058084796 | CE25: -0.006041347 | CF25: 0.0024523244 | CG25: 0.089636252 | CH25: 0.070992733 | CI25: 0.027170643 | CJ25: 0.052468428 | CK25: 0.029480661 | CL25: 0.066825081 | CM25: -0.028772229 | CN25: 0.039462516 | CO25: -0.029031087 | CP25: 0.013983883 | CQ25: -0.032276965 | CR25: 0.0031035766 | CS25: 0.025591856 | CT25: 0.044391886 | CU25: -0.030338959 | CV25: -0.0012579765 | CW25: 0.0023363565 | CX25: -0.064264145 | CY25: 0.012909779 | CZ25: -0.12547709 | DA25: 0.011690683 | DB25: 0.0063378437 | DC25: -0.11730536 | DD25: -0.036010872 | DE25: 0.1389113 | DF25: -0.051143506 | DG25: 0.076731447 | DH25: 0.015508782 | DI25: 0.023223774 | DJ25: -0.018372876 | DK25: 0.062199014 | DL25: 0.020098304 | DM25: 0.01349894 | DN25: -0.030252213 | DO25: -0.017022836 | DP25: -0.021788523 | DQ25: 0.085745625 | DR25: 0.028106744 | DS25: -0.0023031598 | DT25: 0.058471198 | DU25: 0.067658949 | DV25: 0.0050207706 | DW25: 0.037416184 | DX25: 0.084111004 | DY25: -0.036832399 | DZ25: 0.0030917028 | EA25: -0.0019576282 | EB25: 0.026459104 | EC25: -0.024752539 | ED25: 0.034115491 | EE25: 0.021061974 | EF25: -0.020277393 | EG25: =AVERAGE(C25:EF25) -> 0.0073485376 | EH25: =STDEV(C25:EF25) -> 0.04227637 | EI25: =EG25/EH25 -> 0.1738214
