Workbook

Sheet 真實IC
A1: REAL
B2: Time | C2: 2013/12 | D2: 2014/01 | E2: 2014/02 | F2: 2014/03 | G2: 2014/04 | H2: 2014/05 | I2: 2014/06 | J2: 2014/07 | K2: 2014/08 | L2: 2014/09 | M2: 2014/10 | N2: 2014/11 | O2: 2014/12 | P2: 2015/01 | Q2: 2015/02 | R2: 2015/03 | S2: 2015/04 | T2: 2015/05 | U2: 2015/06 | V2: 2015/07 | W2: 2015/08 | X2: 2015/09 | Y2: 2015/10 | Z2: 2015/11 | AA2: 2015/12 | AB2: 2016/01 | AC2: 2016/02 | AD2: 2016/03 | AE2: 2016/04 | AF2: 2016/05 | AG2: 2016/06 | AH2: 2016/07 | AI2: 2016/08 | AJ2: 2016/09 | AK2: 2016/10 | AL2: 2016/11 | AM2: 2016/12 | AN2: 2017/01 | AO2: 2017/02 | AP2: 2017/03 | AQ2: 2017/04 | AR2: 2017/05 | AS2: 2017/06 | AT2: 2017/07 | AU2: 2017/08 | AV2: 2017/09 | AW2: 2017/10 | AX2: 2017/11 | AY2: 2017/12 | AZ2: 2018/01 | BA2: 2018/02 | BB2: 2018/03 | BC2: 2018/04 | BD2: 2018/05 | BE2: 2018/06 | BF2: 2018/07 | BG2: 2018/08 | BH2: 2018/09 | BI2: 2018/10 | BJ2: 2018/11 | BK2: 2018/12 | BL2: 2019/01 | BM2: 2019/02 | BN2: 2019/03 | BO2: 2019/04 | BP2: 2019/05 | BQ2: 2019/06 | BR2: 2019/07 | BS2: 2019/08 | BT2: 2019/09 | BU2: 2019/10 | BV2: 2019/11 | BW2: 2019/12 | BX2: 2020/01 | BY2: 2020/02 | BZ2: 2020/03 | CA2: 2020/04 | CB2: 2020/05 | CC2: 2020/06 | CD2: 2020/07 | CE2: 2020/08 | CF2: 2020/09 | CG2: 2020/10 | CH2: 2020/11 | CI2: 2020/12 | CJ2: 2021/01 | CK2: 2021/02 | CL2: 2021/03 | CM2: 2021/04 | CN2: 2021/05 | CO2: 2021/06 | CP2: 2021/07 | CQ2: 2021/08 | CR2: 2021/09 | CS2: 2021/10 | CT2: 2021/11 | CU2: 2021/12 | CV2: 2022/01 | CW2: 2022/02 | CX2: 2022/03 | CY2: 2022/04 | CZ2: 2022/05 | DA2: 2022/06 | DB2: 2022/07 | DC2: 2022/08 | DD2: 2022/09 | DE2: 2022/10 | DF2: 2022/11 | DG2: 2022/12 | DH2: 2023/01 | DI2: 2023/02 | DJ2: 2023/03 | DK2: 2023/04 | DL2: 2023/05 | DM2: 2023/06 | DN2: 2023/07 | DO2: 2023/08 | DP2: 2023/09 | DQ2: 2023/10 | DR2: 2023/11 | DS2: 2023/12 | DT2: 2024/01 | DU2: 2024/02 | DV2: 2024/03 | DW2: 2024/04 | DX2: 2024/05 | DY2: 2024/06 | DZ2: 2024/07 | EA2: 2024/08 | EB2: 2024/09 | EC2: 2024/10 | ED2: 2024/11 | EE2: 2024/12 | EF2: 2025/01
B3: bm | C3: 0.10910583 | D3: 0.01457658 | E3: -0.0361544 | F3: -0.0047426 | G3: -0.0057478 | H3: 0.04937802 | I3: 0.18325177 | J3: 0.11648631 | K3: -0.0305949 | L3: 0.01982805 | M3: -0.020999 | N3: 0.14977942 | O3: 0.01546341 | P3: -0.0917923 | Q3: -0.077409 | R3: 0.0547766 | S3: -0.1253344 | T3: -0.1190534 | U3: -0.0377701 | V3: 0.08118382 | W3: 0.08400897 | X3: 0.14701136 | Y3: -0.1253605 | Z3: 0.19195355 | AA3: -0.0843708 | AB3: 0.07289761 | AC3: 0.10260456 | AD3: 0.01577017 | AE3: -0.1520072 | AF3: 0.05925025 | AG3: 0.13005884 | AH3: 0.1152564 | AI3: 0.03260662 | AJ3: 0.02799911 | AK3: 0.14657042 | AL3: 0.04084192 | AM3: 0.13137637 | AN3: 0.22143296 | AO3: -0.020941 | AP3: -0.13716 | AQ3: -0.0248829 | AR3: 0.01551397 | AS3: 0.03437304 | AT3: 0.06309569 | AU3: 0.0432377 | AV3: -0.0742304 | AW3: 0.02799483 | AX3: 0.11986442 | AY3: 0.07655957 | AZ3: -0.0217304 | BA3: -0.0012465 | BB3: 0.10099582 | BC3: 0.02982693 | BD3: 0.00867577 | BE3: 0.06855721 | BF3: 0.1569126 | BG3: 0.15920373 | BH3: 0.06112167 | BI3: 0.09691285 | BJ3: -0.0547462 | BK3: -0.087493 | BL3: 0.09442675 | BM3: -0.0221911 | BN3: 0.01562861 | BO3: 0.08141824 | BP3: -0.0185089 | BQ3: 0.06872957 | BR3: 0.00310236 | BS3: 0.07496442 | BT3: 0.04520159 | BU3: 0.02567733 | BV3: 0.09180403 | BW3: -0.026354 | BX3: 0.01939483 | BY3: -0.0768389 | BZ3: 0.11330931 | CA3: -0.1073549 | CB3: 0.04084479 | CC3: -0.0198017 | CD3: 0.18837709 | CE3: 0.05557491 | CF3: 0.07487207 | CG3: 0.10000019 | CH3: 0.13602172 | CI3: -0.093741 | CJ3: 0.0039306 | CK3: 0.05650778 | CL3: 0.26354578 | CM3: -0.0095554 | CN3: -0.0315119 | CO3: -0.022619 | CP3: 0.13265561 | CQ3: 0.13307278 | CR3: -0.0149564 | CS3: -0.0334199 | CT3: 0.01228121 | CU3: 0.11681498 | CV3: -0.0031589 | CW3: 0.03821776 | CX3: 0.13917409 | CY3: -0.0237123 | CZ3: 0.21835291 | DA3: -0.0579674 | DB3: -0.0141042 | DC3: 0.11395608 | DD3: 0.07447226 | DE3: -0.0008997 | DF3: 0.00097707 | DG3: -0.0729801 | DH3: -0.0238453 | DI3: -0.1015307 | DJ3: 0.02769254 | DK3: -0.0493352 | DL3: -0.0056994 | DM3: -0.0369818 | DN3: 0.10981299 | DO3: 0.04203683 | DP3: 0.08456667 | DQ3: -0.1102798 | DR3: 0.09432871 | DS3: -0.0719069 | DT3: -0.0962364 | DU3: 0.00234555 | DV3: 0.13401742 | DW3: 0.09473252 | DX3: -0.1037732 | DY3: 0.07576215 | DZ3: -0.0318297 | EA3: 0.16130802 | EB3: 0.01020353 | EC3: 0.07398843 | ED3: -0.1573769 | EE3: 0.07913755 | EF3: 0.07252855 | EG3: =CORREL([1]bm補值!EG$2:EG$972,[1]下個月月報酬補值!EG$2:EG$972) -> 0.14231066
B4: size | C4: -0.2475887 | D4: -0.2746933 | E4: -0.0846484 | F4: 0.02264463 | G4: -0.04968 | H4: -0.1007596 | I4: -0.0125227 | J4: 0.07873654 | K4: -0.0341851 | L4: 0.08840679 | M4: -0.0030635 | N4: -0.212218 | O4: -0.0368054 | P4: 0.07103312 | Q4: -0.0712611 | R4: 0.02156045 | S4: 0.10111126 | T4: 0.04322473 | U4: 0.01488195 | V4: 0.00632602 | W4: -0.143553 | X4: -0.0642822 | Y4: -0.0190342 | Z4: -0.0206446 | AA4: 0.03305953 | AB4: -0.0194182 | AC4: -0.0631268 | AD4: -0.0656297 | AE4: 0.13799568 | AF4: -0.1005679 | AG4: -0.0379691 | AH4: -0.0458395 | AI4: -0.0510341 | AJ4: -0.0032204 | AK4: 0.00048952 | AL4: -0.1064467 | AM4: -0.013724 | AN4: -0.1219647 | AO4: -0.0485897 | AP4: -0.0019032 | AQ4: 0.02906749 | AR4: 0.05263577 | AS4: -0.0128933 | AT4: -0.0021311 | AU4: -0.1553844 | AV4: 0.01268178 | AW4: -0.0119423 | AX4: -0.0042538 | AY4: 0.02930087 | AZ4: -0.1341275 | BA4: -0.1371115 | BB4: 0.00175466 | BC4: 0.02511712 | BD4: -0.1196019 | BE4: 0.13576165 | BF4: 0.04709117 | BG4: -0.0260501 | BH4: 0.04375276 | BI4: -0.0813918 | BJ4: -0.1006008 | BK4: 0.09049007 | BL4: -0.0308985 | BM4: 0.05881417 | BN4: 0.08134563 | BO4: -0.0077164 | BP4: 0.10673487 | BQ4: -0.0271563 | BR4: -0.054431 | BS4: -0.0682293 | BT4: 0.09861222 | BU4: 0.12839854 | BV4: -0.0784025 | BW4: -0.1191337 | BX4: -0.0468901 | BY4: 0.10169835 | BZ4: -0.0256801 | CA4: -0.0833018 | CB4: -0.1578276 | CC4: -0.0710526 | CD4: -0.0738755 | CE4: -0.2367865 | CF4: 0.03262771 | CG4: 0.01342309 | CH4: -0.0027967 | CI4: 0.0479257 | CJ4: -0.003252 | CK4: -0.0757082 | CL4: -0.0443973 | CM4: 0.17898859 | CN4: 0.05799427 | CO4: -0.1393902 | CP4: 0.06471467 | CQ4: -0.1811879 | CR4: -0.0886335 | CS4: -0.0253218 | CT4: -0.1130791 | CU4: 0.00809596 | CV4: -0.0452002 | CW4: -0.0589412 | CX4: -0.1077283 | CY4: -0.0965035 | CZ4: -0.2103543 | DA4: -0.1099611 | DB4: -0.1908205 | DC4: -0.0207273 | DD4: 0.08702909 | DE4: 0.08202459 | DF4: -0.1668767 | DG4: 0.22243809 | DH4: -0.1442978 | DI4: -0.1196199 | DJ4: -0.1015928 | DK4: 0.09285506 | DL4: -0.0426305 | DM4: 0.08273207 | DN4: -0.0310495 | DO4: -0.098142 | DP4: -0.1305889 | DQ4: 0.04865572 | DR4: -0.0392519 | DS4: -0.1610302 | DT4: -0.078884 | DU4: 0.16407715 | DV4: 0.00750526 | DW4: -0.1016452 | DX4: -0.0560403 | DY4: -0.1066567 | DZ4: -0.0691866 | EA4: -0.1261887 | EB4: -0.0647371 | EC4: 0.05142609 | ED4: 0.03449673 | EE4: 0.1576776 | EF4: -0.12718 | EG4: =CORREL([2]size補值!EG$2:EG$965,[2]下個月月報酬補值!EG$2:EG$965) -> -0.15895949
B5: mom | C5: -0.05424 | D5: 0.045377 | E5: -0.01775 | F5: -0.08769 | G5: 0.102759 | H5: 0.002511 | I5: -0.0183 | J5: 0.022111 | K5: 0.077258 | L5: 0.009344 | M5: 0.053602 | N5: -0.06788 | O5: 0.06493 | P5: 0.004881 | Q5: 0.019198 | R5: -0.00547 | S5: 0.036551 | T5: 0.129185 | U5: 0.013692 | V5: 0.015295 | W5: -0.10469 | X5: -0.29385 | Y5: 0.059212 | Z5: -0.18495 | AA5: 0.098247 | AB5: -0.00066 | AC5: -0.10369 | AD5: 0.003545 | AE5: 0.175601 | AF5: -0.15503 | AG5: -0.02633 | AH5: -0.005 | AI5: 0.028068 | AJ5: -0.02238 | AK5: -0.04702 | AL5: -0.10156 | AM5: 0.023525 | AN5: 0.052525 | AO5: 0.058503 | AP5: 0.033447 | AQ5: 0.0143 | AR5: 0.035904 | AS5: 0.039782 | AT5: 0.148456 | AU5: -0.04079 | AV5: 0.138959 | AW5: 0.059863 | AX5: -0.14979 | AY5: 0.061596 | AZ5: -0.06195 | BA5: -0.00239 | BB5: -0.14887 | BC5: 0.060351 | BD5: -0.01469 | BE5: -0.14652 | BF5: -0.20876 | BG5: -0.20144 | BH5: -0.11805 | BI5: -0.07703 | BJ5: -0.03622 | BK5: -0.01891 | BL5: -0.17126 | BM5: 0.132917 | BN5: -0.03591 | BO5: 0.021345 | BP5: 0.049635 | BQ5: -0.01721 | BR5: 0.189827 | BS5: -0.09761 | BT5: 0.037831 | BU5: 0.056008 | BV5: -0.11674 | BW5: -0.14132 | BX5: -0.00338 | BY5: 0.130336 | BZ5: 0.031698 | CA5: 0.040555 | CB5: -0.04204 | CC5: 0.050014 | CD5: -0.06846 | CE5: -0.08083 | CF5: -0.00195 | CG5: -0.11821 | CH5: -0.03672 | CI5: -0.08333 | CJ5: 0.230673 | CK5: 0.132779 | CL5: 0.141287 | CM5: -0.11269 | CN5: 0.223489 | CO5: -0.10442 | CP5: -0.01443 | CQ5: -0.20723 | CR5: -0.13486 | CS5: 0.073008 | CT5: -0.03022 | CU5: -0.28689 | CV5: 0.230731 | CW5: 0.091076 | CX5: -0.12249 | CY5: 0.078382 | CZ5: -0.04595 | DA5: 0.08267 | DB5: 0.149349 | DC5: -0.0478 | DD5: -0.16451 | DE5: -0.11057 | DF5: 0.057417 | DG5: -0.21489 | DH5: 0.062997 | DI5: 0.067721 | DJ5: 0.118802 | DK5: 0.007283 | DL5: 0.071321 | DM5: 0.021022 | DN5: -0.0304 | DO5: -0.09695 | DP5: -0.23068 | DQ5: 0.238184 | DR5: 0.003575 | DS5: 0.133956 | DT5: 0.115106 | DU5: 0.10408 | DV5: -0.05461 | DW5: -0.03329 | DX5: 0.055095 | DY5: 0.068794 | DZ5: 0.014481 | EA5: -0.29314 | EB5: -0.14098 | EC5: -0.01221 | ED5: 0.058168 | EE5: -0.1444 | EF5: -0.09701
A6: 選絕對值最大 | C6: {=MATCH(MAX(ABS(C3:C5)), ABS(C3:C5), 0)} -> 2 | D6: {=MATCH(MAX(ABS(D3:D5)), ABS(D3:D5), 0)} -> 2 | E6: {=MATCH(MAX(ABS(E3:E5)), ABS(E3:E5), 0)} -> 2 | F6: {=MATCH(MAX(ABS(F3:F5)), ABS(F3:F5), 0)} -> 3 | G6: {=MATCH(MAX(ABS(G3:G5)), ABS(G3:G5), 0)} -> 3 | H6: {=MATCH(MAX(ABS(H3:H5)), ABS(H3:H5), 0)} -> 2 | I6: {=MATCH(MAX(ABS(I3:I5)), ABS(I3:I5), 0)} -> 1 | J6: {=MATCH(MAX(ABS(J3:J5)), ABS(J3:J5), 0)} -> 1 | ... EG6: {=MATCH(MAX(ABS(EG3:EG5)), ABS(EG3:EG5), 0)} -> 2
C7: =IF(C6=1,"bm",IF(C6=2,"size",IF(C6=3,"mom"))) -> size | D7: =IF(D6=1,"bm",IF(D6=2,"size",IF(D6=3,"mom"))) -> size | E7: =IF(E6=1,"bm",IF(E6=2,"size",IF(E6=3,"mom"))) -> size | F7: =IF(F6=1,"bm",IF(F6=2,"size",IF(F6=3,"mom"))) -> mom | G7: =IF(G6=1,"bm",IF(G6=2,"size",IF(G6=3,"mom"))) -> mom | H7: =IF(H6=1,"bm",IF(H6=2,"size",IF(H6=3,"mom"))) -> size | I7: =IF(I6=1,"bm",IF(I6=2,"size",IF(I6=3,"mom"))) -> bm | J7: =IF(J6=1,"bm",IF(J6=2,"size",IF(J6=3,"mom"))) -> bm | ... EG7: =IF(EG6=1,"bm",IF(EG6=2,"size",IF(EG6=3,"mom"))) -> size
C8: =IF(C6=1,C3,IF(C6=2,C4,IF(C6=3,C5))) -> -0.2475887 | D8: =IF(D6=1,D3,IF(D6=2,D4,IF(D6=3,D5))) -> -0.2746933 | E8: =IF(E6=1,E3,IF(E6=2,E4,IF(E6=3,E5))) -> -0.0846484 | F8: =IF(F6=1,F3,IF(F6=2,F4,IF(F6=3,F5))) -> -0.08769 | G8: =IF(G6=1,G3,IF(G6=2,G4,IF(G6=3,G5))) -> 0.102759 | H8: =IF(H6=1,H3,IF(H6=2,H4,IF(H6=3,H5))) -> -0.1007596 | I8: =IF(I6=1,I3,IF(I6=2,I4,IF(I6=3,I5))) -> 0.18325177 | J8: =IF(J6=1,J3,IF(J6=2,J4,IF(J6=3,J5))) -> 0.11648631 | ... EG8: =IF(EG6=1,EG3,IF(EG6=2,EG4,IF(EG6=3,EG5))) -> -0.15895949
A10: 投資組合 | C10: 公司數 | D10: 964
A11: 等第 | B11: 分數 | C11: 2014/01 | D11: 2014/02 | E11: 2014/03 | F11: 2014/04 | G11: 2014/05 | H11: 2014/06 | I11: 2014/07 | J11: 2014/08 | K11: 2014/09 | L11: 2014/10 | M11: 2014/11 | N11: 2014/12 | O11: 2015/01 | P11: 2015/02 | Q11: 2015/03 | R11: 2015/04 | S11: 2015/05 | T11: 2015/06 | U11: 2015/07 | V11: 2015/08 | W11: 2015/09 | X11: 2015/10 | Y11: 2015/11 | Z11: 2015/12 | AA11: 2016/01 | AB11: 2016/02 | AC11: 2016/03 | AD11: 2016/04 | AE11: 2016/05 | AF11: 2016/06 | AG11: 2016/07 | AH11: 2016/08 | AI11: 2016/09 | AJ11: 2016/10 | AK11: 2016/11 | AL11: 2016/12 | AM11: 2017/01 | AN11: 2017/02 | AO11: 2017/03 | AP11: 2017/04 | AQ11: 2017/05 | AR11: 2017/06 | AS11: 2017/07 | AT11: 2017/08 | AU11: 2017/09 | AV11: 2017/10 | AW11: 2017/11 | AX11: 2017/12 | AY11: 2018/01 | AZ11: 2018/02 | BA11: 2018/03 | BB11: 2018/04 | BC11: 2018/05 | BD11: 2018/06 | BE11: 2018/07 | BF11: 2018/08 | BG11: 2018/09 | BH11: 2018/10 | BI11: 2018/11 | BJ11: 2018/12 | BK11: 2019/01 | BL11: 2019/02 | BM11: 2019/03 | BN11: 2019/04 | BO11: 2019/05 | BP11: 2019/06 | BQ11: 2019/07 | BR11: 2019/08 | BS11: 2019/09 | BT11: 2019/10 | BU11: 2019/11 | BV11: 2019/12 | BW11: 2020/01 | BX11: 2020/02 | BY11: 2020/03 | BZ11: 2020/04 | CA11: 2020/05 | CB11: 2020/06 | CC11: 2020/07 | CD11: 2020/08 | CE11: 2020/09 | CF11: 2020/10 | CG11: 2020/11 | CH11: 2020/12 | CI11: 2021/01 | CJ11: 2021/02 | CK11: 2021/03 | CL11: 2021/04 | CM11: 2021/05 | CN11: 2021/06 | CO11: 2021/07 | CP11: 2021/08 | CQ11: 2021/09 | CR11: 2021/10 | CS11: 2021/11 | CT11: 2021/12 | CU11: 2022/01 | CV11: 2022/02 | CW11: 2022/03 | CX11: 2022/04 | CY11: 2022/05 | CZ11: 2022/06 | DA11: 2022/07 | DB11: 2022/08 | DC11: 2022/09 | DD11: 2022/10 | DE11: 2022/11 | DF11: 2022/12 | DG11: 2023/01 | DH11: 2023/02 | DI11: 2023/03 | DJ11: 2023/04 | DK11: 2023/05 | DL11: 2023/06 | DM11: 2023/07 | DN11: 2023/08 | DO11: 2023/09 | DP11: 2023/10 | DQ11: 2023/11 | DR11: 2023/12 | DS11: 2024/01 | DT11: 2024/02 | DU11: 2024/03 | DV11: 2024/04 | DW11: 2024/05 | DX11: 2024/06 | DY11: 2024/07 | DZ11: 2024/08 | EA11: 2024/09 | EB11: 2024/10 | EC11: 2024/11 | ED11: 2024/12 | EE11: 2025/01 | EF11: 2025/02 | EG11: SUM | EH11: 勝率
A12: 10 | B12: 96 | C12: 0.084653347 | D12: 0.11468863 | E12: 0.048026823 | F12: 0.055959385 | G12: 0.031947449 | H12: 0.038530512 | I12: 0.036303937 | J12: 0.043784579 | K12: 0.029187998 | L12: 0.041890941 | M12: 0.026889174 | N12: 0.069326987 | O12: 0.027914759 | P12: 0.021420421 | Q12: 0.033792784 | R12: 0.013397506 | S12: 0.071053897 | T12: 0.047867716 | U12: 0.020367221 | V12: 0.045029991 | W12: 0.064039415 | X12: 0.10964075 | Y12: 0.016788377 | Z12: 0.063623683 | AA12: 0.026918479 | AB12: 0.034689111 | AC12: 0.046772946 | AD12: 0.0093922433 | AE12: 0.046437717 | AF12: 0.052012103 | AG12: 0.029982145 | AH12: 0.013405805 | AI12: 0.023246459 | AJ12: 0.012983748 | AK12: 0.048123704 | AL12: 0.034105621 | AM12: 0.030086116 | AN12: 0.069233234 | AO12: 0.014995471 | AP12: 0.033718345 | AQ12: 0.0066823428 | AR12: 0.0075044281 | AS12: 0.019976273 | AT12: 0.072195382 | AU12: 0.063410262 | AV12: 0.053715631 | AW12: 0.017169705 | AX12: 0.044696012 | AY12: 0.024955293 | AZ12: 0.066563803 | BA12: 0.071276156 | BB12: 0.029036655 | BC12: 0.026690966 | BD12: 0.049233622 | BE12: 0.035368545 | BF12: 0.067616949 | BG12: 0.046757754 | BH12: 0.035079589 | BI12: 0.050021253 | BJ12: 0.043422499 | BK12: 0.020075652 | BL12: 0.032129098 | BM12: 0.050305685 | BN12: 0.019502538 | BO12: 0.02424631 | BP12: 0.026421957 | BQ12: 0.01389675 | BR12: 0.068693615 | BS12: 0.032642855 | BT12: 0.021288097 | BU12: 0.04808337 | BV12: 0.042282389 | BW12: 0.044477004 | BX12: 0.015984152 | BY12: 0.058929916 | BZ12: 0.045356946 | CA12: 0.034400287 | CB12: 0.072475876 | CC12: 0.065566613 | CD12: 0.11093363 | CE12: 0.15400701 | CF12: 0.027767583 | CG12: 0.04927796 | CH12: 0.063297372 | CI12: 0.034655912 | CJ12: 0.054120067 | CK12: 0.056101441 | CL12: 0.11801561 | CM12: 0.071708388 | CN12: 0.078465204 | CO12: 0.071292243 | CP12: 0.045299021 | CQ12: 0.062684347 | CR12: 0.057159987 | CS12: 0.00097857359 | CT12: 0.032114011 | CU12: 0.074779529 | CV12: 0.065033306 | CW12: 0.013036669 | CX12: 0.060989883 | CY12: 0.046072978 | CZ12: 0.077792327 | DA12: 0.036978661 | DB12: 0.088981816 | DC12: 0.033973203 | DD12: 0.069960546 | DE12: 0.024737644 | DF12: 0.055485734 | DG12: 0.046409818 | DH12: 0.061195155 | DI12: 0.059749068 | DJ12: 0.041378043 | DK12: 0.031928199 | DL12: 0.018669833 | DM12: 0.019237694 | DN12: 0.042410365 | DO12: 0.030556942 | DP12: 0.059408695 | DQ12: 0.074540647 | DR12: 0.018778943 | DS12: 0.069650552 | DT12: 0.024813842 | DU12: 0.057230283 | DV12: 0.048550824 | DW12: 0.044967834 | DX12: 0.050152081 | DY12: 0.053145311 | DZ12: 0.0062271493 | EA12: 0.11312704 | EB12: 0.030525777 | EC12: 0.02665151 | ED12: 0.060508153 | EE12: 0.026506892 | EF12: 0.029233766 | EG12: =SUM(C12:EF12) -> 6.1316168 | EH12: =SUM(C12:EE12)/134 -> 0.045540172
A13: 20 | B13: 48 | C13: 0.10411275 | D13: 0.12374503 | E13: 0.069861556 | F13: 0.059986527 | G13: 0.012047404 | H13: 0.029989632 | I13: 0.032682863 | J13: 0.034549892 | K13: 0.060326139 | L13: 0.0060251613 | M13: 0.0032797582 | N13: 0.099806917 | O13: 0.017422699 | P13: 0.020856913 | Q13: 0.044218264 | R13: 0.0064899102 | S13: 0.1229153 | T13: 0.074234082 | U13: 0.054161075 | V13: 0.052779739 | W13: 0.075476562 | X13: 0.12112777 | Y13: 0.026471883 | Z13: 0.078424435 | AA13: 0.047712648 | AB13: 0.04667822 | AC13: 0.0667717 | AD13: 0.02154369 | AE13: 0.077071417 | AF13: 0.073281161 | AG13: 0.031681783 | AH13: 0.0096413392 | AI13: 0.01990991 | AJ13: -0.01628047 | AK13: 0.065987913 | AL13: 0.022550358 | AM13: 0.046282444 | AN13: 0.10533024 | AO13: -0.0017088467 | AP13: 0.05955084 | AQ13: 0.011082994 | AR13: -0.0092507325 | AS13: 0.023404964 | AT13: 0.086422915 | AU13: 0.076784334 | AV13: 0.079665976 | AW13: 0.026821238 | AX13: 0.032799832 | AY13: 0.017564346 | AZ13: 0.055449776 | BA13: 0.07982912 | BB13: 0.022547401 | BC13: 0.019110867 | BD13: 0.041676314 | BE13: 0.043773789 | BF13: 0.12165714 | BG13: 0.088397546 | BH13: 0.041023656 | BI13: 0.052409132 | BJ13: 0.051451919 | BK13: 0.025125773 | BL13: 0.03446004 | BM13: 0.053371769 | BN13: -0.0048576031 | BO13: 0.030878716 | BP13: 0.0079511464 | BQ13: 0.041653064 | BR13: 0.079831457 | BS13: 0.040180514 | BT13: 0.03366777 | BU13: 0.074658168 | BV13: 0.079930834 | BW13: 0.075714006 | BX13: 0.0014774348 | BY13: 0.039201957 | BZ13: 0.076138123 | CA13: 0.033531566 | CB13: 0.12042697 | CC13: 0.12011817 | CD13: 0.10508583 | CE13: 0.18382784 | CF13: 0.044514267 | CG13: 0.058014968 | CH13: 0.058334612 | CI13: 0.051853509 | CJ13: 0.054810181 | CK13: 0.065687126 | CL13: 0.081453366 | CM13: 0.10145222 | CN13: 0.10099417 | CO13: 0.085566239 | CP13: 0.06972654 | CQ13: 0.071178865 | CR13: 0.11164489 | CS13: 0.0095676537 | CT13: 0.043462268 | CU13: 0.10709096 | CV13: 0.077656051 | CW13: 0.03630912 | CX13: 0.060033255 | CY13: 0.062296947 | CZ13: 0.05722422 | DA13: 0.049446034 | DB13: 0.10623532 | DC13: 0.029775566 | DD13: 0.068977059 | DE13: 0.022441996 | DF13: 0.083122187 | DG13: 0.047729084 | DH13: 0.088720601 | DI13: 0.089748564 | DJ13: 0.0070211236 | DK13: 0.019386634 | DL13: 0.022050691 | DM13: -0.00053162261 | DN13: 0.011499578 | DO13: 0.037863465 | DP13: 0.058032309 | DQ13: 0.087129011 | DR13: 0.013771209 | DS13: 0.068596853 | DT13: 0.029845809 | DU13: 0.033006159 | DV13: 0.079620144 | DW13: 0.042028686 | DX13: 0.06452338 | DY13: 0.056981339 | DZ13: 0.018302124 | EA13: 0.12446896 | EB13: 0.057205293 | EC13: 0.041659753 | ED13: 0.065682094 | EE13: 0.041234384 | EF13: 0.04451361 | EG13: =SUM(C13:EF13) -> 7.2409515 | EH13: =SUM(C13:EE13)/134 -> 0.05370476
A14: 50 | B14: 19 | C14: 0.11994149 | D14: 0.22230845 | E14: 0.098768248 | F14: 0.060341905 | G14: 0.05365663 | H14: 0.059587806 | I14: 0.04378736 | J14: 0.023309972 | K14: 0.050827466 | L14: 0.0084804476 | M14: -0.019021714 | N14: 0.20483258 | O14: 0.0014944079 | P14: 0.058345922 | Q14: 0.12410387 | R14: -0.015941187 | S14: 0.16589323 | T14: 0.035019555 | U14: 0.10426666 | V14: 0.020089127 | W14: 0.11616579 | X14: 0.1866857 | Y14: 0.0052198746 | Z14: 0.038511926 | AA14: 0.099905879 | AB14: 0.070769377 | AC14: -0.0030865623 | AD14: 0.039327892 | AE14: 0.11683692 | AF14: 0.096080095 | AG14: 0.020520895 | AH14: 0.0052502779 | AI14: 0.010964571 | AJ14: 0.015059036 | AK14: 0.076911431 | AL14: 0.018559542 | AM14: 0.061242166 | AN14: 0.098594667 | AO14: -0.038044353 | AP14: 0.069976525 | AQ14: 0.0081284167 | AR14: -0.018170823 | AS14: -0.0066693384 | AT14: 0.07940348 | AU14: 0.13785248 | AV14: 0.066258749 | AW14: 0.053928681 | AX14: 0.019370213 | AY14: 0.015068119 | AZ14: 0.025628928 | BA14: 0.096337325 | BB14: 0.11031125 | BC14: -0.028505683 | BD14: 0.01641751 | BE14: 0.07008177 | BF14: 0.15382926 | BG14: 0.12530531 | BH14: 0.073413464 | BI14: 0.050185213 | BJ14: 0.024016934 | BK14: -0.033237382 | BL14: 0.059996896 | BM14: 0.046278325 | BN14: -0.046576644 | BO14: 0.033609046 | BP14: -0.050332283 | BQ14: 0.015843524 | BR14: 0.10005242 | BS14: 0.030332724 | BT14: -0.015287928 | BU14: 0.11115945 | BV14: 0.10798163 | BW14: 0.13089751 | BX14: -0.00030713422 | BY14: -0.04260449 | BZ14: 0.060034057 | CA14: 0.024465266 | CB14: 0.1644655 | CC14: 0.12059616 | CD14: 0.09801671 | CE14: 0.1705553 | CF14: 0.092330683 | CG14: 0.057320664 | CH14: 0.064661392 | CI14: 0.10588478 | CJ14: 0.017796116 | CK14: 0.053792087 | CL14: 0.062269955 | CM14: 0.11006897 | CN14: 0.17459567 | CO14: 0.17324915 | CP14: 0.099809331 | CQ14: 0.0322279 | CR14: 0.20771971 | CS14: -0.0044126335 | CT14: 0.061872352 | CU14: 0.101545 | CV14: 0.15139684 | CW14: 0.044763884 | CX14: 0.036299409 | CY14: 0.050137743 | CZ14: 0.064063563 | DA14: 0.065393327 | DB14: 0.10460744 | DC14: 0.023632609 | DD14: 0.079205352 | DE14: 0.062526924 | DF14: 0.20156284 | DG14: 0.045583396 | DH14: 0.058741194 | DI14: 0.086646448 | DJ14: 0.0087940294 | DK14: 0.08162155 | DL14: 0.040754872 | DM14: 0.0011211497 | DN14: 0.042662496 | DO14: 0.10259219 | DP14: 0.062914808 | DQ14: 0.071172565 | DR14: 0.052622519 | DS14: 0.05605182 | DT14: 0.0077542903 | DU14: 0.068795273 | DV14: 0.10826235 | DW14: 0.0018093095 | DX14: 0.10193151 | DY14: 0.0742587 | DZ14: 0.035031 | EA14: 0.062912685 | EB14: 0.078179831 | EC14: 0.0060793821 | ED14: 0.10262971 | EE14: -0.0033992535 | EF14: 0.025525355 | EG14: =SUM(C14:EF14) -> 8.359044 | EH14: =SUM(C14:EE14)/134 -> 0.062190438
A15: 100 | B15: 10 | C15: 0.22764466 | D15: 0.37270922 | E15: 0.06204568 | F15: -0.034921437 | G15: 0.034403921 | H15: 0.1188437 | I15: 0.058431444 | J15: 0.049961465 | K15: 0.094514798 | L15: -0.012967085 | M15: -0.0021330164 | N15: 0.33030934 | O15: -0.012270796 | P15: 0.064116183 | Q15: 0.15553684 | R15: -0.05212969 | S15: 0.2700079 | T15: 0.045891077 | U15: 0.13696806 | V15: -0.017131853 | W15: 0.10693456 | X15: 0.21118633 | Y15: -0.020629974 | Z15: 0.046719972 | AA15: 0.16085038 | AB15: 0.083700173 | AC15: 0.0043176688 | AD15: 0.039690481 | AE15: 0.21179264 | AF15: 0.13772629 | AG15: 0.010123478 | AH15: -0.033604373 | AI15: 0.07427696 | AJ15: 0.00946486 | AK15: 0.06175962 | AL15: -0.0068817591 | AM15: 0.055122622 | AN15: 0.10168871 | AO15: -0.05138452 | AP15: 0.078285694 | AQ15: 0.019750987 | AR15: -0.02455082 | AS15: -0.048733221 | AT15: 0.070989813 | AU15: 0.16710843 | AV15: 0.037297929 | AW15: 0.091727473 | AX15: 0.081360566 | AY15: 0.028017064 | AZ15: 0.036847352 | BA15: 0.15768795 | BB15: 0.19771315 | BC15: -0.030936692 | BD15: 0.007362916 | BE15: 0.041397971 | BF15: 0.21087209 | BG15: 0.16605122 | BH15: 0.098649046 | BI15: 0.068586659 | BJ15: 0.075153898 | BK15: -0.072869419 | BL15: 0.059755421 | BM15: 0.048219004 | BN15: -0.066054035 | BO15: 0.027734476 | BP15: -0.051616854 | BQ15: 0.012802931 | BR15: 0.12376214 | BS15: 0.011865911 | BT15: 0.036633666 | BU15: 0.085545734 | BV15: 0.10464004 | BW15: 0.29887899 | BX15: 0.023949431 | BY15: -0.12602357 | BZ15: 0.10290647 | CA15: 0.018592021 | CB15: 0.1310914 | CC15: 0.17365171 | CD15: 0.12015208 | CE15: 0.07336812 | CF15: 0.09435665 | CG15: 0.085886022 | CH15: 0.062885958 | CI15: 0.038798415 | CJ15: 0.040671717 | CK15: 0.095640748 | CL15: 0.031421975 | CM15: 0.10811976 | CN15: 0.14314982 | CO15: 0.17335999 | CP15: 0.12753584 | CQ15: -0.02496336 | CR15: 0.18148893 | CS15: 0.0064830511 | CT15: 0.032216556 | CU15: 0.12404993 | CV15: 0.18261155 | CW15: 0.026072091 | CX15: 0.024039607 | CY15: 0.055732711 | CZ15: 0.079886948 | DA15: 0.088862212 | DB15: 0.097048242 | DC15: 0.03507515 | DD15: 0.014506726 | DE15: 0.057163635 | DF15: 0.30272045 | DG15: 0.047917485 | DH15: 0.12962194 | DI15: 0.042811767 | DJ15: 0.060023777 | DK15: 0.10032893 | DL15: -0.0003039932 | DM15: -0.0017732647 | DN15: 0.043996497 | DO15: 0.15954541 | DP15: 0.13430495 | DQ15: 0.037038689 | DR15: 0.070010567 | DS15: 0.037530144 | DT15: 0.05271879 | DU15: 0.11712765 | DV15: 0.13976836 | DW15: -0.060826326 | DX15: 0.11861625 | DY15: 0.14360957 | DZ15: 0.040455653 | EA15: 0.04345122 | EB15: 0.08808745 | EC15: 0.066081856 | ED15: 0.11335706 | EE15: 0.0031907205 | EF15: 0.029646055 | EG15: =SUM(C15:EF15) -> 9.8014682 | EH15: =SUM(C15:EE15)/134 -> 0.072924046
A16: 107 | B16: 9 | C16: 0.20787478 | D16: 0.40819498 | E16: 0.065006577 | F16: -0.078715472 | G16: 0.0081465507 | H16: 0.072848056 | I16: 0.057530619 | J16: 0.046709926 | K16: 0.086420892 | L16: -0.031027151 | M16: -0.013987436 | N16: 0.36698761 | O16: -0.028587077 | P16: 0.061045232 | Q16: 0.15790307 | R16: -0.048990978 | S16: 0.28706302 | T16: 0.038406673 | U16: 0.13006247 | V16: -0.0060221453 | W16: 0.078373488 | X16: 0.24053196 | Y16: -0.020180588 | Z16: 0.043057931 | AA16: 0.16615889 | AB16: 0.074985042 | AC16: -0.012765448 | AD16: 0.034811172 | AE16: 0.20962824 | AF16: 0.14791561 | AG16: 0.013290753 | AH16: -0.0317654 | AI16: 0.090522649 | AJ16: -0.0070259661 | AK16: 0.064421401 | AL16: -0.014472512 | AM16: 0.066076731 | AN16: 0.1064562 | AO16: -0.041090153 | AP16: 0.077798368 | AQ16: 0.024036054 | AR16: -0.03249276 | AS16: -0.052642718 | AT16: 0.12256404 | AU16: 0.17023589 | AV16: 0.052080835 | AW16: 0.10898494 | AX16: 0.10062133 | AY16: 0.03381259 | AZ16: 0.046826876 | BA16: 0.1599907 | BB16: 0.22547356 | BC16: -0.038999392 | BD16: 0.0062821844 | BE16: 0.061197644 | BF16: 0.24778686 | BG16: 0.16122957 | BH16: 0.096162035 | BI16: 0.041443808 | BJ16: 0.081428119 | BK16: -0.1047732 | BL16: 0.061173599 | BM16: 0.039497985 | BN16: -0.06719797 | BO16: 0.02189036 | BP16: -0.057750061 | BQ16: 0.016478016 | BR16: 0.13058297 | BS16: 0.032006987 | BT16: 0.038066078 | BU16: 0.10153657 | BV16: 0.036585638 | BW16: 0.31797083 | BX16: 0.024078272 | BY16: -0.13255841 | BZ16: 0.11152585 | CA16: 0.02971439 | CB16: 0.13930874 | CC16: 0.044388153 | CD16: 0.15507127 | CE16: 0.09361423 | CF16: 0.10520126 | CG16: 0.061727878 | CH16: 0.041697415 | CI16: 0.038709882 | CJ16: 0.029703385 | CK16: 0.08842269 | CL16: 0.015878682 | CM16: 0.11305584 | CN16: 0.16035992 | CO16: 0.20954752 | CP16: 0.13663169 | CQ16: -0.02033378 | CR16: 0.18928653 | CS16: 0.040852188 | CT16: 0.048903526 | CU16: 0.1354717 | CV16: 0.17225152 | CW16: 0.047341659 | CX16: 0.012240285 | CY16: 0.058554306 | CZ16: 0.10263326 | DA16: 0.11818133 | DB16: 0.098017283 | DC16: 0.042942362 | DD16: 0.03174371 | DE16: 0.0345524 | DF16: 0.32557955 | DG16: 0.045676915 | DH16: 0.13714776 | DI16: 0.047829608 | DJ16: 0.070955052 | DK16: 0.096254625 | DL16: -0.021872874 | DM16: -0.038134996 | DN16: 0.042437853 | DO16: 0.16959095 | DP16: 0.16033399 | DQ16: 0.047070156 | DR16: 0.055191252 | DS16: 0.021440673 | DT16: 0.059112975 | DU16: 0.12277205 | DV16: 0.13695373 | DW16: -0.071302574 | DX16: 0.12528471 | DY16: 0.15757213 | DZ16: 0.058810748 | EA16: 0.00042051524 | EB16: 0.1006791 | EC16: 0.063532067 | ED16: 0.11541675 | EE16: 0.0043966753 | EF16: 0.034550636 | EG16: =SUM(C16:EF16) -> 9.9021055 | EH16: =SUM(C16:EE16)/134 -> 0.073638469
A17: 120 | B17: 8 | C17: 0.20609219 | D17: 0.43958849 | E17: 0.079589849 | F17: -0.080752164 | G17: 0.10538707 | H17: 0.10499405 | I17: 0.11372503 | J17: 0.041858395 | K17: 0.10156008 | L17: -0.03377593 | M17: 0.014659142 | N17: 0.40510801 | O17: -0.011306676 | P17: 0.066339369 | Q17: 0.16180129 | R17: -0.052057609 | S17: 0.31065343 | T17: 0.023342586 | U17: 0.14127114 | V17: 0.0040111898 | W17: 0.079141989 | X17: 0.23798943 | Y17: -0.022928011 | Z17: 0.053868489 | AA17: 0.19128344 | AB17: 0.084852063 | AC17: -0.020086255 | AD17: 0.068619823 | AE17: 0.2221227 | AF17: 0.12028632 | AG17: 0.022740981 | AH17: -0.035472619 | AI17: 0.11486445 | AJ17: -0.042602631 | AK17: 0.073716275 | AL17: -0.0099837333 | AM17: 0.075369368 | AN17: 0.11328712 | AO17: -0.076694528 | AP17: 0.077242814 | AQ17: 0.0092339935 | AR17: -0.034997281 | AS17: -0.058802957 | AT17: 0.12707179 | AU17: 0.17756203 | AV17: 0.058529449 | AW17: 0.07618961 | AX17: 0.097619105 | AY17: 0.027423697 | AZ17: 0.047980434 | BA17: 0.16280641 | BB17: 0.23044204 | BC17: -0.027292824 | BD17: 0.019411872 | BE17: 0.044110253 | BF17: 0.14777683 | BG17: 0.18575158 | BH17: 0.13319111 | BI17: 0.087111945 | BJ17: 0.089191478 | BK17: -0.11481579 | BL17: 0.034152447 | BM17: 0.029059011 | BN17: -0.073656768 | BO17: 0.035179615 | BP17: -0.060638147 | BQ17: 0.01137651 | BR17: 0.11502235 | BS17: 0.020906018 | BT17: 0.033647573 | BU17: 0.1045243 | BV17: 0.038240957 | BW17: 0.20833683 | BX17: 0.0070957898 | BY17: -0.14247738 | BZ17: 0.12057816 | CA17: 0.027934832 | CB17: 0.14963316 | CC17: 0.041760252 | CD17: 0.17295974 | CE17: 0.095708074 | CF17: 0.098746197 | CG17: 0.074714989 | CH17: 0.058636447 | CI17: 0.014531185 | CJ17: 0.020950827 | CK17: 0.083955848 | CL17: -0.0094263448 | CM17: 0.095493871 | CN17: 0.17653128 | CO17: 0.19808042 | CP17: 0.14815927 | CQ17: 0.051907103 | CR17: 0.19640263 | CS17: 0.031345818 | CT17: 0.058653797 | CU17: 0.15535189 | CV17: 0.15147138 | CW17: 0.063393219 | CX17: 0.010772395 | CY17: 0.059497952 | CZ17: 0.12424884 | DA17: 0.094496399 | DB17: 0.10427163 | DC17: 0.043363469 | DD17: 0.029155421 | DE17: 0.024124863 | DF17: 0.35222555 | DG17: 0.047210988 | DH17: 0.1634318 | DI17: 0.07018239 | DJ17: 0.12892506 | DK17: 0.10278127 | DL17: -0.0039297317 | DM17: -0.042563609 | DN17: 0.035489033 | DO17: 0.17976293 | DP17: 0.14203416 | DQ17: 0.072654005 | DR17: 0.055884815 | DS17: 0.037354089 | DT17: 0.059811935 | DU17: 0.12949296 | DV17: 0.1177654 | DW17: -0.076598913 | DX17: 0.12953898 | DY17: 0.1072829 | DZ17: 0.049212629 | EA17: -0.0046325242 | EB17: 0.10728533 | EC17: 0.016425217 | ED17: 0.12832444 | EE17: -0.00019352115 | EF17: 0.040987205 | EG17: =SUM(C17:EF17) -> 10.22952 | EH17: =SUM(C17:EE17)/134 -> 0.076033828
A18: 137 | B18: 7 | C18: 0.18975112 | D18: 0.40188368 | E18: 0.05343935 | F18: -0.11938296 | G18: 0.10831637 | H18: 0.12853956 | I18: 0.13550018 | J18: 0.043411516 | K18: 0.13564789 | L18: -0.04667272 | M18: 0.029051464 | N18: 0.46182002 | O18: 0.031737941 | P18: 0.082552612 | Q18: 0.18897542 | R18: -0.061492238 | S18: 0.38373263 | T18: 0.052309698 | U18: 0.13249502 | V18: 0.012895135 | W18: 0.07729628 | X18: 0.21512106 | Y18: -0.019232334 | Z18: 0.089234363 | AA18: 0.17257066 | AB18: 0.0846983 | AC18: 0.0013654205 | AD18: 0.096285845 | AE18: 0.25839135 | AF18: 0.15054364 | AG18: 0.032493116 | AH18: -0.040197461 | AI18: 0.11808573 | AJ18: -0.047393756 | AK18: 0.030152481 | AL18: -0.00085555505 | AM18: 0.066643405 | AN18: 0.07929464 | AO18: 0.02458428 | AP18: 0.078278592 | AQ18: -0.016785142 | AR18: -0.061694524 | AS18: -0.083253128 | AT18: 0.16638581 | AU18: 0.19665973 | AV18: 0.060235665 | AW18: 0.097766862 | AX18: 0.12606434 | AY18: 0.034783279 | AZ18: 0.066341276 | BA18: 0.18047976 | BB18: 0.31745743 | BC18: 0.027942051 | BD18: 0.02027514 | BE18: 0.091172853 | BF18: 0.16498649 | BG18: 0.14671397 | BH18: 0.13789827 | BI18: 0.10900001 | BJ18: 0.099531519 | BK18: -0.073455627 | BL18: 0.055787881 | BM18: 0.028081356 | BN18: -0.078208699 | BO18: 0.020227496 | BP18: -0.062463432 | BQ18: 0.0019167841 | BR18: 0.12096182 | BS18: 0.032873257 | BT18: 0.013299151 | BU18: 0.11146155 | BV18: 0.039624426 | BW18: 0.2183755 | BX18: -0.015811924 | BY18: -0.087465268 | BZ18: 0.15331999 | CA18: 0.016076544 | CB18: 0.10684606 | CC18: 0.10466062 | CD18: 0.19371682 | CE18: 0.077260395 | CF18: 0.071817592 | CG18: 0.091609256 | CH18: 0.16265705 | CI18: 0.03886914 | CJ18: -0.0037723665 | CK18: 0.096058032 | CL18: -0.030989545 | CM18: 0.10276961 | CN18: 0.12094313 | CO18: 0.22828209 | CP18: 0.16283911 | CQ18: 0.038242676 | CR18: 0.19372241 | CS18: 0.057690649 | CT18: 0.076870227 | CU18: 0.14456482 | CV18: 0.12702227 | CW18: 0.066558574 | CX18: 0.061560186 | CY18: 0.071432459 | CZ18: 0.13284286 | DA18: 0.078358631 | DB18: 0.11811472 | DC18: 0.036408781 | DD18: 0.041014187 | DE18: 0.038420587 | DF18: 0.36669201 | DG18: 0.054770484 | DH18: 0.19240138 | DI18: 0.097963127 | DJ18: 0.14619608 | DK18: 0.10652726 | DL18: -0.0038302741 | DM18: -0.058457164 | DN18: -0.016722064 | DO18: 0.22032021 | DP18: 0.13348647 | DQ18: 0.065749458 | DR18: 0.076840655 | DS18: 0.011277982 | DT18: 0.022601035 | DU18: 0.15871482 | DV18: 0.10564061 | DW18: -0.06863695 | DX18: 0.15360298 | DY18: 0.13683311 | DZ18: 0.054630374 | EA18: -0.0047382972 | EB18: 0.10996435 | EC18: 0.0027641154 | ED18: 0.11047802 | EE18: 0.0011112877 | EF18: 0.063954334 | EG18: =SUM(C18:EF18) -> 11.234961 | EH18: =SUM(C18:EE18)/134 -> 0.083365719
A19: 160 | B19: 6 | C19: 0.19660027 | D19: 0.40752071 | E19: 0.065814207 | F19: -0.17768866 | G19: 0.096065972 | H19: 0.17761032 | I19: 0.13465433 | J19: 0.035429585 | K19: 0.23878941 | L19: -0.030362833 | M19: -0.043690236 | N19: 0.53237404 | O19: 0.031561874 | P19: 0.092534186 | Q19: 0.19716309 | R19: -0.090299091 | S19: 0.18416012 | T19: 0.051464717 | U19: 0.13569834 | V19: 0.036618688 | W19: 0.072415569 | X19: 0.14939987 | Y19: -0.025628638 | Z19: 0.091619111 | AA19: 0.1318329 | AB19: 0.10225361 | AC19: 0.014141543 | AD19: 0.095993378 | AE19: 0.30849286 | AF19: 0.16883058 | AG19: 0.022136219 | AH19: -0.056557715 | AI19: 0.091548663 | AJ19: -0.05154529 | AK19: 0.0075520425 | AL19: -0.0011362622 | AM19: 0.043106012 | AN19: 0.083568294 | AO19: 0.055890126 | AP19: 0.08757412 | AQ19: -0.054925492 | AR19: -0.074616898 | AS19: -0.10919888 | AT19: 0.18459366 | AU19: 0.23884424 | AV19: -0.0030326096 | AW19: 0.1366934 | AX19: 0.2241238 | AY19: 0.02952897 | AZ19: 0.084032472 | BA19: 0.18699678 | BB19: 0.36416093 | BC19: 0.18457179 | BD19: -7.3706968e-05 | BE19: 0.089480722 | BF19: 0.14180943 | BG19: 0.15330875 | BH19: 0.14049691 | BI19: 0.12779863 | BJ19: 0.051819308 | BK19: -0.097038423 | BL19: 0.063164534 | BM19: 0.031786265 | BN19: -0.08141326 | BO19: 0.025728961 | BP19: -0.012410341 | BQ19: 0.0099340445 | BR19: 0.13683924 | BS19: -0.0034999319 | BT19: -0.013193669 | BU19: 0.13067063 | BV19: 0.030350792 | BW19: 0.30745301 | BX19: -0.03639889 | BY19: -0.079866927 | BZ19: 0.068702125 | CA19: 0.029328755 | CB19: 0.12783821 | CC19: 0.022506233 | CD19: 0.2156192 | CE19: 0.088474859 | CF19: 0.079904397 | CG19: 0.057117625 | CH19: 0.15288987 | CI19: 0.037066946 | CJ19: -0.011811923 | CK19: 0.11879726 | CL19: -0.04324028 | CM19: 0.11023588 | CN19: 0.14319321 | CO19: 0.25123563 | CP19: 0.1590326 | CQ19: 0.032394608 | CR19: 0.17630672 | CS19: 0.05425045 | CT19: 0.026421201 | CU19: 0.14660754 | CV19: 0.094553008 | CW19: 0.060515879 | CX19: 0.057634726 | CY19: 0.073151337 | CZ19: 0.11285183 | DA19: 0.075182477 | DB19: 0.14796185 | DC19: -0.0351794 | DD19: 0.0062011253 | DE19: 0.033018415 | DF19: 0.20550175 | DG19: 0.066374265 | DH19: 0.22458978 | DI19: 0.10846144 | DJ19: 0.16525047 | DK19: 0.12144231 | DL19: -0.011982786 | DM19: -0.057300431 | DN19: 0.0024751231 | DO19: 0.24926195 | DP19: 0.17026813 | DQ19: 0.080374172 | DR19: 0.075962353 | DS19: -0.0056773135 | DT19: 0.0050332465 | DU19: 0.15058192 | DV19: 0.11152471 | DW19: -0.10129597 | DX19: 0.13836513 | DY19: 0.13924868 | DZ19: 0.078537948 | EA19: 0.032919727 | EB19: 0.10875351 | EC19: -0.012190043 | ED19: 0.15093532 | EE19: -0.0073065267 | EF19: 0.074022919 | EG19: =SUM(C19:EF19) -> 11.104918 | EH19: =SUM(C19:EE19)/134 -> 0.082320116
A20: 192 | B20: 5 | C20: 0.20155105 | D20: 0.38202502 | E20: 0.05733635 | F20: -0.20553126 | G20: 0.11718314 | H20: 0.14393228 | I20: 0.15814956 | J20: 0.034471259 | K20: 0.2147245 | L20: -0.030695483 | M20: -0.077718228 | N20: 0.50001148 | O20: 0.049864886 | P20: 0.091169928 | Q20: 0.21672574 | R20: -0.10925306 | S20: 0.15518262 | T20: 0.085465456 | U20: 0.14864968 | V20: 0.012644103 | W20: 0.091084869 | X20: 0.21038641 | Y20: -0.04206749 | Z20: 0.10561696 | AA20: 0.13048337 | AB20: 0.084759841 | AC20: 0.047248263 | AD20: 0.12984342 | AE20: 0.16122121 | AF20: 0.22349782 | AG20: 0.027659219 | AH20: -0.090178201 | AI20: 0.11633676 | AJ20: -0.061990035 | AK20: -0.013595115 | AL20: -0.0056166264 | AM20: 0.033095981 | AN20: 0.075470194 | AO20: 0.049108295 | AP20: 0.13173046 | AQ20: 0.072900746 | AR20: -0.013289273 | AS20: -0.042291716 | AT20: 0.23912375 | AU20: 0.28169787 | AV20: -0.032246613 | AW20: 0.22499784 | AX20: 0.20433922 | AY20: 0.038674698 | AZ20: 0.099804303 | BA20: 0.15133773 | BB20: 0.37844679 | BC20: 0.24014067 | BD20: 0.0083601734 | BE20: 0.098278375 | BF20: 0.13797126 | BG20: 0.094062056 | BH20: 0.1500573 | BI20: 0.13174527 | BJ20: 0.055155921 | BK20: -0.11765037 | BL20: 0.069859442 | BM20: 0.047468551 | BN20: 0.018638027 | BO20: -0.038461718 | BP20: 0.0072822475 | BQ20: 0.015451707 | BR20: 0.18112708 | BS20: -0.032536198 | BT20: -0.052467623 | BU20: 0.149441 | BV20: -0.081543442 | BW20: 0.35182955 | BX20: -0.052861422 | BY20: -0.0046393591 | BZ20: 0.090271404 | CA20: 0.040102728 | CB20: 0.12649505 | CC20: 0.012915147 | CD20: 0.1810275 | CE20: 0.085778173 | CF20: 0.080957937 | CG20: 0.075970241 | CH20: 0.071864026 | CI20: 0.030394674 | CJ20: -0.041509985 | CK20: 0.080589624 | CL20: -0.092184934 | CM20: 0.096775806 | CN20: 0.20489183 | CO20: 0.29657331 | CP20: 0.19203121 | CQ20: 0.023118045 | CR20: 0.19548611 | CS20: 0.097137099 | CT20: 0.028414407 | CU20: 0.14672801 | CV20: 0.11921413 | CW20: 0.067903708 | CX20: 0.090298551 | CY20: 0.10873284 | CZ20: 0.15516165 | DA20: 0.077081697 | DB20: 0.07696807 | DC20: -0.049613069 | DD20: 0.0035971848 | DE20: 0.010418722 | DF20: 0.24557421 | DG20: 0.052344813 | DH20: 0.27829885 | DI20: 0.13759576 | DJ20: 0.13655809 | DK20: 0.08518754 | DL20: -0.019465373 | DM20: -0.069336107 | DN20: 0.058019207 | DO20: 0.25800136 | DP20: 0.20015543 | DQ20: 0.057460182 | DR20: 0.07851266 | DS20: -0.0074906958 | DT20: -0.029685339 | DU20: 0.17637517 | DV20: 0.12934547 | DW20: -0.10354617 | DX20: 0.15386633 | DY20: 0.12159146 | DZ20: 0.090199646 | EA20: -0.0059255993 | EB20: 0.082407142 | EC20: 0.034049581 | ED20: 0.17691886 | EE20: -0.0017409798 | EF20: 0.085803061 | EG20: =SUM(C20:EF20) -> 11.614854 | EH20: =SUM(C20:EE20)/134 -> 0.086037693
A21: 241 | B21: 4 | C21: 0.21462958 | D21: 0.12638792 | E21: -0.01369017 | F21: -0.18403858 | G21: 0.14384215 | H21: 0.16216409 | I21: 0.14725561 | J21: 0.060435326 | K21: 0.20688003 | L21: 0.0050291533 | M21: -0.099684593 | N21: 0.58489126 | O21: 0.034351989 | P21: 0.1447726 | Q21: 0.25731007 | R21: -0.095575311 | S21: 0.12859029 | T21: 0.098461673 | U21: 0.086278418 | V21: 0.053557619 | W21: 0.12449862 | X21: 0.21363094 | Y21: -0.020833083 | Z21: 0.11420399 | AA21: 0.11063591 | AB21: 0.12983958 | AC21: 0.018827737 | AD21: 0.12882467 | AE21: 0.12810498 | AF21: 0.29514426 | AG21: 0.044302778 | AH21: -0.10758136 | AI21: 0.10212368 | AJ21: -0.070405342 | AK21: -0.035803168 | AL21: 0.019780814 | AM21: 0.068535807 | AN21: 0.11195606 | AO21: 0.085567775 | AP21: 0.072535144 | AQ21: 0.13322646 | AR21: 0.047988141 | AS21: -0.045406682 | AT21: 0.26483826 | AU21: 0.34648126 | AV21: -0.068713913 | AW21: 0.26325492 | AX21: 0.2177183 | AY21: 0.047021291 | AZ21: 0.10850236 | BA21: 0.13959268 | BB21: 0.40443143 | BC21: 0.16446053 | BD21: 0.038219147 | BE21: 0.13674536 | BF21: 0.19911722 | BG21: 0.092285572 | BH21: 0.10684211 | BI21: 0.1659696 | BJ21: 0.022394062 | BK21: -0.072723115 | BL21: 0.08734079 | BM21: 0.040795286 | BN21: 0.025790766 | BO21: -0.063857236 | BP21: -0.0041808023 | BQ21: 0.054542231 | BR21: 0.14206146 | BS21: -0.065741821 | BT21: -0.060820743 | BU21: 0.17073851 | BV21: -0.04433998 | BW21: 0.18446067 | BX21: -0.077165003 | BY21: -0.055666292 | BZ21: 0.047662929 | CA21: 0.060517603 | CB21: 0.20786985 | CC21: -0.0080189543 | CD21: 0.28805606 | CE21: 0.061514882 | CF21: 0.13126568 | CG21: 0.085085335 | CH21: 0.080100321 | CI21: 0.080499616 | CJ21: -0.055140849 | CK21: 0.06715963 | CL21: -0.13389042 | CM21: 0.11623182 | CN21: 0.080851509 | CO21: 0.33548376 | CP21: 0.22270006 | CQ21: 0.022912194 | CR21: 0.23905997 | CS21: 0.061269036 | CT21: 0.047993104 | CU21: 0.15891662 | CV21: 0.15433184 | CW21: 0.038345517 | CX21: 0.10212218 | CY21: 0.10250516 | CZ21: 0.23745137 | DA21: 0.041709064 | DB21: 0.071461214 | DC21: -0.045047559 | DD21: 0.0028187944 | DE21: 0.028977737 | DF21: 0.30115021 | DG21: 0.059409519 | DH21: 0.081436188 | DI21: 0.17983983 | DJ21: 0.15660572 | DK21: 0.090895591 | DL21: -0.012736992 | DM21: -0.024988802 | DN21: 0.071197612 | DO21: 0.3316268 | DP21: 0.22901989 | DQ21: 0.070422699 | DR21: 0.050170859 | DS21: -0.0016720947 | DT21: -0.0052151903 | DU21: 0.14861472 | DV21: 0.14027598 | DW21: -0.10353449 | DX21: 0.18596621 | DY21: 0.16673097 | DZ21: 0.098930574 | EA21: -0.035066457 | EB21: 0.026302194 | EC21: 0.014037055 | ED21: 0.054498856 | EE21: 0.021310592 | EF21: 0.028797226 | EG21: =SUM(C21:EF21) -> 11.898742 | EH21: =SUM(C21:EE21)/134 -> 0.088581678
A22: 321 | B22: 3 | C22: 0.2052803 | D22: 0.14242785 | E22: -0.017355099 | F22: -0.067831061 | G22: 0.10388436 | H22: 0.12417806 | I22: 0.12349317 | J22: 0.052598589 | K22: 0.24536591 | L22: -0.014273209 | M22: -0.074100059 | N22: 0.75614344 | O22: -0.0067158783 | P22: 0.072782884 | Q22: 0.27677689 | R22: -0.036628434 | S22: 0.16964656 | T22: 0.12881242 | U22: 0.11059002 | V22: 0.038286777 | W22: 0.15804775 | X22: 0.22178676 | Y22: -0.015732208 | Z22: 0.075548269 | AA22: 0.082524426 | AB22: 0.13443621 | AC22: 0.085776461 | AD22: 0.013572789 | AE22: 0.13082384 | AF22: 0.42991677 | AG22: 0.05284154 | AH22: -0.10586596 | AI22: 0.11100371 | AJ22: -0.031699849 | AK22: 0.10128856 | AL22: -0.0094397385 | AM22: 0.084088903 | AN22: 0.11113281 | AO22: 0.15815288 | AP22: 0.062536354 | AQ22: 0.11013171 | AR22: 0.067924488 | AS22: 0.073843703 | AT22: 0.017728371 | AU22: 0.42935378 | AV22: -0.089753982 | AW22: 0.37079928 | AX22: -0.009875186 | AY22: 0.071733385 | AZ22: 0.1551884 | BA22: 0.049774958 | BB22: 0.51826405 | BC22: 0.19562604 | BD22: 0.079259545 | BE22: 0.12806788 | BF22: 0.19910245 | BG22: -0.041231469 | BH22: 0.12770701 | BI22: 0.11108872 | BJ22: 0.040890332 | BK22: -0.048315241 | BL22: 0.13947139 | BM22: 0.0024304832 | BN22: 0.082937899 | BO22: -0.050484429 | BP22: -0.00054100012 | BQ22: 0.027830097 | BR22: 0.10656678 | BS22: -0.09704759 | BT22: 0.088726194 | BU22: 0.10435058 | BV22: -0.048603535 | BW22: 0.13217179 | BX22: -0.1130289 | BY22: -0.05559705 | BZ22: 0.047257736 | CA22: 0.027490078 | CB22: 0.25473926 | CC22: -0.125104 | CD22: 0.33387804 | CE22: 0.066840146 | CF22: 0.18879979 | CG22: 0.20708533 | CH22: 0.11591877 | CI22: 0.11777975 | CJ22: -0.12632536 | CK22: 0.11092354 | CL22: -0.2406518 | CM22: 0.21983249 | CN22: 0.15280392 | CO22: 0.2720595 | CP22: 0.25940856 | CQ22: 0.017159616 | CR22: 0.24677277 | CS22: 0.084781936 | CT22: 0.038262615 | CU22: 0.16735391 | CV22: 0.16622268 | CW22: 0.022884042 | CX22: 0.0037495933 | CY22: 0.10451083 | CZ22: 0.26292048 | DA22: 0.032453995 | DB22: 0.054041622 | DC22: -0.020724784 | DD22: 0.031710169 | DE22: -0.017756504 | DF22: 0.38966763 | DG22: 0.071889499 | DH22: 0.081454382 | DI22: 0.060122111 | DJ22: 0.15369976 | DK22: 0.091428405 | DL22: -0.0032133307 | DM22: -0.031884709 | DN22: 0.046763328 | DO22: 0.075715816 | DP22: 0.16956243 | DQ22: 0.16540417 | DR22: -0.0060925526 | DS22: -0.036346262 | DT22: 0.027128754 | DU22: 0.16154691 | DV22: 0.12570512 | DW22: -0.081415413 | DX22: 0.22244261 | DY22: 0.11995602 | DZ22: 0.1108345 | EA22: -0.034191242 | EB22: 0.12976595 | EC22: 0.021495102 | ED22: 0.077413567 | EE22: 0.047636659 | EF22: 0.036595469 | EG22: =SUM(C22:EF22) -> 12.330758 | EH22: =SUM(C22:EE22)/134 -> 0.091747483
A23: 482 | B23: 2 | C23: 0.28298927 | D23: 0.25409263 | E23: 0.13300519 | F23: -0.18239608 | G23: -0.026971569 | H23: -0.018188471 | I23: 0.14815203 | J23: -0.098162291 | K23: 0.14260758 | L23: -0.050770834 | M23: -0.25844992 | N23: 0.97590144 | O23: -0.019407711 | P23: 0.090401711 | Q23: -0.059568017 | R23: -0.056211143 | S23: 0.11372453 | T23: 0.15460269 | U23: 0.093757422 | V23: -0.023029457 | W23: 0.25954732 | X23: 0.18178119 | Y23: -0.014659802 | Z23: 0.033032515 | AA23: -0.056748446 | AB23: 0.06403978 | AC23: 0.1687548 | AD23: 0.071628868 | AE23: 0.13721199 | AF23: 0.32465933 | AG23: 0.091873658 | AH23: -0.084171585 | AI23: 0.2091516 | AJ23: 0.0056431378 | AK23: 0.1141111 | AL23: -0.014066593 | AM23: 0.007769489 | AN23: 0.2423147 | AO23: 0.09078248 | AP23: -0.0031210994 | AQ23: 0.099380639 | AR23: 0.14613616 | AS23: 0.081663621 | AT23: 0.1095059 | AU23: 0.60833204 | AV23: -0.049150067 | AW23: 0.58225997 | AX23: -0.014812779 | AY23: 0.17023398 | AZ23: 0.078071577 | BA23: 0.053998339 | BB23: 0.68602333 | BC23: 0.25286918 | BD23: 0.12597278 | BE23: 0.12429214 | BF23: 0.21000911 | BG23: 0.038322827 | BH23: 0.063365196 | BI23: 0.19111208 | BJ23: 0.057493861 | BK23: -0.047849323 | BL23: 0.11436629 | BM23: -0.069495462 | BN23: 0.038453237 | BO23: 0.036524942 | BP23: -0.022475721 | BQ23: 0.072047901 | BR23: 0.10282259 | BS23: -0.22056709 | BT23: 0.21818668 | BU23: 0.10568527 | BV23: -0.053269051 | BW23: 0.015362515 | BX23: -0.068735089 | BY23: 0.11824923 | BZ23: 0.0076697624 | CA23: 0.0756532 | CB23: 0.31616676 | CC23: -0.084544615 | CD23: 0.19167646 | CE23: 0.059602302 | CF23: 0.15713491 | CG23: 0.21663724 | CH23: 0.18019645 | CI23: 0.30989942 | CJ23: -0.1565159 | CK23: 0.071856391 | CL23: -0.40866101 | CM23: 0.23470497 | CN23: 0.27710426 | CO23: 0.26615854 | CP23: 0.31136074 | CQ23: -0.02470227 | CR23: 0.15099817 | CS23: 0.065159884 | CT23: 0.065390215 | CU23: 0.20210388 | CV23: 0.15333097 | CW23: -0.024186288 | CX23: -0.088716994 | CY23: 0.15375033 | CZ23: 0.18199879 | DA23: 0.064644882 | DB23: 0.018747066 | DC23: 0.11919049 | DD23: 0.092798675 | DE23: -0.060085948 | DF23: 0.40879492 | DG23: 0.067620427 | DH23: 0.13922689 | DI23: 0.096040551 | DJ23: 0.12003258 | DK23: 0.091244989 | DL23: 0.026242652 | DM23: -0.046477316 | DN23: 0.006497196 | DO23: 0.12406844 | DP23: 0.17683962 | DQ23: 0.24594611 | DR23: -0.089886003 | DS23: -0.11657599 | DT23: -0.022296457 | DU23: 0.055639479 | DV23: 0.27627161 | DW23: 0.023051821 | DX23: 0.31349321 | DY23: -0.053926225 | DZ23: -0.21717399 | EA23: -0.093362079 | EB23: 0.24428466 | EC23: -0.036584316 | ED23: 0.091425905 | EE23: 0.069212076 | EF23: 0.093415858 | EG23: =SUM(C23:EF23) -> 12.469589 | EH23: =SUM(C23:EE23)/134 -> 0.092359498
A24: 964 | B24: 1 | C24: 0.099113364 | D24: 0.10060991 | E24: 0.2845125 | F24: -0.20154572 | G24: -0.022622389 | H24: 0.035855797 | I24: -0.0021119332 | J24: -0.099972193 | K24: 0.050444336 | L24: -0.093799693 | M24: -0.14681934 | N24: 1.7690314 | O24: 0.036648791 | P24: 0.10424841 | Q24: -0.060964962 | R24: -0.24569737 | S24: 0.35251446 | T24: -0.27048671 | U24: 0.14851867 | V24: -0.067139303 | W24: -0.16456452 | X24: -0.036157896 | Y24: -0.0094770149 | Z24: 0.10584233 | AA24: 0.21854458 | AB24: 0.19533962 | AC24: 0.40174733 | AD24: 0.1011753 | AE24: 0.19314179 | AF24: 0.49538941 | AG24: 0.13873572 | AH24: -0.05669736 | AI24: 0.31041424 | AJ24: -0.080891244 | AK24: 0.084883953 | AL24: 0.087173701 | AM24: -0.018919281 | AN24: 0.22118947 | AO24: 0.1029057 | AP24: 0.022851715 | AQ24: 0.2171272 | AR24: 0.17083341 | AS24: 0.0032867737 | AT24: 0.15076898 | AU24: 0.47705419 | AV24: 0.24768466 | AW24: -0.14871096 | AX24: 0.11149134 | AY24: 0.16812729 | AZ24: 0.11862373 | BA24: 0.050491305 | BB24: 0.87270315 | BC24: -0.0043668696 | BD24: 0.018631034 | BE24: -0.057380538 | BF24: -0.064370421 | BG24: -0.090984228 | BH24: 0.14767357 | BI24: 0.22362911 | BJ24: 0.19964003 | BK24: -0.034827647 | BL24: 0.10610692 | BM24: 0.08478294 | BN24: 0.10891326 | BO24: -0.16110969 | BP24: 0.031794104 | BQ24: -0.064169633 | BR24: 0.098920889 | BS24: -0.12162104 | BT24: 0.27671902 | BU24: 0.0087484923 | BV24: -0.046258706 | BW24: 0.15102745 | BX24: -0.10395503 | BY24: 0.11840823 | BZ24: 0.2588929 | CA24: 0.11522168 | CB24: 0.63969813 | CC24: -0.18246988 | CD24: 0.14430631 | CE24: 0.16556487 | CF24: 0.22172136 | CG24: 0.51996897 | CH24: 0.3542773 | CI24: -0.32845182 | CJ24: -0.30018689 | CK24: 0.32305927 | CL24: 0.14175533 | CM24: 0.63643326 | CN24: 0.6096772 | CO24: 0.45247744 | CP24: 0.1603442 | CQ24: -0.16018965 | CR24: 0.13778746 | CS24: 0.10797424 | CT24: -0.11954439 | CU24: 0.052729045 | CV24: 0.18286409 | CW24: -0.23499322 | CX24: 0.055207194 | CY24: 0.32114775 | CZ24: 0.11220663 | DA24: 0.033979585 | DB24: -0.016501866 | DC24: 0.19117576 | DD24: -0.19584472 | DE24: 0.13158559 | DF24: 0.52558501 | DG24: 0.11954529 | DH24: 0.26580268 | DI24: 0.037184908 | DJ24: 0.22936987 | DK24: 0.11968018 | DL24: 0.061360513 | DM24: -0.00041344525 | DN24: 0.23333457 | DO24: 0.11561196 | DP24: 0.22357182 | DQ24: 0.3590713 | DR24: -0.02051563 | DS24: -0.067362546 | DT24: -0.029435726 | DU24: -0.021781395 | DV24: 0.1582247 | DW24: 0.1011825 | DX24: 0.31159313 | DY24: -0.0032398766 | DZ24: -0.43350658 | EA24: -0.023171502 | EB24: 0.58969792 | EC24: -0.014309919 | ED24: 0.056172845 | EE24: 0.10748066 | EF24: 0.13408708 | EG24: =SUM(C24:EF24) -> 15.015091 | EH24: =SUM(C24:EE24)/134 -> 0.11105227
A26: 大盤 | B26: TWII | C26: -0.0174 | D26: 0.0207 | E26: 0.024 | F26: -0.0066 | G26: 0.0318 | H26: 0.0343 | I26: -0.0083 | J26: 0.0128 | K26: -0.051 | L26: 0.0009 | M26: 0.0234 | N26: 0.013 | O26: 0.0059 | P26: 0.0274 | Q26: -0.0037 | R26: 0.0241 | S26: -0.0122 | T26: -0.0397 | U26: -0.0732 | V26: -0.0583 | W26: 0.0008 | X26: 0.0446 | Y26: -0.0277 | Z26: 0.0021 | AA26: -0.0234 | AB26: 0.0321 | AC26: 0.0389 | AD26: -0.0429 | AE26: 0.0186 | AF26: 0.0152 | AG26: 0.036 | AH26: 0.0094 | AI26: 0.0107 | AJ26: 0.0134 | AK26: -0.0053 | AL26: 0.0014 | AM26: 0.0208 | AN26: 0.0315 | AO26: 0.0062 | AP26: 0.0061 | AQ26: 0.0169 | AR26: 0.0347 | AS26: 0.0031 | AT26: 0.0151 | AU26: -0.0193 | AV26: 0.0387 | AW26: -0.0219 | AX26: 0.0078 | AY26: 0.0424 | AZ26: -0.0263 | BA26: 0.0096 | BB26: -0.0242 | BC26: 0.0202 | BD26: -0.0035 | BE26: 0.0202 | BF26: 0.0006 | BG26: -0.0052 | BH26: -0.1159 | BI26: 0.0087 | BJ26: -0.0164 | BK26: 0.0208 | BL26: 0.045 | BM26: 0.024 | BN26: 0.0302 | BO26: -0.0437 | BP26: 0.0219 | BQ26: 0.0086 | BR26: -0.0192 | BS26: 0.0197 | BT26: 0.0477 | BU26: 0.0115 | BV26: 0.0432 | BW26: -0.0427 | BX26: -0.0178 | BY26: -0.1512 | BZ26: 0.1242 | CA26: -0.0046 | CB26: 0.0602 | CC26: 0.086 | CD26: -0.0058 | CE26: -0.006 | CF26: 0.0025 | CG26: 0.0896 | CH26: 0.071 | CI26: 0.0272 | CJ26: 0.0525 | CK26: 0.0295 | CL26: 0.0668 | CM26: -0.0288 | CN26: 0.0395 | CO26: -0.029 | CP26: 0.014 | CQ26: -0.0323 | CR26: 0.0031 | CS26: 0.0256 | CT26: 0.0444 | CU26: -0.0303 | CV26: -0.0013 | CW26: 0.0023 | CX26: -0.0643 | CY26: 0.0129 | CZ26: -0.1255 | DA26: 0.0117 | DB26: 0.0063 | DC26: -0.1173 | DD26: -0.036 | DE26: 0.1389 | DF26: -0.0511 | DG26: 0.0767 | DH26: 0.0155 | DI26: 0.0232 | DJ26: -0.0184 | DK26: 0.0622 | DL26: 0.0201 | DM26: 0.0135 | DN26: -0.0303 | DO26: -0.017 | DP26: -0.0218 | DQ26: 0.0857 | DR26: 0.0281 | DS26: -0.0023 | DT26: 0.0585 | DU26: 0.0677 | DV26: 0.005 | DW26: 0.0374 | DX26: 0.0841 | DY26: -0.0368 | DZ26: 0.0031 | EA26: -0.002 | EB26: 0.0265 | EC26: -0.0248 | ED26: 0.0341 | EE26: 0.0211 | EF26: -0.020277393

Sheet 預測IC
A1: OLS
B2: Time | C2: 2013/12 | D2: 2014/01 | E2: 2014/02 | F2: 2014/03 | G2: 2014/04 | H2: 2014/05 | I2: 2014/06 | J2: 2014/07 | K2: 2014/08 | L2: 2014/09 | M2: 2014/10 | N2: 2014/11 | O2: 2014/12 | P2: 2015/01 | Q2: 2015/02 | R2: 2015/03 | S2: 2015/04 | T2: 2015/05 | U2: 2015/06 | V2: 2015/07 | W2: 2015/08 | X2: 2015/09 | Y2: 2015/10 | Z2: 2015/11 | AA2: 2015/12 | AB2: 2016/01 | AC2: 2016/02 | AD2: 2016/03 | AE2: 2016/04 | AF2: 2016/05 | AG2: 2016/06 | AH2: 2016/07 | AI2: 2016/08 | AJ2: 2016/09 | AK2: 2016/10 | AL2: 2016/11 | AM2: 2016/12 | AN2: 2017/01 | AO2: 2017/02 | AP2: 2017/03 | AQ2: 2017/04 | AR2: 2017/05 | AS2: 2017/06 | AT2: 2017/07 | AU2: 2017/08 | AV2: 2017/09 | AW2: 2017/10 | AX2: 2017/11 | AY2: 2017/12 | AZ2: 2018/01 | BA2: 2018/02 | BB2: 2018/03 | BC2: 2018/04 | BD2: 2018/05 | BE2: 2018/06 | BF2: 2018/07 | BG2: 2018/08 | BH2: 2018/09 | BI2: 2018/10 | BJ2: 2018/11 | BK2: 2018/12 | BL2: 2019/01 | BM2: 2019/02 | BN2: 2019/03 | BO2: 2019/04 | BP2: 2019/05 | BQ2: 2019/06 | BR2: 2019/07 | BS2: 2019/08 | BT2: 2019/09 | BU2: 2019/10 | BV2: 2019/11 | BW2: 2019/12 | BX2: 2020/01 | BY2: 2020/02 | BZ2: 2020/03 | CA2: 2020/04 | CB2: 2020/05 | CC2: 2020/06 | CD2: 2020/07 | CE2: 2020/08 | CF2: 2020/09 | CG2: 2020/10 | CH2: 2020/11 | CI2: 2020/12 | CJ2: 2021/01 | CK2: 2021/02 | CL2: 2021/03 | CM2: 2021/04 | CN2: 2021/05 | CO2: 2021/06 | CP2: 2021/07 | CQ2: 2021/08 | CR2: 2021/09 | CS2: 2021/10 | CT2: 2021/11 | CU2: 2021/12 | CV2: 2022/01 | CW2: 2022/02 | CX2: 2022/03 | CY2: 2022/04 | CZ2: 2022/05 | DA2: 2022/06 | DB2: 2022/07 | DC2: 2022/08 | DD2: 2022/09 | DE2: 2022/10 | DF2: 2022/11 | DG2: 2022/12 | DH2: 2023/01 | DI2: 2023/02 | DJ2: 2023/03 | DK2: 2023/04 | DL2: 2023/05 | DM2: 2023/06 | DN2: 2023/07 | DO2: 2023/08 | DP2: 2023/09 | DQ2: 2023/10 | DR2: 2023/11 | DS2: 2023/12 | DT2: 2024/01 | DU2: 2024/02 | DV2: 2024/03 | DW2: 2024/04 | DX2: 2024/05 | DY2: 2024/06 | DZ2: 2024/07 | EA2: 2024/08 | EB2: 2024/09 | EC2: 2024/10 | ED2: 2024/11 | EE2: 2024/12 | EF2: 2025/01 | EG2: 2025/02
B3: bm | C3: 0.078798869 | D3: 0.17973309 | E3: 0.015489079 | F3: -0.022168251 | G3: -0.0081037288 | H3: -0.015401269 | I3: -0.19676559 | J3: 0.27883034 | K3: -0.0056931615 | L3: -0.047889749 | M3: -0.0052700848 | N3: -0.19106965 | O3: 0.31084678 | P3: 0.11377091 | Q3: -0.1230705 | R3: -0.11255849 | S3: 0.10466589 | T3: -0.14458477 | U3: -0.26280781 | V3: 0.0030188655 | W3: 0.1319604 | X3: -0.089415174 | Y3: 0.27906325 | Z3: 0.10308974 | AA3: 0.48637749 | AB3: -0.23481983 | AC3: 0.012096511 | AD3: 0.024631762 | AE3: -0.0056680955 | AF3: -0.056269213 | AG3: 0.12240493 | AH3: 0.043996775 | AI3: 0.16226839 | AJ3: 0.068930167 | AK3: 0.087359956 | AL3: 0.18738072 | AM3: 0.09683735 | AN3: 0.20757366 | AO3: 0.11797586 | AP3: -0.028503518 | AQ3: -0.21143964 | AR3: -0.032302566 | AS3: 0.14111009 | AT3: -0.034807512 | AU3: 0.044456114 | AV3: 0.021162739 | AW3: -0.174155 | AX3: 0.076317817 | AY3: 0.0090306432 | AZ3: 0.01663895 | BA3: 0.16049955 | BB3: -0.12374095 | BC3: 0.1567369 | BD3: 0.16688347 | BE3: -0.13147229 | BF3: 0.0099500133 | BG3: 0.31531124 | BH3: 0.27010118 | BI3: 0.056315449 | BJ3: -0.0024098169 | BK3: 0.079800376 | BL3: -0.023392394 | BM3: 0.09400894 | BN3: 0.017643906 | BO3: -0.14928794 | BP3: 0.041225941 | BQ3: -0.082741207 | BR3: 0.2134647 | BS3: -0.067985398 | BT3: 0.1443504 | BU3: 0.11377938 | BV3: 0.0056009583 | BW3: 0.11314664 | BX3: -0.090571157 | BY3: 0.11856974 | BZ3: -0.14071284 | CA3: 0.073472777 | CB3: -0.17102561 | CC3: 0.086731636 | CD3: 0.031267716 | CE3: 0.21879704 | CF3: -0.14159471 | CG3: 0.099731607 | CH3: 0.04530807 | CI3: 0.08944114 | CJ3: -0.39111281 | CK3: -0.10979117 | CL3: -0.043456184 | CM3: 0.18311247 | CN3: -0.39746168 | CO3: -0.096930226 | CP3: -0.09568205 | CQ3: 0.17197497 | CR3: 0.061939485 | CS3: -0.047664039 | CT3: -0.01047398 | CU3: -0.034400595 | CV3: -0.022584229 | CW3: 0.039676014 | CX3: -0.053904733 | CY3: 0.027221885 | CZ3: 0.098878435 | DA3: 0.31254073 | DB3: -0.15564613 | DC3: -0.18695853 | DD3: -0.16852286 | DE3: 0.16779761 | DF3: -0.091638386 | DG3: -0.075708963 | DH3: 0.0077960521 | DI3: -0.002550038 | DJ3: -0.068988363 | DK3: 0.046125319 | DL3: -0.0583377 | DM3: -0.070566062 | DN3: 0.028092871 | DO3: -0.070883392 | DP3: 0.1611314 | DQ3: 0.15474401 | DR3: -0.10742533 | DS3: 0.11284172 | DT3: -0.091401515 | DU3: -0.065441571 | DV3: -0.073758706 | DW3: 0.06615577 | DX3: 0.069417132 | DY3: -0.10299217 | DZ3: 0.2639134 | EA3: -0.089759101 | EB3: 0.19432477 | EC3: -0.03009712 | ED3: 0.028618295 | EE3: -0.087371805 | EF3: -0.020976445
B4: size | C4: -0.20373737 | D4: -0.19625335 | E4: -0.25415941 | F4: 0.046203751 | G4: 0.030789039 | H4: -0.051609232 | I4: 0.0011512725 | J4: 0.048762635 | K4: -0.1019818 | L4: -0.018321504 | M4: -0.054833735 | N4: -0.03014962 | O4: -0.18672651 | P4: 0.030188496 | Q4: 0.097889818 | R4: -0.093807845 | S4: 0.022756318 | T4: 0.073507176 | U4: 0.0068550643 | V4: -0.021638527 | W4: -0.0060385491 | X4: -0.16973076 | Y4: -0.2336531 | Z4: -0.0099981485 | AA4: -0.0024349472 | AB4: -0.16380782 | AC4: -0.065405588 | AD4: -0.053691935 | AE4: 0.04344601 | AF4: 0.080856157 | AG4: -0.10082002 | AH4: 0.11854849 | AI4: -0.086917583 | AJ4: -0.096714761 | AK4: 0.077115473 | AL4: 0.019375682 | AM4: -0.0066846435 | AN4: 0.01143272 | AO4: -0.044564576 | AP4: 0.079750638 | AQ4: -0.090693007 | AR4: 0.11443141 | AS4: 0.0822958 | AT4: 0.010311531 | AU4: -0.033710156 | AV4: -0.217699 | AW4: 0.05245717 | AX4: 0.013927468 | AY4: 0.10501071 | AZ4: 0.017528919 | BA4: -0.15432648 | BB4: -0.25246378 | BC4: -0.14987218 | BD4: -0.022774062 | BE4: -0.031425095 | BF4: 0.12327719 | BG4: -0.075330977 | BH4: -0.064736814 | BI4: 0.01821391 | BJ4: -0.15085089 | BK4: -0.058953203 | BL4: -0.047773781 | BM4: 0.020341806 | BN4: 0.040714107 | BO4: 0.045214639 | BP4: 0.083627121 | BQ4: 0.030825397 | BR4: -0.11545472 | BS4: -0.01926453 | BT4: -0.03411155 | BU4: -0.045269937 | BV4: 0.17197266 | BW4: -0.10029051 | BX4: -0.068044962 | BY4: -0.18269486 | BZ4: 0.08557402 | CA4: 0.0099907863 | CB4: 0.19801891 | CC4: -0.29446405 | CD4: -0.13184914 | CE4: -0.059049426 | CF4: -0.11382074 | CG4: 0.056476011 | CH4: -0.0047278812 | CI4: 0.084060043 | CJ4: 0.028605891 | CK4: -0.021960158 | CL4: -0.06787086 | CM4: 0.040070082 | CN4: 0.18816019 | CO4: 0.0023670177 | CP4: 0.019450901 | CQ4: -0.030616705 | CR4: -0.28761058 | CS4: -0.27901112 | CT4: 0.082166792 | CU4: -0.10449487 | CV4: 0.11174977 | CW4: -0.050011487 | CX4: 0.0592097 | CY4: -0.17471119 | CZ4: -0.13109687 | DA4: -0.22032572 | DB4: -0.051224389 | DC4: -0.14279359 | DD4: 0.10209048 | DE4: 0.044656291 | DF4: 0.056233136 | DG4: -0.14168227 | DH4: 0.15762567 | DI4: -0.062035902 | DJ4: -0.11967929 | DK4: -0.16369299 | DL4: 0.094429634 | DM4: 0.2337202 | DN4: 0.073797401 | DO4: -0.045812945 | DP4: -0.068308325 | DQ4: -0.16930629 | DR4: -0.12924368 | DS4: -0.073886793 | DT4: -0.20370624 | DU4: -0.054891501 | DV4: 0.012036946 | DW4: -0.0061300239 | DX4: -0.084900404 | DY4: 0.1000065 | DZ4: -0.13106024 | EA4: -0.19488078 | EB4: -0.31979832 | EC4: 0.049837268 | ED4: 0.05462776 | EE4: 0.12004648 | EF4: 0.24381116
B5: mom | C5: -0.20935792 | D5: -0.10736277 | E5: 0.52484761 | F5: 0.04683706 | G5: -0.21047143 | H5: 0.47441496 | I5: 0.14678499 | J5: -0.056231753 | K5: 0.27552846 | L5: -0.43004286 | M5: 0.32376775 | N5: -0.34824165 | O5: -0.097528912 | P5: 0.39546612 | Q5: 0.048467491 | R5: -0.098851332 | S5: 0.30579214 | T5: 0.072071946 | U5: -0.00047890409 | V5: -0.13936695 | W5: -0.39469013 | X5: -0.12947787 | Y5: -0.68127296 | Z5: -0.0041720387 | AA5: 0.018198047 | AB5: 0.20112166 | AC5: -0.089163225 | AD5: 0.14514146 | AE5: 0.074669148 | AF5: 0.17577042 | AG5: -0.30336041 | AH5: -0.34824991 | AI5: 0.25872372 | AJ5: -0.48889197 | AK5: 0.13254843 | AL5: -0.023789776 | AM5: 0.011752405 | AN5: -0.074933433 | AO5: 0.18446332 | AP5: 0.032348031 | AQ5: 0.15119843 | AR5: -0.09528311 | AS5: -0.12600437 | AT5: 0.15164479 | AU5: -0.20083705 | AV5: 0.078906368 | AW5: 0.00067935762 | AX5: 0.11229312 | AY5: -0.11805612 | AZ5: 0.20621977 | BA5: -0.039691919 | BB5: 0.08299594 | BC5: -0.13000543 | BD5: -0.10631616 | BE5: 0.1159334 | BF5: -0.28526227 | BG5: -0.15093334 | BH5: 0.0029199401 | BI5: 0.058126574 | BJ5: -0.25986983 | BK5: 0.18487945 | BL5: -0.26913173 | BM5: 0.17173819 | BN5: -0.18092216 | BO5: -0.063203738 | BP5: 0.0718675 | BQ5: -0.16861046 | BR5: -0.025447832 | BS5: 0.12442411 | BT5: 0.20772231 | BU5: -0.060051294 | BV5: -0.051700003 | BW5: -0.12680157 | BX5: -0.10582029 | BY5: 0.05360732 | BZ5: -0.034479447 | CA5: -0.020066211 | CB5: 0.084589607 | CC5: -0.11038366 | CD5: 0.32742329 | CE5: -0.014867197 | CF5: -0.14937325 | CG5: 0.16320028 | CH5: -0.069038325 | CI5: -0.11536215 | CJ5: -0.26301724 | CK5: 0.3789735 | CL5: -0.076383454 | CM5: 0.042833444 | CN5: -0.15161553 | CO5: 0.43716797 | CP5: -0.0041833928 | CQ5: -0.49935244 | CR5: 0.33985704 | CS5: -0.18988697 | CT5: 0.22461975 | CU5: -0.25171771 | CV5: -0.060587944 | CW5: 0.21087706 | CX5: 0.2501615 | CY5: -0.52413354 | CZ5: 0.82161831 | DA5: -0.17652298 | DB5: 0.13115958 | DC5: 0.17573665 | DD5: -0.42083892 | DE5: -0.22797242 | DF5: -0.33715974 | DG5: -0.4440037 | DH5: -0.042932794 | DI5: 0.30896916 | DJ5: -0.28669248 | DK5: 0.84621249 | DL5: -0.16924034 | DM5: -0.43945017 | DN5: 0.74751337 | DO5: -0.39996426 | DP5: -0.044863264 | DQ5: -0.5886343 | DR5: -0.0065627469 | DS5: -0.19878519 | DT5: 0.41321178 | DU5: -0.17065403 | DV5: 0.68828032 | DW5: 0.040806005 | DX5: -0.19993472 | DY5: 0.56631421 | DZ5: 0.4736288 | EA5: 0.095444978 | EB5: -1.0763609 | EC5: -0.13610629 | ED5: -0.27349656 | EE5: 0.60134859 | EF5: 0.0067468791
A6: 選絕對值最大 | C6: {=MATCH(MAX(ABS(C3:C5)), ABS(C3:C5), 0)} -> 3 | D6: {=MATCH(MAX(ABS(D3:D5)), ABS(D3:D5), 0)} -> 2 | E6: {=MATCH(MAX(ABS(E3:E5)), ABS(E3:E5), 0)} -> 3 | F6: {=MATCH(MAX(ABS(F3:F5)), ABS(F3:F5), 0)} -> 3 | G6: {=MATCH(MAX(ABS(G3:G5)), ABS(G3:G5), 0)} -> 3 | H6: {=MATCH(MAX(ABS(H3:H5)), ABS(H3:H5), 0)} -> 3 | I6: {=MATCH(MAX(ABS(I3:I5)), ABS(I3:I5), 0)} -> 1 | J6: {=MATCH(MAX(ABS(J3:J5)), ABS(J3:J5), 0)} -> 1 | ... EG6: {=MATCH(MAX(ABS(EG3:EG5)), ABS(EG3:EG5), 0)} -> 1
C7: =IF(C6=1,"bm",IF(C6=2,"size",IF(C6=3,"mom"))) -> mom | D7: =IF(D6=1,"bm",IF(D6=2,"size",IF(D6=3,"mom"))) -> size | E7: =IF(E6=1,"bm",IF(E6=2,"size",IF(E6=3,"mom"))) -> mom | F7: =IF(F6=1,"bm",IF(F6=2,"size",IF(F6=3,"mom"))) -> mom | G7: =IF(G6=1,"bm",IF(G6=2,"size",IF(G6=3,"mom"))) -> mom | H7: =IF(H6=1,"bm",IF(H6=2,"size",IF(H6=3,"mom"))) -> mom | I7: =IF(I6=1,"bm",IF(I6=2,"size",IF(I6=3,"mom"))) -> bm | J7: =IF(J6=1,"bm",IF(J6=2,"size",IF(J6=3,"mom"))) -> bm | ... EG7: =IF(EG6=1,"bm",IF(EG6=2,"size",IF(EG6=3,"mom"))) -> bm
C8: =IF(C6=1,C3,IF(C6=2,C4,IF(C6=3,C5))) -> -0.20935792 | D8: =IF(D6=1,D3,IF(D6=2,D4,IF(D6=3,D5))) -> -0.19625335 | E8: =IF(E6=1,E3,IF(E6=2,E4,IF(E6=3,E5))) -> 0.52484761 | F8: =IF(F6=1,F3,IF(F6=2,F4,IF(F6=3,F5))) -> 0.04683706 | G8: =IF(G6=1,G3,IF(G6=2,G4,IF(G6=3,G5))) -> -0.21047143 | H8: =IF(H6=1,H3,IF(H6=2,H4,IF(H6=3,H5))) -> 0.47441496 | I8: =IF(I6=1,I3,IF(I6=2,I4,IF(I6=3,I5))) -> -0.19676559 | J8: =IF(J6=1,J3,IF(J6=2,J4,IF(J6=3,J5))) -> 0.27883034 | ... EG8: =IF(EG6=1,EG3,IF(EG6=2,EG4,IF(EG6=3,EG5))) -> 0
A10: 投資組合 | C10: 公司數 | D10: 964
A11: 等第 | B11: 分數 | C11: 2014/01 | D11: 2014/02 | E11: 2014/03 | F11: 2014/04 | G11: 2014/05 | H11: 2014/06 | I11: 2014/07 | J11: 2014/08 | K11: 2014/09 | L11: 2014/10 | M11: 2014/11 | N11: 2014/12 | O11: 2015/01 | P11: 2015/02 | Q11: 2015/03 | R11: 2015/04 | S11: 2015/05 | T11: 2015/06 | U11: 2015/07 | V11: 2015/08 | W11: 2015/09 | X11: 2015/10 | Y11: 2015/11 | Z11: 2015/12 | AA11: 2016/01 | AB11: 2016/02 | AC11: 2016/03 | AD11: 2016/04 | AE11: 2016/05 | AF11: 2016/06 | AG11: 2016/07 | AH11: 2016/08 | AI11: 2016/09 | AJ11: 2016/10 | AK11: 2016/11 | AL11: 2016/12 | AM11: 2017/01 | AN11: 2017/02 | AO11: 2017/03 | AP11: 2017/04 | AQ11: 2017/05 | AR11: 2017/06 | AS11: 2017/07 | AT11: 2017/08 | AU11: 2017/09 | AV11: 2017/10 | AW11: 2017/11 | AX11: 2017/12 | AY11: 2018/01 | AZ11: 2018/02 | BA11: 2018/03 | BB11: 2018/04 | BC11: 2018/05 | BD11: 2018/06 | BE11: 2018/07 | BF11: 2018/08 | BG11: 2018/09 | BH11: 2018/10 | BI11: 2018/11 | BJ11: 2018/12 | BK11: 2019/01 | BL11: 2019/02 | BM11: 2019/03 | BN11: 2019/04 | BO11: 2019/05 | BP11: 2019/06 | BQ11: 2019/07 | BR11: 2019/08 | BS11: 2019/09 | BT11: 2019/10 | BU11: 2019/11 | BV11: 2019/12 | BW11: 2020/01 | BX11: 2020/02 | BY11: 2020/03 | BZ11: 2020/04 | CA11: 2020/05 | CB11: 2020/06 | CC11: 2020/07 | CD11: 2020/08 | CE11: 2020/09 | CF11: 2020/10 | CG11: 2020/11 | CH11: 2020/12 | CI11: 2021/01 | CJ11: 2021/02 | CK11: 2021/03 | CL11: 2021/04 | CM11: 2021/05 | CN11: 2021/06 | CO11: 2021/07 | CP11: 2021/08 | CQ11: 2021/09 | CR11: 2021/10 | CS11: 2021/11 | CT11: 2021/12 | CU11: 2022/01 | CV11: 2022/02 | CW11: 2022/03 | CX11: 2022/04 | CY11: 2022/05 | CZ11: 2022/06 | DA11: 2022/07 | DB11: 2022/08 | DC11: 2022/09 | DD11: 2022/10 | DE11: 2022/11 | DF11: 2022/12 | DG11: 2023/01 | DH11: 2023/02 | DI11: 2023/03 | DJ11: 2023/04 | DK11: 2023/05 | DL11: 2023/06 | DM11: 2023/07 | DN11: 2023/08 | DO11: 2023/09 | DP11: 2023/10 | DQ11: 2023/11 | DR11: 2023/12 | DS11: 2024/01 | DT11: 2024/02 | DU11: 2024/03 | DV11: 2024/04 | DW11: 2024/05 | DX11: 2024/06 | DY11: 2024/07 | DZ11: 2024/08 | EA11: 2024/09 | EB11: 2024/10 | EC11: 2024/11 | ED11: 2024/12 | EE11: 2025/01 | EF11: 2025/02
A12: 10 | B12: 96 | C12: 0.014499247 | D12: 0.11468863 | E12: -0.0013937245 | F12: -0.055959385 | G12: -0.031947449 | H12: 0.0095992584 | I12: -0.036303937 | J12: 0.043784579 | K12: 0.029187998 | L12: -0.008758556 | M12: 0.026889174 | N12: 0.034703354 | O12: 0.018629889 | P12: -0.00025432811 | Q12: 0.033792784 | R12: -0.013397506 | S12: 0.01105503 | T12: 0.043243489 | U12: 0.020367221 | V12: -0.0095109537 | W12: 0.028417663 | X12: 0.02707389 | Y12: -0.020598394 | Z12: 0.063623683 | AA12: -0.039403661 | AB12: -0.034689111 | AC12: 0.046772946 | AD12: -0.0025304298 | AE12: 0.046437717 | AF12: -0.052012103 | AG12: 0.0038149304 | AH12: 0.015713034 | AI12: 0.0087937925 | AJ12: 0.018723296 | AK12: -0.016475368 | AL12: 0.017859003 | AM12: 0.030086116 | AN12: 0.069233234 | AO12: 0.014995471 | AP12: 0.0046339365 | AQ12: 0.0076219364 | AR12: 0.0075044281 | AS12: 0.019099718 | AT12: 0.072195382 | AU12: -0.0037135364 | AV12: -0.021789895 | AW12: -0.00062147702 | AX12: -0.044696012 | AY12: -0.017491322 | AZ12: -0.023614553 | BA12: 0.0049378882 | BB12: 0.0057853949 | BC12: 0.012272789 | BD12: 0.013630557 | BE12: -0.01860881 | BF12: 0.067616949 | BG12: 0.033670862 | BH12: 0.01422336 | BI12: -0.043756064 | BJ12: 0.024663126 | BK12: -0.0006573835 | BL12: 0.032129098 | BM12: 0.050305685 | BN12: 0.011575967 | BO12: -0.02424631 | BP12: 0.026421957 | BQ12: 0.018715509 | BR12: -0.0022610085 | BS12: -0.032642855 | BT12: 0.016364783 | BU12: 0.0087815171 | BV12: -0.032053226 | BW12: 0.044477004 | BX12: 0.0069851539 | BY12: -0.045815986 | BZ12: -0.045356946 | CA12: -0.034400287 | CB12: -0.072475876 | CC12: 0.065566613 | CD12: -0.044355263 | CE12: 0.011619408 | CF12: -0.0080212745 | CG12: -0.04927796 | CH12: 0.016463112 | CI12: 0.035598031 | CJ12: -0.01544518 | CK12: 0.056101441 | CL12: -0.07844028 | CM12: -0.015219726 | CN12: 0.027083701 | CO12: -0.024819785 | CP12: -0.045299021 | CQ12: 0.062684347 | CR12: -0.057159987 | CS12: -0.01450965 | CT12: -0.0093290632 | CU12: 0.074779529 | CV12: -0.0044033581 | CW12: 0.013036669 | CX12: -0.030752638 | CY12: -0.016420596 | CZ12: -0.012324262 | DA12: 0.0056037841 | DB12: 0.022981876 | DC12: -0.033973203 | DD12: 0.069960546 | DE12: 0.024737644 | DF12: -0.01162432 | DG12: 0.047394422 | DH12: -0.061195155 | DI12: 0.029979255 | DJ12: -0.041378043 | DK12: 0.0010711986 | DL12: -0.018669833 | DM12: -0.0091434933 | DN12: -0.018541443 | DO12: 0.019030728 | DP12: 0.03258445 | DQ12: -0.074540647 | DR12: 0.017064979 | DS12: -0.046024279 | DT12: 0.024813842 | DU12: -0.045787142 | DV12: -0.016751442 | DW12: 0.043725564 | DX12: -0.018099137 | DY12: 0.062728222 | DZ12: 0.02003889 | EA12: 0.051097633 | EB12: 0.030525777 | EC12: -0.014883918 | ED12: -0.023444575 | EE12: -0.02821628 | EF12: -0.029233766
A13: 20 | B13: 48 | C13: -0.0074773642 | D13: 0.12374503 | E13: -0.0055236267 | F13: -0.059986527 | G13: -0.012047404 | H13: 0.017388387 | I13: -0.032682863 | J13: 0.034549892 | K13: 0.060326139 | L13: -0.02198047 | M13: 0.0032797582 | N13: 0.043392417 | O13: 0.036273276 | P13: -0.0062776477 | Q13: 0.044218264 | R13: -0.0064899102 | S13: -0.006013803 | T13: 0.052899803 | U13: 0.054161075 | V13: -0.0022166399 | W13: 0.030968904 | X13: 0.053276895 | Y13: 0.0066833587 | Z13: 0.078424435 | AA13: -0.03211951 | AB13: -0.04667822 | AC13: 0.0667717 | AD13: -0.020440228 | AE13: 0.077071417 | AF13: -0.073281161 | AG13: -0.0099052077 | AH13: 0.024955207 | AI13: 0.018646046 | AJ13: 0.0017074508 | AK13: -0.03835939 | AL13: 0.023151429 | AM13: 0.046282444 | AN13: 0.10533024 | AO13: -0.0017088467 | AP13: 0.0065879899 | AQ13: 0.0060492888 | AR13: -0.0092507325 | AS13: 0.041313118 | AT13: 0.086422915 | AU13: 0.015695418 | AV13: -0.01095891 | AW13: -0.0040800136 | AX13: -0.032799832 | AY13: -0.014262204 | AZ13: -0.031220536 | BA13: 0.0065409376 | BB13: 0.026046346 | BC13: 0.011283767 | BD13: 0.0033444284 | BE13: -0.027391806 | BF13: 0.12165714 | BG13: 0.046566462 | BH13: 0.0084757298 | BI13: -0.021601559 | BJ13: 0.024266088 | BK13: -0.0088783959 | BL13: 0.03446004 | BM13: 0.053371769 | BN13: 0.035552713 | BO13: -0.030878716 | BP13: 0.0079511464 | BQ13: -0.0011508192 | BR13: -0.0066814175 | BS13: -0.040180514 | BT13: 0.00052107168 | BU13: 0.017706555 | BV13: -0.031440738 | BW13: 0.075714006 | BX13: 0.00074563881 | BY13: -0.03082776 | BZ13: -0.076138123 | CA13: -0.033531566 | CB13: -0.12042697 | CC13: 0.12011817 | CD13: -0.021204144 | CE13: 0.0092209843 | CF13: 0.012043667 | CG13: -0.058014968 | CH13: 0.0040295061 | CI13: 0.014533303 | CJ13: 0.003106088 | CK13: 0.065687126 | CL13: -0.072724175 | CM13: -0.010296804 | CN13: 0.026887566 | CO13: -0.035334344 | CP13: -0.06972654 | CQ13: 0.071178865 | CR13: -0.11164489 | CS13: 0.0039476507 | CT13: 0.00040854012 | CU13: 0.10709096 | CV13: -0.024318983 | CW13: 0.03630912 | CX13: -0.030582841 | CY13: -0.041201752 | CZ13: -0.0048982162 | DA13: -0.0055836769 | DB13: 0.04176157 | DC13: -0.029775566 | DD13: 0.068977059 | DE13: 0.022441996 | DF13: -0.017271632 | DG13: 0.07133576 | DH13: -0.088720601 | DI13: 0.02957042 | DJ13: -0.0070211236 | DK13: -0.023400892 | DL13: -0.022050691 | DM13: 0.011655894 | DN13: -0.012775889 | DO13: 0.044325139 | DP13: 0.048786636 | DQ13: -0.087129011 | DR13: 0.01516855 | DS13: -0.029915194 | DT13: 0.029845809 | DU13: -0.023698854 | DV13: -0.0098528048 | DW13: 0.04441779 | DX13: -0.02322961 | DY13: 0.0095046248 | DZ13: 0.030285251 | EA13: 0.062118677 | EB13: 0.057205293 | EC13: -0.021984853 | ED13: -0.05397802 | EE13: -0.03586748 | EF13: -0.04451361
A14: 50 | B14: 19 | C14: -0.033228978 | D14: 0.22230845 | E14: -0.047920746 | F14: -0.060341905 | G14: -0.05365663 | H14: -0.011508261 | I14: -0.04378736 | J14: 0.023309972 | K14: 0.050827466 | L14: -0.056271085 | M14: -0.019021714 | N14: 0.057369427 | O14: 0.037475787 | P14: 0.006541421 | Q14: 0.12410387 | R14: 0.015941187 | S14: -0.024806746 | T14: 0.06984148 | U14: 0.10426666 | V14: 0.0524213 | W14: 0.047795003 | X14: 0.053581709 | Y14: 0.055190991 | Z14: 0.038511926 | AA14: -0.03945018 | AB14: -0.070769377 | AC14: -0.0030865623 | AD14: -0.069874592 | AE14: 0.11683692 | AF14: -0.096080095 | AG14: -0.025329295 | AH14: 0.080952184 | AI14: -0.035462644 | AJ14: -0.024505575 | AK14: -0.077475339 | AL14: 0.03796919 | AM14: 0.061242166 | AN14: 0.098594667 | AO14: -0.038044353 | AP14: -0.0070548285 | AQ14: 0.00036796774 | AR14: -0.018170823 | AS14: 0.085376986 | AT14: 0.07940348 | AU14: 0.057421613 | AV14: 0.0084264533 | AW14: 0.018362932 | AX14: -0.019370213 | AY14: -0.0016905718 | AZ14: -0.06107058 | BA14: 0.017621646 | BB14: 0.10189834 | BC14: -0.009820999 | BD14: 0.043327782 | BE14: -0.043787063 | BF14: 0.15382926 | BG14: 0.041374264 | BH14: 0.0053427556 | BI14: 0.041031068 | BJ14: 0.068604196 | BK14: -0.03369142 | BL14: 0.059996896 | BM14: 0.046278325 | BN14: 0.02608796 | BO14: -0.033609046 | BP14: -0.050332283 | BQ14: -0.050884482 | BR14: -0.02792943 | BS14: -0.030332724 | BT14: -0.030726476 | BU14: -0.0088548354 | BV14: -0.041282489 | BW14: 0.13089751 | BX14: -0.014335295 | BY14: -0.080399769 | BZ14: -0.060034057 | CA14: -0.024465266 | CB14: -0.1644655 | CC14: 0.12059616 | CD14: 0.032926387 | CE14: -0.072156719 | CF14: 0.04287741 | CG14: -0.057320664 | CH14: 0.04887967 | CI14: 0.014701612 | CJ14: 0.028667855 | CK14: 0.053792087 | CL14: -0.13734357 | CM14: 0.03204001 | CN14: 0.023026689 | CO14: -0.078763759 | CP14: -0.099809331 | CQ14: 0.0322279 | CR14: -0.20771971 | CS14: -0.0038161133 | CT14: -0.0096618863 | CU14: 0.101545 | CV14: -0.039399434 | CW14: 0.044763884 | CX14: -0.090639227 | CY14: -0.09636113 | CZ14: -0.0103014 | DA14: -0.024304289 | DB14: 0.023561073 | DC14: -0.023632609 | DD14: 0.079205352 | DE14: 0.062526924 | DF14: -0.064180408 | DG14: 0.087324806 | DH14: -0.058741194 | DI14: 0.040659135 | DJ14: -0.0087940294 | DK14: -0.077413284 | DL14: -0.040754872 | DM14: 0.032421917 | DN14: 0.044935741 | DO14: 0.070288549 | DP14: 0.043539716 | DQ14: -0.071172565 | DR14: 0.0077944218 | DS14: -0.089437754 | DT14: 0.0077542903 | DU14: -0.11891759 | DV14: -0.045153224 | DW14: 0.098344367 | DX14: -0.027689697 | DY14: 0.047660987 | DZ14: 0.021697589 | EA14: 0.10752548 | EB14: 0.078179831 | EC14: -0.043260018 | ED14: -0.078399264 | EE14: -0.042505739 | EF14: -0.025525355
A15: 100 | B15: 10 | C15: -0.036350225 | D15: 0.37270922 | E15: -0.095344605 | F15: 0.034921437 | G15: -0.034403921 | H15: -0.0012437261 | I15: -0.058431444 | J15: 0.049961465 | K15: 0.094514798 | L15: -0.081171061 | M15: -0.0021330164 | N15: 0.10979619 | O15: 0.073757344 | P15: 0.02189657 | Q15: 0.15553684 | R15: 0.05212969 | S15: 0.08548789 | T15: 0.066800125 | U15: 0.13696806 | V15: 0.11012701 | W15: 0.050671424 | X15: 0.078436412 | Y15: 0.052028798 | Z15: 0.046719972 | AA15: -0.054081147 | AB15: -0.083700173 | AC15: 0.0043176688 | AD15: -0.081713375 | AE15: 0.21179264 | AF15: -0.13772629 | AG15: -0.044324544 | AH15: 0.13296737 | AI15: -0.024849257 | AJ15: -0.033717922 | AK15: -0.069361451 | AL15: 0.044431662 | AM15: 0.055122622 | AN15: 0.10168871 | AO15: -0.05138452 | AP15: -0.012581945 | AQ15: 0.037367127 | AR15: -0.02455082 | AS15: 0.053821179 | AT15: 0.070989813 | AU15: 0.077174077 | AV15: 0.033225302 | AW15: -0.015659939 | AX15: -0.081360566 | AY15: -0.029005659 | AZ15: -0.067846329 | BA15: 0.010613515 | BB15: 0.1087891 | BC15: 0.062155144 | BD15: 0.053043274 | BE15: -0.048442721 | BF15: 0.21087209 | BG15: 0.0024895387 | BH15: 0.034441845 | BI15: 0.021159114 | BJ15: 0.13011026 | BK15: 0.045604932 | BL15: 0.059755421 | BM15: 0.048219004 | BN15: 0.063720727 | BO15: -0.027734476 | BP15: -0.051616854 | BQ15: -0.043431253 | BR15: -0.050157429 | BS15: -0.011865911 | BT15: -0.059850936 | BU15: 0.01947642 | BV15: -0.086180137 | BW15: 0.29887899 | BX15: -0.053851569 | BY15: -0.093338392 | BZ15: -0.10290647 | CA15: -0.018592021 | CB15: -0.1310914 | CC15: 0.17365171 | CD15: -0.047114468 | CE15: -0.11651657 | CF15: 0.04134943 | CG15: -0.085886022 | CH15: 0.081342608 | CI15: -0.0025109388 | CJ15: 0.087044356 | CK15: 0.095640748 | CL15: -0.16165447 | CM15: 0.074631116 | CN15: 0.042634116 | CO15: -0.10697924 | CP15: -0.12753584 | CQ15: -0.02496336 | CR15: -0.18148893 | CS15: 0.016910987 | CT15: 0.0049416704 | CU15: 0.12404993 | CV15: -0.060444496 | CW15: 0.026072091 | CX15: -0.15238778 | CY15: -0.092947904 | CZ15: -0.023763335 | DA15: -0.026375835 | DB15: 0.030226618 | DC15: -0.03507515 | DD15: 0.014506726 | DE15: 0.057163635 | DF15: 0.0060545263 | DG15: 0.11309156 | DH15: -0.12962194 | DI15: 0.054108319 | DJ15: -0.060023777 | DK15: -0.072188598 | DL15: 0.0003039932 | DM15: 0.039052117 | DN15: 0.081730712 | DO15: 0.034104416 | DP15: 0.023735602 | DQ15: -0.037038689 | DR15: -0.022035265 | DS15: -0.0095715425 | DT15: 0.05271879 | DU15: -0.18864064 | DV15: -0.046727729 | DW15: 0.025538627 | DX15: -0.02154567 | DY15: -0.083673635 | DZ15: 0.036596498 | EA15: 0.10917693 | EB15: 0.08808745 | EC15: -0.076157077 | ED15: -0.11066003 | EE15: -0.04934418 | EF15: -0.029646055
A16: 107 | B16: 9 | C16: -0.03943539 | D16: 0.40819498 | E16: -0.086704171 | F16: 0.078715472 | G16: -0.0081465507 | H16: -0.00064934946 | I16: -0.057530619 | J16: 0.046709926 | K16: 0.086420892 | L16: -0.085161604 | M16: -0.013987436 | N16: 0.1202425 | O16: 0.079826861 | P16: 0.0081881795 | Q16: 0.15790307 | R16: 0.048990978 | S16: 0.10985904 | T16: 0.06721906 | U16: 0.13006247 | V16: 0.075571486 | W16: 0.10163136 | X16: 0.073678278 | Y16: 0.050278834 | Z16: 0.043057931 | AA16: -0.043487636 | AB16: -0.074985042 | AC16: -0.012765448 | AD16: -0.053136056 | AE16: 0.20962824 | AF16: -0.14791561 | AG16: -0.04377616 | AH16: 0.14840163 | AI16: -0.033383256 | AJ16: -0.048120479 | AK16: -0.037433453 | AL16: 0.048688933 | AM16: 0.066076731 | AN16: 0.1064562 | AO16: -0.041090153 | AP16: -0.0052398896 | AQ16: 0.0384662 | AR16: -0.03249276 | AS16: 0.065068225 | AT16: 0.12256404 | AU16: 0.082090272 | AV16: 0.023608876 | AW16: -0.03925293 | AX16: -0.10062133 | AY16: -0.019601854 | AZ16: -0.088150182 | BA16: 0.014923105 | BB16: 0.13247474 | BC16: 0.067121466 | BD16: 0.035936712 | BE16: -0.051410994 | BF16: 0.24778686 | BG16: 0.013473282 | BH16: -0.013775614 | BI16: 0.04898994 | BJ16: 0.096566804 | BK16: 0.051371625 | BL16: 0.061173599 | BM16: 0.039497985 | BN16: 0.06130475 | BO16: -0.02189036 | BP16: -0.057750061 | BQ16: -0.023690719 | BR16: -0.026296848 | BS16: -0.032006987 | BT16: -0.046660882 | BU16: 0.05776511 | BV16: -0.094510468 | BW16: 0.31797083 | BX16: -0.066559519 | BY16: -0.11899471 | BZ16: -0.11152585 | CA16: -0.02971439 | CB16: -0.13930874 | CC16: 0.044388153 | CD16: -0.060988526 | CE16: -0.13259506 | CF16: 0.052800084 | CG16: -0.061727878 | CH16: 0.050448725 | CI16: -0.0042406681 | CJ16: 0.045523551 | CK16: 0.08842269 | CL16: -0.19674044 | CM16: 0.088988628 | CN16: 0.033057515 | CO16: -0.13464021 | CP16: -0.13663169 | CQ16: -0.02033378 | CR16: -0.18928653 | CS16: 0.021807009 | CT16: 0.025557378 | CU16: 0.1354717 | CV16: -0.059453993 | CW16: 0.047341659 | CX16: -0.16226598 | CY16: -0.081280638 | CZ16: -0.032724822 | DA16: -0.029804794 | DB16: 0.04271217 | DC16: -0.042942362 | DD16: 0.03174371 | DE16: 0.0345524 | DF16: 0.0026980136 | DG16: 0.12637192 | DH16: -0.13714776 | DI16: 0.045399498 | DJ16: -0.070955052 | DK16: -0.057685769 | DL16: 0.021872874 | DM16: 0.018910374 | DN16: 0.11588673 | DO16: 0.046563866 | DP16: 0.019841949 | DQ16: -0.047070156 | DR16: -0.011178168 | DS16: 0.010423024 | DT16: 0.059112975 | DU16: -0.19010824 | DV16: -0.045728317 | DW16: 0.04091773 | DX16: -0.021947728 | DY16: -0.094984864 | DZ16: 0.012649172 | EA16: 0.13979902 | EB16: 0.1006791 | EC16: -0.068501481 | ED16: -0.11469923 | EE16: -0.059240997 | EF16: -0.034550636
A17: 120 | B17: 8 | C17: -0.038913469 | D17: 0.43958849 | E17: -0.096671109 | F17: 0.080752164 | G17: -0.10538707 | H17: 0.0079428568 | I17: -0.11372503 | J17: 0.041858395 | K17: 0.10156008 | L17: -0.042234791 | M17: 0.014659142 | N17: 0.10927783 | O17: 0.10122677 | P17: 0.013382947 | Q17: 0.16180129 | R17: 0.052057609 | S17: 0.11905439 | T17: 0.071202015 | U17: 0.14127114 | V17: 0.097259656 | W17: 0.12866725 | X17: 0.10018597 | Y17: 0.073623131 | Z17: 0.053868489 | AA17: -0.03520979 | AB17: -0.084852063 | AC17: -0.020086255 | AD17: -0.049777375 | AE17: 0.2221227 | AF17: -0.12028632 | AG17: -0.062640142 | AH17: 0.14702489 | AI17: -0.057037976 | AJ17: -0.061612619 | AK17: -0.02937589 | AL17: 0.050724406 | AM17: 0.075369368 | AN17: 0.11328712 | AO17: -0.076694528 | AP17: -0.0037580716 | AQ17: 0.060527137 | AR17: -0.034997281 | AS17: 0.056323562 | AT17: 0.12707179 | AU17: 0.11569961 | AV17: 0.027563054 | AW17: -0.008421888 | AX17: -0.097619105 | AY17: -0.015478046 | AZ17: -0.070494231 | BA17: 0.0098251791 | BB17: 0.15327128 | BC17: 0.083863195 | BD17: 0.022356482 | BE17: -0.077350242 | BF17: 0.14777683 | BG17: -0.035394236 | BH17: 0.013519461 | BI17: 0.0807384 | BJ17: 0.097868244 | BK17: 0.016751327 | BL17: 0.034152447 | BM17: 0.029059011 | BN17: 0.053470181 | BO17: -0.035179615 | BP17: -0.060638147 | BQ17: -0.025601716 | BR17: -0.0096463751 | BS17: -0.020906018 | BT17: -0.05265016 | BU17: 0.071127819 | BV17: -0.10664392 | BW17: 0.20833683 | BX17: -0.08264099 | BY17: -0.095860872 | BZ17: -0.12057816 | CA17: -0.027934832 | CB17: -0.14963316 | CC17: 0.041760252 | CD17: -0.076385115 | CE17: -0.17511625 | CF17: 0.058238797 | CG17: -0.074714989 | CH17: 0.032969072 | CI17: -0.0037017834 | CJ17: 0.050742321 | CK17: 0.083955848 | CL17: -0.1368391 | CM17: 0.13456934 | CN17: 0.026718061 | CO17: -0.13741288 | CP17: -0.14815927 | CQ17: 0.051907103 | CR17: -0.19640263 | CS17: 0.011545516 | CT17: 0.01733928 | CU17: 0.15535189 | CV17: -0.067891017 | CW17: 0.063393219 | CX17: -0.12500986 | CY17: -0.075608913 | CZ17: -0.031592684 | DA17: -0.043895859 | DB17: 0.034883011 | DC17: -0.043363469 | DD17: 0.029155421 | DE17: 0.024124863 | DF17: 0.015674445 | DG17: 0.12321247 | DH17: -0.1634318 | DI17: 0.035044536 | DJ17: -0.12892506 | DK17: -0.068118111 | DL17: 0.0039297317 | DM17: 0.037227476 | DN17: 0.10647996 | DO17: 0.065250544 | DP17: -0.016518508 | DQ17: -0.072654005 | DR17: -0.025726439 | DS17: 0.0065055362 | DT17: 0.059811935 | DU17: -0.1595551 | DV17: -0.045148836 | DW17: 0.048681483 | DX17: 0.02303518 | DY17: -0.12601054 | DZ17: -0.0047910532 | EA17: 0.16457152 | EB17: 0.10728533 | EC17: -0.12151202 | ED17: -0.10329067 | EE17: -0.0642787 | EF17: -0.040987205
A18: 137 | B18: 7 | C18: -0.059146798 | D18: 0.40188368 | E18: -0.10047562 | F18: 0.11938296 | G18: -0.10831637 | H18: 0.0086222278 | I18: -0.13550018 | J18: 0.043411516 | K18: 0.13564789 | L18: -0.050758207 | M18: 0.029051464 | N18: 0.14120749 | O18: 0.10367049 | P18: 0.0083280859 | Q18: 0.18897542 | R18: 0.061492238 | S18: 0.14380523 | T18: 0.05424444 | U18: 0.13249502 | V18: 0.12139146 | W18: 0.16613483 | X18: 0.12712281 | Y18: 0.10387924 | Z18: 0.089234363 | AA18: -0.041705245 | AB18: -0.0846983 | AC18: 0.0013654205 | AD18: -0.072443789 | AE18: 0.25839135 | AF18: -0.15054364 | AG18: -0.08171998 | AH18: 0.1630685 | AI18: -0.08142375 | AJ18: -0.070867218 | AK18: -0.022832885 | AL18: 0.047527764 | AM18: 0.066643405 | AN18: 0.07929464 | AO18: 0.02458428 | AP18: -0.0020144314 | AQ18: 0.076230845 | AR18: -0.061694524 | AS18: 0.085826552 | AT18: 0.16638581 | AU18: 0.13889821 | AV18: 0.035057688 | AW18: -0.024538034 | AX18: -0.12606434 | AY18: -0.030189359 | AZ18: -0.051646327 | BA18: 0.00063231092 | BB18: 0.16725802 | BC18: 0.083201573 | BD18: -0.024016272 | BE18: -0.068361213 | BF18: 0.16498649 | BG18: -0.016806241 | BH18: 0.020503853 | BI18: 0.075991094 | BJ18: 0.098533857 | BK18: 0.0009810839 | BL18: 0.055787881 | BM18: 0.028081356 | BN18: 0.042191589 | BO18: -0.020227496 | BP18: -0.062463432 | BQ18: -0.086459691 | BR18: -0.0057481936 | BS18: -0.032873257 | BT18: -0.061545323 | BU18: 0.080677444 | BV18: -0.11550552 | BW18: 0.2183755 | BX18: -0.074580863 | BY18: -0.062686744 | BZ18: -0.15331999 | CA18: -0.016076544 | CB18: -0.10684606 | CC18: 0.10466062 | CD18: -0.12159522 | CE18: -0.17792636 | CF18: -0.043957743 | CG18: -0.091609256 | CH18: 0.045365649 | CI18: 0.11505931 | CJ18: 0.062313678 | CK18: 0.096058032 | CL18: -0.15291394 | CM18: 0.14364854 | CN18: 0.035086254 | CO18: -0.15059751 | CP18: -0.16283911 | CQ18: 0.038242676 | CR18: -0.19372241 | CS18: 0.02812856 | CT18: -0.016272494 | CU18: 0.14456482 | CV18: -0.062944622 | CW18: 0.066558574 | CX18: -0.15307569 | CY18: -0.093178384 | CZ18: -0.091459213 | DA18: -0.04738094 | DB18: 0.045735209 | DC18: -0.036408781 | DD18: 0.041014187 | DE18: 0.038420587 | DF18: 0.028071975 | DG18: 0.11821709 | DH18: -0.19240138 | DI18: 0.018613248 | DJ18: -0.14619608 | DK18: -0.05725059 | DL18: 0.0038302741 | DM18: 0.0052506787 | DN18: 0.12510868 | DO18: 0.030199017 | DP18: -0.020604686 | DQ18: -0.065749458 | DR18: -0.010451249 | DS18: 0.025385651 | DT18: 0.022601035 | DU18: -0.16258878 | DV18: -0.070527693 | DW18: 0.081908692 | DX18: 0.068177294 | DY18: -0.1657631 | DZ18: -0.043227855 | EA18: 0.19894575 | EB18: 0.10996435 | EC18: -0.14304023 | ED18: -0.082759101 | EE18: -0.05301504 | EF18: -0.063954334
A19: 160 | B19: 6 | C19: -0.07386193 | D19: 0.40752071 | E19: -0.14058368 | F19: 0.17768866 | G19: -0.096065972 | H19: -0.012068788 | I19: -0.13465433 | J19: 0.035429585 | K19: 0.23878941 | L19: -0.02032665 | M19: -0.043690236 | N19: 0.15184358 | O19: 0.092221383 | P19: 0.023513161 | Q19: 0.19716309 | R19: 0.090299091 | S19: 0.12269188 | T19: 0.027154278 | U19: 0.13569834 | V19: 0.09268832 | W19: 0.17473476 | X19: 0.12292315 | Y19: 0.10313024 | Z19: 0.091619111 | AA19: -0.041570185 | AB19: -0.10225361 | AC19: 0.014141543 | AD19: -0.023997457 | AE19: 0.30849286 | AF19: -0.16883058 | AG19: -0.041487103 | AH19: 0.20415629 | AI19: -0.047766353 | AJ19: -0.07720271 | AK19: -0.040581523 | AL19: 0.070270946 | AM19: 0.043106012 | AN19: 0.083568294 | AO19: 0.055890126 | AP19: -0.0097121209 | AQ19: 0.088252757 | AR19: -0.074616898 | AS19: 0.097796955 | AT19: 0.18459366 | AU19: 0.15301463 | AV19: 0.042677296 | AW19: -0.022356168 | AX19: -0.2241238 | AY19: -0.066273243 | AZ19: -0.11561153 | BA19: -0.034363884 | BB19: 0.20180191 | BC19: 0.064055486 | BD19: -0.0032343926 | BE19: -0.051131874 | BF19: 0.14180943 | BG19: -0.016343658 | BH19: 0.0020182017 | BI19: 0.10128423 | BJ19: 0.058912217 | BK19: -0.069519037 | BL19: 0.063164534 | BM19: 0.031786265 | BN19: 0.0721851 | BO19: -0.025728961 | BP19: -0.012410341 | BQ19: -0.10965313 | BR19: 0.006675246 | BS19: 0.0034999319 | BT19: -0.082323404 | BU19: 0.075936251 | BV19: -0.10008527 | BW19: 0.30745301 | BX19: -0.054830282 | BY19: -0.027675492 | BZ19: -0.068702125 | CA19: -0.029328755 | CB19: -0.12783821 | CC19: 0.022506233 | CD19: -0.14873191 | CE19: -0.19826583 | CF19: -0.079051525 | CG19: -0.057117625 | CH19: 0.042715044 | CI19: 0.11073421 | CJ19: 0.0619405 | CK19: 0.11879726 | CL19: -0.11534778 | CM19: 0.17534764 | CN19: 0.076932655 | CO19: -0.16614656 | CP19: -0.1590326 | CQ19: 0.032394608 | CR19: -0.17630672 | CS19: 0.043774987 | CT19: -0.027940637 | CU19: 0.14660754 | CV19: -0.076142494 | CW19: 0.060515879 | CX19: -0.14815029 | CY19: -0.10789212 | CZ19: -0.057499263 | DA19: -0.058223877 | DB19: 0.035720899 | DC19: 0.0351794 | DD19: 0.0062011253 | DE19: 0.033018415 | DF19: 0.021296342 | DG19: 0.1264908 | DH19: -0.22458978 | DI19: 0.058647033 | DJ19: -0.16525047 | DK19: -0.01598429 | DL19: 0.011982786 | DM19: -0.046097902 | DN19: 0.1739283 | DO19: 0.04870552 | DP19: 0.027838014 | DQ19: -0.080374172 | DR19: -0.017544799 | DS19: 0.044918963 | DT19: 0.0050332465 | DU19: -0.19451944 | DV19: -0.071593387 | DW19: 0.060609139 | DX19: 0.094614193 | DY19: -0.15211941 | DZ19: -0.079643568 | EA19: 0.23304583 | EB19: 0.10875351 | EC19: -0.1437742 | ED19: -0.080285258 | EE19: -0.022815886 | EF19: -0.074022919
A20: 192 | B20: 5 | C20: 0.011241332 | D20: 0.38202502 | E20: -0.14612491 | F20: 0.20553126 | G20: -0.11718314 | H20: 0.011583026 | I20: -0.15814956 | J20: 0.034471259 | K20: 0.2147245 | L20: -0.0089997713 | M20: -0.077718228 | N20: 0.16814359 | O20: 0.099101484 | P20: 0.043138679 | Q20: 0.21672574 | R20: 0.10925306 | S20: 0.082562611 | T20: -0.015662911 | U20: 0.14864968 | V20: 0.1035176 | W20: 0.22644366 | X20: 0.15004231 | Y20: 0.12896504 | Z20: 0.10561696 | AA20: -0.021594553 | AB20: -0.084759841 | AC20: 0.047248263 | AD20: -0.026987304 | AE20: 0.16122121 | AF20: -0.22349782 | AG20: -0.032163249 | AH20: 0.21664245 | AI20: -0.083279354 | AJ20: -0.060725685 | AK20: -0.0082485151 | AL20: 0.072893452 | AM20: 0.033095981 | AN20: 0.075470194 | AO20: 0.049108295 | AP20: -0.012604516 | AQ20: -0.027452485 | AR20: -0.013289273 | AS20: 0.11209581 | AT20: 0.23912375 | AU20: 0.14307264 | AV20: 0.071473186 | AW20: -0.0068652682 | AX20: -0.20433922 | AY20: 0.082057636 | AZ20: -0.15627401 | BA20: -0.036798865 | BB20: 0.23121363 | BC20: 0.070605568 | BD20: -0.053429813 | BE20: 0.0059467971 | BF20: 0.13797126 | BG20: -0.0069261427 | BH20: -0.071606447 | BI20: 0.11425567 | BJ20: 0.049139784 | BK20: -0.10259828 | BL20: 0.069859442 | BM20: 0.047468551 | BN20: 0.085664631 | BO20: 0.038461718 | BP20: 0.0072822475 | BQ20: -0.10860027 | BR20: 0.012073632 | BS20: 0.032536198 | BT20: -0.096530501 | BU20: 0.098754949 | BV20: -0.13370992 | BW20: 0.35182955 | BX20: -0.057988018 | BY20: -0.043183483 | BZ20: -0.090271404 | CA20: -0.040102728 | CB20: -0.12649505 | CC20: 0.012915147 | CD20: -0.18885951 | CE20: -0.2439638 | CF20: -0.10578489 | CG20: -0.075970241 | CH20: 0.022195229 | CI20: 0.085208202 | CJ20: 0.12344032 | CK20: 0.080589624 | CL20: -0.14931315 | CM20: 0.18905117 | CN20: -0.022159411 | CO20: -0.2285182 | CP20: -0.19203121 | CQ20: 0.023118045 | CR20: -0.19548611 | CS20: 0.022293038 | CT20: -0.018076711 | CU20: 0.14672801 | CV20: -0.097003954 | CW20: 0.067903708 | CX20: -0.14515419 | CY20: -0.10096666 | CZ20: -0.013062634 | DA20: -0.047471893 | DB20: 0.05690271 | DC20: 0.049613069 | DD20: 0.0035971848 | DE20: 0.010418722 | DF20: 0.045499958 | DG20: 0.12407331 | DH20: -0.27829885 | DI20: 0.074248336 | DJ20: -0.13655809 | DK20: -0.020765658 | DL20: 0.019465373 | DM20: 0.042864774 | DN20: 0.18323473 | DO20: 0.049820855 | DP20: 0.0098305314 | DQ20: -0.057460182 | DR20: -0.055557992 | DS20: -0.069792758 | DT20: -0.029685339 | DU20: -0.27264433 | DV20: -0.10204218 | DW20: 0.069060204 | DX20: 0.097851218 | DY20: -0.18740183 | DZ20: 0.018115127 | EA20: 0.29368998 | EB20: 0.082407142 | EC20: -0.13100615 | ED20: -0.057827564 | EE20: -0.020017587 | EF20: -0.085803061
A21: 241 | B21: 4 | C21: 0.010384834 | D21: 0.12638792 | E21: -0.043717555 | F21: 0.18403858 | G21: -0.14384215 | H21: -0.037844077 | I21: -0.14725561 | J21: 0.060435326 | K21: 0.20688003 | L21: -0.057226167 | M21: -0.099684593 | N21: 0.13905068 | O21: 0.12978246 | P21: 0.039891723 | Q21: 0.25731007 | R21: 0.095575311 | S21: 0.20915948 | T21: 0.014040364 | U21: 0.086278418 | V21: 0.10537077 | W21: 0.32292055 | X21: 0.20780127 | Y21: 0.092729224 | Z21: 0.11420399 | AA21: 0.019491044 | AB21: -0.12983958 | AC21: 0.018827737 | AD21: 0.025933276 | AE21: 0.12810498 | AF21: -0.29514426 | AG21: -0.011046572 | AH21: 0.24035126 | AI21: -0.067729681 | AJ21: -0.078941164 | AK21: 0.018318369 | AL21: 0.065379823 | AM21: 0.068535807 | AN21: 0.11195606 | AO21: 0.085567775 | AP21: -0.018942379 | AQ21: -0.076865507 | AR21: 0.047988141 | AS21: 0.064455869 | AT21: 0.26483826 | AU21: 0.06345533 | AV21: 0.050897568 | AW21: -0.00979103 | AX21: -0.2177183 | AY21: 0.065722295 | AZ21: -0.093059394 | BA21: -0.071032182 | BB21: 0.29451264 | BC21: 0.038321148 | BD21: -0.021750863 | BE21: -0.0063505334 | BF21: 0.19911722 | BG21: 0.036635189 | BH21: -0.076321363 | BI21: 0.15387465 | BJ21: 0.031982514 | BK21: -0.082973162 | BL21: 0.08734079 | BM21: 0.040795286 | BN21: 0.1882475 | BO21: 0.063857236 | BP21: -0.0041808023 | BQ21: -0.072890743 | BR21: 0.012323862 | BS21: 0.065741821 | BT21: -0.092952203 | BU21: 0.13549646 | BV21: -0.019240488 | BW21: 0.18446067 | BX21: -0.088379335 | BY21: -0.014916379 | BZ21: -0.047662929 | CA21: -0.060517603 | CB21: -0.20786985 | CC21: -0.0080189543 | CD21: -0.15078839 | CE21: -0.39507594 | CF21: -0.11452616 | CG21: -0.085085335 | CH21: 0.15662644 | CI21: 0.073182727 | CJ21: 0.085627757 | CK21: 0.06715963 | CL21: -0.18743312 | CM21: 0.22550299 | CN21: -0.03053889 | CO21: -0.23779198 | CP21: -0.22270006 | CQ21: 0.022912194 | CR21: -0.23905997 | CS21: 0.030907746 | CT21: -0.086072557 | CU21: 0.15891662 | CV21: -0.13162753 | CW21: 0.038345517 | CX21: -0.15696885 | CY21: -0.15245231 | CZ21: -0.013847206 | DA21: 0.0011922565 | DB21: 0.051624434 | DC21: 0.045047559 | DD21: 0.0028187944 | DE21: 0.028977737 | DF21: 0.1488089 | DG21: 0.14818493 | DH21: -0.081436188 | DI21: 0.090149203 | DJ21: -0.15660572 | DK21: -0.020966062 | DL21: 0.012736992 | DM21: -0.004254564 | DN21: 0.22029564 | DO21: -0.018558809 | DP21: 0.024266155 | DQ21: -0.070422699 | DR21: -0.05355699 | DS21: -0.084605434 | DT21: -0.0052151903 | DU21: -0.33980664 | DV21: -0.15489825 | DW21: 0.12824787 | DX21: 0.11682889 | DY21: -0.22566188 | DZ21: 0.17989102 | EA21: 0.26605683 | EB21: 0.026302194 | EC21: -0.14009402 | ED21: 0.1291552 | EE21: 0.010955945 | EF21: -0.028797226
A22: 321 | B22: 3 | C22: 0.025922327 | D22: 0.14242785 | E22: -0.022230412 | F22: 0.067831061 | G22: -0.10388436 | H22: -0.22980554 | I22: -0.12349317 | J22: 0.052598589 | K22: 0.24536591 | L22: -0.10748717 | M22: -0.074100059 | N22: 0.098030861 | O22: 0.14348035 | P22: 0.042858489 | Q22: 0.27677689 | R22: 0.036628434 | S22: 0.24705663 | T22: 0.020238612 | U22: 0.11059002 | V22: 0.057024135 | W22: 0.34619349 | X22: 0.25720235 | Y22: 0.047938332 | Z22: 0.075548269 | AA22: 0.0070480169 | AB22: -0.13443621 | AC22: 0.085776461 | AD22: 0.018593749 | AE22: 0.13082384 | AF22: -0.42991677 | AG22: -0.010812101 | AH22: 0.24762225 | AI22: -0.067392901 | AJ22: -0.045866129 | AK22: 0.078575769 | AL22: 0.040340967 | AM22: 0.084088903 | AN22: 0.11113281 | AO22: 0.15815288 | AP22: -0.020492729 | AQ22: -0.079426117 | AR22: 0.067924488 | AS22: 0.082810439 | AT22: 0.017728371 | AU22: 0.1099146 | AV22: 0.05964614 | AW22: 0.030149389 | AX22: 0.009875186 | AY22: 0.098456276 | AZ22: -0.2274855 | BA22: -0.045598425 | BB22: 0.36955058 | BC22: -0.13083694 | BD22: -0.022174181 | BE22: -0.022216183 | BF22: 0.19910245 | BG22: 0.046279512 | BH22: -0.12796054 | BI22: 0.087318059 | BJ22: -0.010233975 | BK22: -0.020854755 | BL22: 0.13947139 | BM22: 0.0024304832 | BN22: -0.028518806 | BO22: 0.050484429 | BP22: -0.00054100012 | BQ22: -0.091228191 | BR22: 0.020813609 | BS22: 0.09704759 | BT22: 0.067143215 | BU22: 0.21294877 | BV22: -0.00068176017 | BW22: 0.13217179 | BX22: -0.15293737 | BY22: 0.032352876 | BZ22: -0.047257736 | CA22: -0.027490078 | CB22: -0.25473926 | CC22: -0.125104 | CD22: -0.31577166 | CE22: -0.39338734 | CF22: -0.10077036 | CG22: -0.20708533 | CH22: 0.15360628 | CI22: 0.064617323 | CJ22: 0.10337951 | CK22: 0.11092354 | CL22: -0.094997012 | CM22: 0.320432 | CN22: 0.0085467718 | CO22: -0.18528576 | CP22: -0.25940856 | CQ22: 0.017159616 | CR22: -0.24677277 | CS22: 0.024439587 | CT22: -0.12609138 | CU22: 0.16735391 | CV22: -0.18304655 | CW22: 0.022884042 | CX22: -0.054293295 | CY22: -0.16243987 | CZ22: -0.0075872464 | DA22: -0.0039917539 | DB22: 0.058383507 | DC22: 0.020724784 | DD22: 0.031710169 | DE22: -0.017756504 | DF22: 0.097071706 | DG22: 0.088121411 | DH22: -0.081454382 | DI22: 0.081105544 | DJ22: -0.15369976 | DK22: -0.023346177 | DL22: 0.0032133307 | DM22: -0.042676549 | DN22: 0.30537503 | DO22: 0.023768668 | DP22: 0.010227258 | DQ22: -0.16540417 | DR22: -0.0712363 | DS22: -0.12952384 | DT22: 0.027128754 | DU22: -0.37526887 | DV22: -0.15706237 | DW22: 0.078389724 | DX22: 0.16435212 | DY22: -0.31775437 | DZ22: 0.16562625 | EA22: 0.14035616 | EB22: 0.12976595 | EC22: 0.028428812 | ED22: 0.18368199 | EE22: 0.035899357 | EF22: -0.036595469
A23: 482 | B23: 2 | C23: 0.031325685 | D23: 0.25409263 | E23: -0.015061588 | F23: 0.18239608 | G23: 0.026971569 | H23: -0.26281024 | I23: -0.14815203 | J23: -0.098162291 | K23: 0.14260758 | L23: -0.23244436 | M23: -0.25844992 | N23: 0.12680001 | O23: 0.20456438 | P23: 0.010683505 | Q23: -0.059568017 | R23: 0.056211143 | S23: 0.169295 | T23: 0.00037336921 | U23: 0.093757422 | V23: -0.063357011 | W23: 0.50391933 | X23: 0.19455646 | Y23: 0.0075887634 | Z23: 0.033032515 | AA23: 0.006606292 | AB23: -0.06403978 | AC23: 0.1687548 | AD23: 0.0029952916 | AE23: 0.13721199 | AF23: -0.32465933 | AG23: 0.14589389 | AH23: -0.13564892 | AI23: -0.07545017 | AJ23: 0.016962455 | AK23: 0.091199224 | AL23: 0.13143171 | AM23: 0.007769489 | AN23: 0.2423147 | AO23: 0.09078248 | AP23: 0.16526637 | AQ23: -0.089424992 | AR23: 0.14613616 | AS23: -0.014706888 | AT23: 0.1095059 | AU23: 0.20359589 | AV23: -0.09675725 | AW23: 0.05202691 | AX23: 0.014812779 | AY23: 0.0581396 | AZ23: -0.31598452 | BA23: 0.0096467801 | BB23: 0.56682653 | BC23: -0.30082825 | BD23: 0.094830881 | BE23: 0.071430762 | BF23: 0.21000911 | BG23: 0.074761471 | BH23: -0.20348398 | BI23: 0.13821956 | BJ23: 0.058020214 | BK23: -0.0050098635 | BL23: 0.11436629 | BM23: -0.069495462 | BN23: -0.02660347 | BO23: -0.036524942 | BP23: -0.022475721 | BQ23: -0.059356425 | BR23: 0.017844321 | BS23: 0.22056709 | BT23: 0.070189264 | BU23: 0.20568774 | BV23: 0.017018951 | BW23: 0.015362515 | BX23: -0.12421952 | BY23: 0.039939449 | BZ23: -0.0076697624 | CA23: -0.0756532 | CB23: -0.31616676 | CC23: -0.084544615 | CD23: -0.64074658 | CE23: -0.11662461 | CF23: -0.016160835 | CG23: -0.21663724 | CH23: 0.16212257 | CI23: 0.1352222 | CJ23: 0.019875368 | CK23: 0.071856391 | CL23: -0.16404946 | CM23: 0.38673295 | CN23: 0.053005178 | CO23: -0.26845098 | CP23: -0.31136074 | CQ23: -0.02470227 | CR23: -0.15099817 | CS23: 0.069015371 | CT23: -0.032850224 | CU23: 0.20210388 | CV23: -0.20185146 | CW23: -0.024186288 | CX23: -0.061859993 | CY23: -0.28171083 | CZ23: 0.061281101 | DA23: -0.030982136 | DB23: 0.015955157 | DC23: -0.11919049 | DD23: 0.092798675 | DE23: -0.060085948 | DF23: 0.19137387 | DG23: 0.15297665 | DH23: -0.13922689 | DI23: 0.18491271 | DJ23: -0.12003258 | DK23: -0.047749797 | DL23: -0.026242652 | DM23: 0.010710334 | DN23: 0.26497486 | DO23: -0.084670828 | DP23: 0.047088233 | DQ23: -0.24594611 | DR23: -0.1024258 | DS23: -0.24719455 | DT23: -0.022296457 | DU23: -0.52524171 | DV23: -0.1927414 | DW23: 0.14122823 | DX23: 0.17100279 | DY23: -0.26822193 | DZ23: 0.12933302 | EA23: -0.02875878 | EB23: 0.24428466 | EC23: 0.12320494 | ED23: 0.19432328 | EE23: 0.069545558 | EF23: -0.093415858
A24: 964 | B24: 1 | C24: 0.027766967 | D24: 0.10060991 | E24: 0.081880335 | F24: 0.20154572 | G24: 0.022622389 | H24: -0.35082219 | I24: 0.0021119332 | J24: -0.099972193 | K24: 0.050444336 | L24: -0.33375944 | M24: -0.14681934 | N24: 0.10519171 | O24: 0.23530919 | P24: 0.077736486 | Q24: -0.060964962 | R24: 0.24569737 | S24: 0.1398838 | T24: -0.12369104 | U24: 0.14851867 | V24: -0.11654032 | W24: 0.64293353 | X24: -0.00089887647 | Y24: 0.02939884 | Z24: 0.10584233 | AA24: 0.013547768 | AB24: -0.19533962 | AC24: 0.40174733 | AD24: 0.059922147 | AE24: 0.19314179 | AF24: -0.49538941 | AG24: 0.38005539 | AH24: -0.30212276 | AI24: -0.15191167 | AJ24: 0.020112365 | AK24: 0.11317916 | AL24: -0.054676935 | AM24: -0.018919281 | AN24: 0.22118947 | AO24: 0.1029057 | AP24: 0.16448669 | AQ24: -0.047076973 | AR24: 0.17083341 | AS24: -0.027956077 | AT24: 0.15076898 | AU24: 0.22984102 | AV24: -0.019522214 | AW24: -0.0049875415 | AX24: -0.11149134 | AY24: 0.26743574 | AZ24: -0.60989956 | BA24: -0.053794732 | BB24: 0.69077653 | BC24: -0.80321601 | BD24: 0.18559522 | BE24: 0.046064354 | BF24: -0.064370421 | BG24: 0.026835966 | BH24: -0.38625534 | BI24: -0.028151632 | BJ24: -0.060567254 | BK24: -0.010019727 | BL24: 0.10610692 | BM24: 0.08478294 | BN24: -0.019890158 | BO24: 0.16110969 | BP24: 0.031794104 | BQ24: 0.013857466 | BR24: 0.042356223 | BS24: 0.12162104 | BT24: 0.055799256 | BU24: 0.22832663 | BV24: 0.20330415 | BW24: 0.15102745 | BX24: -0.05804337 | BY24: -0.29033687 | BZ24: -0.2588929 | CA24: -0.11522168 | CB24: -0.63969813 | CC24: -0.18246988 | CD24: -0.69133197 | CE24: -0.21012144 | CF24: 0.043964634 | CG24: -0.51996897 | CH24: 0.21297288 | CI24: 0.29359964 | CJ24: -0.013109485 | CK24: 0.32305927 | CL24: -0.015683748 | CM24: 0.54958711 | CN24: 0.10773877 | CO24: -0.57240961 | CP24: -0.1603442 | CQ24: -0.16018965 | CR24: -0.13778746 | CS24: -0.026854923 | CT24: 0.18289659 | CU24: 0.052729045 | CV24: -0.3614803 | CW24: -0.23499322 | CX24: -0.14669463 | CY24: -0.36022805 | CZ24: 0.16210691 | DA24: 0.024511204 | DB24: 0.19546067 | DC24: -0.19117576 | DD24: -0.19584472 | DE24: 0.13158559 | DF24: 0.19463806 | DG24: 0.24858898 | DH24: -0.26580268 | DI24: 0.4230988 | DJ24: -0.22936987 | DK24: -0.16602173 | DL24: -0.061360513 | DM24: 0.1083161 | DN24: 0.51684794 | DO24: -0.08311429 | DP24: 0.11437343 | DQ24: -0.3590713 | DR24: -0.023391731 | DS24: -0.14400697 | DT24: -0.029435726 | DU24: -0.77054331 | DV24: -0.75045655 | DW24: 0.10885709 | DX24: 0.17373733 | DY24: -0.032066536 | DZ24: -0.048904664 | EA24: -0.054920184 | EB24: 0.58969792 | EC24: 0.25665138 | ED24: 0.084540093 | EE24: -0.035663983 | EF24: -0.13408708
A25: 大盤 | B25: TWII | C25: -0.017446771 | D25: 0.020701061 | E25: 0.023982129 | F25: -0.006557579 | G25: 0.03184513 | H25: 0.034348533 | I25: -0.0082549328 | J25: 0.012843524 | K25: -0.051018525 | L25: 0.00087394274 | M25: 0.023389576 | N25: 0.012988972 | O25: 0.0058545887 | P25: 0.027413207 | Q25: -0.0037129361 | R25: 0.024076614 | S25: -0.012190025 | T25: -0.039749578 | U25: -0.07315545 | V25: -0.05826023 | W25: 0.00077279757 | X25: 0.044591521 | Y25: -0.02769968 | Z25: 0.0020950059 | AA25: -0.023400551 | AB25: 0.032129371 | AC25: 0.038903273 | AD25: -0.042865382 | AE25: 0.018647195 | AF25: 0.015229768 | AG25: 0.036016604 | AH25: 0.0093546114 | AI25: 0.010748251 | AJ25: 0.013357754 | AK25: -0.0053327473 | AL25: 0.0013831358 | AM25: 0.020795928 | AN25: 0.031517702 | AO25: 0.0062417165 | AP25: 0.0061452617 | AQ25: 0.016946358 | AR25: 0.03468283 | AS25: 0.0030985886 | AT25: 0.015081347 | AU25: -0.019251209 | AV25: 0.038711513 | AW25: -0.021856951 | AX25: 0.0077743007 | AY25: 0.042397247 | AZ25: -0.026308975 | BA25: 0.0095717493 | BB25: -0.024249741 | BC25: 0.020163374 | BD25: -0.0035049988 | BE25: 0.020151935 | BF25: 0.00058133623 | BG25: -0.005219701 | BH25: -0.11587176 | BI25: 0.0087252257 | BJ25: -0.016377261 | BK25: 0.020840372 | BL25: 0.044975872 | BM25: 0.023954306 | BN25: 0.030239101 | BO25: -0.043725888 | BP25: 0.02188947 | BQ25: 0.0086274303 | BR25: -0.019192954 | BS25: 0.01973513 | BT25: 0.047694337 | BU25: 0.011454817 | BV25: 0.043228621 | BW25: -0.04274743 | BX25: -0.017811292 | BY25: -0.1511531 | BZ25: 0.124224 | CA25: -0.0045572538 | CB25: 0.06021124 | CC25: 0.085992033 | CD25: -0.0058084796 | CE25: -0.006041347 | CF25: 0.0024523244 | CG25: 0.089636252 | CH25: 0.070992733 | CI25: 0.027170643 | CJ25: 0.052468428 | CK25: 0.029480661 | CL25: 0.066825081 | CM25: -0.028772229 | CN25: 0.039462516 | CO25: -0.029031087 | CP25: 0.013983883 | CQ25: -0.032276965 | CR25: 0.0031035766 | CS25: 0.025591856 | CT25: 0.044391886 | CU25: -0.030338959 | CV25: -0.0012579765 | CW25: 0.0023363565 | CX25: -0.064264145 | CY25: 0.012909779 | CZ25: -0.12547709 | DA25: 0.011690683 | DB25: 0.0063378437 | DC25: -0.11730536 | DD25: -0.036010872 | DE25: 0.1389113 | DF25: -0.051143506 | DG25: 0.076731447 | DH25: 0.015508782 | DI25: 0.023223774 | DJ25: -0.018372876 | DK25: 0.062199014 | DL25: 0.020098304 | DM25: 0.01349894 | DN25: -0.030252213 | DO25: -0.017022836 | DP25: -0.021788523 | DQ25: 0.085745625 | DR25: 0.028106744 | DS25: -0.0023031598 | DT25: 0.058471198 | DU25: 0.067658949 | DV25: 0.0050207706 | DW25: 0.037416184 | DX25: 0.084111004 | DY25: -0.036832399 | DZ25: 0.0030917028 | EA25: -0.0019576282 | EB25: 0.026459104 | EC25: -0.024752539 | ED25: 0.034115491 | EE25: 0.021061974 | EF25: -0.020277393

Sheet 真實勝率
A1: REAL
B2: Time | C2: 2013/12 | D2: 2014/01 | E2: 2014/02 | F2: 2014/03 | G2: 2014/04 | H2: 2014/05 | I2: 2014/06 | J2: 2014/07 | K2: 2014/08 | L2: 2014/09 | M2: 2014/10 | N2: 2014/11 | O2: 2014/12 | P2: 2015/01 | Q2: 2015/02 | R2: 2015/03 | S2: 2015/04 | T2: 2015/05 | U2: 2015/06 | V2: 2015/07 | W2: 2015/08 | X2: 2015/09 | Y2: 2015/10 | Z2: 2015/11 | AA2: 2015/12 | AB2: 2016/01 | AC2: 2016/02 | AD2: 2016/03 | AE2: 2016/04 | AF2: 2016/05 | AG2: 2016/06 | AH2: 2016/07 | AI2: 2016/08 | AJ2: 2016/09 | AK2: 2016/10 | AL2: 2016/11 | AM2: 2016/12 | AN2: 2017/01 | AO2: 2017/02 | AP2: 2017/03 | AQ2: 2017/04 | AR2: 2017/05 | AS2: 2017/06 | AT2: 2017/07 | AU2: 2017/08 | AV2: 2017/09 | AW2: 2017/10 | AX2: 2017/11 | AY2: 2017/12 | AZ2: 2018/01 | BA2: 2018/02 | BB2: 2018/03 | BC2: 2018/04 | BD2: 2018/05 | BE2: 2018/06 | BF2: 2018/07 | BG2: 2018/08 | BH2: 2018/09 | BI2: 2018/10 | BJ2: 2018/11 | BK2: 2018/12 | BL2: 2019/01 | BM2: 2019/02 | BN2: 2019/03 | BO2: 2019/04 | BP2: 2019/05 | BQ2: 2019/06 | BR2: 2019/07 | BS2: 2019/08 | BT2: 2019/09 | BU2: 2019/10 | BV2: 2019/11 | BW2: 2019/12 | BX2: 2020/01 | BY2: 2020/02 | BZ2: 2020/03 | CA2: 2020/04 | CB2: 2020/05 | CC2: 2020/06 | CD2: 2020/07 | CE2: 2020/08 | CF2: 2020/09 | CG2: 2020/10 | CH2: 2020/11 | CI2: 2020/12 | CJ2: 2021/01 | CK2: 2021/02 | CL2: 2021/03 | CM2: 2021/04 | CN2: 2021/05 | CO2: 2021/06 | CP2: 2021/07 | CQ2: 2021/08 | CR2: 2021/09 | CS2: 2021/10 | CT2: 2021/11 | CU2: 2021/12 | CV2: 2022/01 | CW2: 2022/02 | CX2: 2022/03 | CY2: 2022/04 | CZ2: 2022/05 | DA2: 2022/06 | DB2: 2022/07 | DC2: 2022/08 | DD2: 2022/09 | DE2: 2022/10 | DF2: 2022/11 | DG2: 2022/12 | DH2: 2023/01 | DI2: 2023/02 | DJ2: 2023/03 | DK2: 2023/04 | DL2: 2023/05 | DM2: 2023/06 | DN2: 2023/07 | DO2: 2023/08 | DP2: 2023/09 | DQ2: 2023/10 | DR2: 2023/11 | DS2: 2023/12 | DT2: 2024/01 | DU2: 2024/02 | DV2: 2024/03 | DW2: 2024/04 | DX2: 2024/05 | DY2: 2024/06 | DZ2: 2024/07 | EA2: 2024/08 | EB2: 2024/09 | EC2: 2024/10 | ED2: 2024/11 | EE2: 2024/12 | EF2: 2025/01 | EG2: 2025/02
B3: bm | C3: 0.10910583 | D3: 0.01457658 | E3: -0.0361544 | F3: -0.0047426 | G3: -0.0057478 | H3: 0.04937802 | I3: 0.18325177 | J3: 0.11648631 | K3: -0.0305949 | L3: 0.01982805 | M3: -0.020999 | N3: 0.14977942 | O3: 0.01546341 | P3: -0.0917923 | Q3: -0.077409 | R3: 0.0547766 | S3: -0.1253344 | T3: -0.1190534 | U3: -0.0377701 | V3: 0.08118382 | W3: 0.08400897 | X3: 0.14701136 | Y3: -0.1253605 | Z3: 0.19195355 | AA3: -0.0843708 | AB3: 0.07289761 | AC3: 0.10260456 | AD3: 0.01577017 | AE3: -0.1520072 | AF3: 0.05925025 | AG3: 0.13005884 | AH3: 0.1152564 | AI3: 0.03260662 | AJ3: 0.02799911 | AK3: 0.14657042 | AL3: 0.04084192 | AM3: 0.13137637 | AN3: 0.22143296 | AO3: -0.020941 | AP3: -0.13716 | AQ3: -0.0248829 | AR3: 0.01551397 | AS3: 0.03437304 | AT3: 0.06309569 | AU3: 0.0432377 | AV3: -0.0742304 | AW3: 0.02799483 | AX3: 0.11986442 | AY3: 0.07655957 | AZ3: -0.0217304 | BA3: -0.0012465 | BB3: 0.10099582 | BC3: 0.02982693 | BD3: 0.00867577 | BE3: 0.06855721 | BF3: 0.1569126 | BG3: 0.15920373 | BH3: 0.06112167 | BI3: 0.09691285 | BJ3: -0.0547462 | BK3: -0.087493 | BL3: 0.09442675 | BM3: -0.0221911 | BN3: 0.01562861 | BO3: 0.08141824 | BP3: -0.0185089 | BQ3: 0.06872957 | BR3: 0.00310236 | BS3: 0.07496442 | BT3: 0.04520159 | BU3: 0.02567733 | BV3: 0.09180403 | BW3: -0.026354 | BX3: 0.01939483 | BY3: -0.0768389 | BZ3: 0.11330931 | CA3: -0.1073549 | CB3: 0.04084479 | CC3: -0.0198017 | CD3: 0.18837709 | CE3: 0.05557491 | CF3: 0.07487207 | CG3: 0.10000019 | CH3: 0.13602172 | CI3: -0.093741 | CJ3: 0.0039306 | CK3: 0.05650778 | CL3: 0.26354578 | CM3: -0.0095554 | CN3: -0.0315119 | CO3: -0.022619 | CP3: 0.13265561 | CQ3: 0.13307278 | CR3: -0.0149564 | CS3: -0.0334199 | CT3: 0.01228121 | CU3: 0.11681498 | CV3: -0.0031589 | CW3: 0.03821776 | CX3: 0.13917409 | CY3: -0.0237123 | CZ3: 0.21835291 | DA3: -0.0579674 | DB3: -0.0141042 | DC3: 0.11395608 | DD3: 0.07447226 | DE3: -0.0008997 | DF3: 0.00097707 | DG3: -0.0729801 | DH3: -0.0238453 | DI3: -0.1015307 | DJ3: 0.02769254 | DK3: -0.0493352 | DL3: -0.0056994 | DM3: -0.0369818 | DN3: 0.10981299 | DO3: 0.04203683 | DP3: 0.08456667 | DQ3: -0.1102798 | DR3: 0.09432871 | DS3: -0.0719069 | DT3: -0.0962364 | DU3: 0.00234555 | DV3: 0.13401742 | DW3: 0.09473252 | DX3: -0.1037732 | DY3: 0.07576215 | DZ3: -0.0318297 | EA3: 0.16130802 | EB3: 0.01020353 | EC3: 0.07398843 | ED3: -0.1573769 | EE3: 0.07913755 | EF3: 0.07252855 | EG3: =CORREL([1]bm補值!EG$2:EG$972,[1]下個月月報酬補值!EG$2:EG$972) -> 0.14231066
B4: size | C4: -0.2475887 | D4: -0.2746933 | E4: -0.0846484 | F4: 0.02264463 | G4: -0.04968 | H4: -0.1007596 | I4: -0.0125227 | J4: 0.07873654 | K4: -0.0341851 | L4: 0.08840679 | M4: -0.0030635 | N4: -0.212218 | O4: -0.0368054 | P4: 0.07103312 | Q4: -0.0712611 | R4: 0.02156045 | S4: 0.10111126 | T4: 0.04322473 | U4: 0.01488195 | V4: 0.00632602 | W4: -0.143553 | X4: -0.0642822 | Y4: -0.0190342 | Z4: -0.0206446 | AA4: 0.03305953 | AB4: -0.0194182 | AC4: -0.0631268 | AD4: -0.0656297 | AE4: 0.13799568 | AF4: -0.1005679 | AG4: -0.0379691 | AH4: -0.0458395 | AI4: -0.0510341 | AJ4: -0.0032204 | AK4: 0.00048952 | AL4: -0.1064467 | AM4: -0.013724 | AN4: -0.1219647 | AO4: -0.0485897 | AP4: -0.0019032 | AQ4: 0.02906749 | AR4: 0.05263577 | AS4: -0.0128933 | AT4: -0.0021311 | AU4: -0.1553844 | AV4: 0.01268178 | AW4: -0.0119423 | AX4: -0.0042538 | AY4: 0.02930087 | AZ4: -0.1341275 | BA4: -0.1371115 | BB4: 0.00175466 | BC4: 0.02511712 | BD4: -0.1196019 | BE4: 0.13576165 | BF4: 0.04709117 | BG4: -0.0260501 | BH4: 0.04375276 | BI4: -0.0813918 | BJ4: -0.1006008 | BK4: 0.09049007 | BL4: -0.0308985 | BM4: 0.05881417 | BN4: 0.08134563 | BO4: -0.0077164 | BP4: 0.10673487 | BQ4: -0.0271563 | BR4: -0.054431 | BS4: -0.0682293 | BT4: 0.09861222 | BU4: 0.12839854 | BV4: -0.0784025 | BW4: -0.1191337 | BX4: -0.0468901 | BY4: 0.10169835 | BZ4: -0.0256801 | CA4: -0.0833018 | CB4: -0.1578276 | CC4: -0.0710526 | CD4: -0.0738755 | CE4: -0.2367865 | CF4: 0.03262771 | CG4: 0.01342309 | CH4: -0.0027967 | CI4: 0.0479257 | CJ4: -0.003252 | CK4: -0.0757082 | CL4: -0.0443973 | CM4: 0.17898859 | CN4: 0.05799427 | CO4: -0.1393902 | CP4: 0.06471467 | CQ4: -0.1811879 | CR4: -0.0886335 | CS4: -0.0253218 | CT4: -0.1130791 | CU4: 0.00809596 | CV4: -0.0452002 | CW4: -0.0589412 | CX4: -0.1077283 | CY4: -0.0965035 | CZ4: -0.2103543 | DA4: -0.1099611 | DB4: -0.1908205 | DC4: -0.0207273 | DD4: 0.08702909 | DE4: 0.08202459 | DF4: -0.1668767 | DG4: 0.22243809 | DH4: -0.1442978 | DI4: -0.1196199 | DJ4: -0.1015928 | DK4: 0.09285506 | DL4: -0.0426305 | DM4: 0.08273207 | DN4: -0.0310495 | DO4: -0.098142 | DP4: -0.1305889 | DQ4: 0.04865572 | DR4: -0.0392519 | DS4: -0.1610302 | DT4: -0.078884 | DU4: 0.16407715 | DV4: 0.00750526 | DW4: -0.1016452 | DX4: -0.0560403 | DY4: -0.1066567 | DZ4: -0.0691866 | EA4: -0.1261887 | EB4: -0.0647371 | EC4: 0.05142609 | ED4: 0.03449673 | EE4: 0.1576776 | EF4: -0.12718 | EG4: =CORREL([2]size補值!EG$2:EG$965,[2]下個月月報酬補值!EG$2:EG$965) -> -0.15895949
B5: mom | C5: -0.05424 | D5: 0.045377 | E5: -0.01775 | F5: -0.08769 | G5: 0.102759 | H5: 0.002511 | I5: -0.0183 | J5: 0.022111 | K5: 0.077258 | L5: 0.009344 | M5: 0.053602 | N5: -0.06788 | O5: 0.06493 | P5: 0.004881 | Q5: 0.019198 | R5: -0.00547 | S5: 0.036551 | T5: 0.129185 | U5: 0.013692 | V5: 0.015295 | W5: -0.10469 | X5: -0.29385 | Y5: 0.059212 | Z5: -0.18495 | AA5: 0.098247 | AB5: -0.00066 | AC5: -0.10369 | AD5: 0.003545 | AE5: 0.175601 | AF5: -0.15503 | AG5: -0.02633 | AH5: -0.005 | AI5: 0.028068 | AJ5: -0.02238 | AK5: -0.04702 | AL5: -0.10156 | AM5: 0.023525 | AN5: 0.052525 | AO5: 0.058503 | AP5: 0.033447 | AQ5: 0.0143 | AR5: 0.035904 | AS5: 0.039782 | AT5: 0.148456 | AU5: -0.04079 | AV5: 0.138959 | AW5: 0.059863 | AX5: -0.14979 | AY5: 0.061596 | AZ5: -0.06195 | BA5: -0.00239 | BB5: -0.14887 | BC5: 0.060351 | BD5: -0.01469 | BE5: -0.14652 | BF5: -0.20876 | BG5: -0.20144 | BH5: -0.11805 | BI5: -0.07703 | BJ5: -0.03622 | BK5: -0.01891 | BL5: -0.17126 | BM5: 0.132917 | BN5: -0.03591 | BO5: 0.021345 | BP5: 0.049635 | BQ5: -0.01721 | BR5: 0.189827 | BS5: -0.09761 | BT5: 0.037831 | BU5: 0.056008 | BV5: -0.11674 | BW5: -0.14132 | BX5: -0.00338 | BY5: 0.130336 | BZ5: 0.031698 | CA5: 0.040555 | CB5: -0.04204 | CC5: 0.050014 | CD5: -0.06846 | CE5: -0.08083 | CF5: -0.00195 | CG5: -0.11821 | CH5: -0.03672 | CI5: -0.08333 | CJ5: 0.230673 | CK5: 0.132779 | CL5: 0.141287 | CM5: -0.11269 | CN5: 0.223489 | CO5: -0.10442 | CP5: -0.01443 | CQ5: -0.20723 | CR5: -0.13486 | CS5: 0.073008 | CT5: -0.03022 | CU5: -0.28689 | CV5: 0.230731 | CW5: 0.091076 | CX5: -0.12249 | CY5: 0.078382 | CZ5: -0.04595 | DA5: 0.08267 | DB5: 0.149349 | DC5: -0.0478 | DD5: -0.16451 | DE5: -0.11057 | DF5: 0.057417 | DG5: -0.21489 | DH5: 0.062997 | DI5: 0.067721 | DJ5: 0.118802 | DK5: 0.007283 | DL5: 0.071321 | DM5: 0.021022 | DN5: -0.0304 | DO5: -0.09695 | DP5: -0.23068 | DQ5: 0.238184 | DR5: 0.003575 | DS5: 0.133956 | DT5: 0.115106 | DU5: 0.10408 | DV5: -0.05461 | DW5: -0.03329 | DX5: 0.055095 | DY5: 0.068794 | DZ5: 0.014481 | EA5: -0.29314 | EB5: -0.14098 | EC5: -0.01221 | ED5: 0.058168 | EE5: -0.1444 | EF5: -0.09701
A6: 選絕對值最大 | C6: {=MATCH(MAX(ABS(C3:C5)), ABS(C3:C5), 0)} -> 2 | D6: {=MATCH(MAX(ABS(D3:D5)), ABS(D3:D5), 0)} -> 2 | E6: {=MATCH(MAX(ABS(E3:E5)), ABS(E3:E5), 0)} -> 2 | F6: {=MATCH(MAX(ABS(F3:F5)), ABS(F3:F5), 0)} -> 3 | G6: {=MATCH(MAX(ABS(G3:G5)), ABS(G3:G5), 0)} -> 3 | H6: {=MATCH(MAX(ABS(H3:H5)), ABS(H3:H5), 0)} -> 2 | I6: {=MATCH(MAX(ABS(I3:I5)), ABS(I3:I5), 0)} -> 1 | J6: {=MATCH(MAX(ABS(J3:J5)), ABS(J3:J5), 0)} -> 1 | ... EG6: {=MATCH(MAX(ABS(EG3:EG5)), ABS(EG3:EG5), 0)} -> 2
C7: =IF(C6=1,"bm",IF(C6=2,"size",IF(C6=3,"mom"))) -> size | D7: =IF(D6=1,"bm",IF(D6=2,"size",IF(D6=3,"mom"))) -> size | E7: =IF(E6=1,"bm",IF(E6=2,"size",IF(E6=3,"mom"))) -> size | F7: =IF(F6=1,"bm",IF(F6=2,"size",IF(F6=3,"mom"))) -> mom | G7: =IF(G6=1,"bm",IF(G6=2,"size",IF(G6=3,"mom"))) -> mom | H7: =IF(H6=1,"bm",IF(H6=2,"size",IF(H6=3,"mom"))) -> size | I7: =IF(I6=1,"bm",IF(I6=2,"size",IF(I6=3,"mom"))) -> bm | J7: =IF(J6=1,"bm",IF(J6=2,"size",IF(J6=3,"mom"))) -> bm | ... EG7: =IF(EG6=1,"bm",IF(EG6=2,"size",IF(EG6=3,"mom"))) -> size
C8: =IF(C6=1,C3,IF(C6=2,C4,IF(C6=3,C5))) -> -0.2475887 | D8: =IF(D6=1,D3,IF(D6=2,D4,IF(D6=3,D5))) -> -0.2746933 | E8: =IF(E6=1,E3,IF(E6=2,E4,IF(E6=3,E5))) -> -0.0846484 | F8: =IF(F6=1,F3,IF(F6=2,F4,IF(F6=3,F5))) -> -0.08769 | G8: =IF(G6=1,G3,IF(G6=2,G4,IF(G6=3,G5))) -> 0.102759 | H8: =IF(H6=1,H3,IF(H6=2,H4,IF(H6=3,H5))) -> -0.1007596 | I8: =IF(I6=1,I3,IF(I6=2,I4,IF(I6=3,I5))) -> 0.18325177 | J8: =IF(J6=1,J3,IF(J6=2,J4,IF(J6=3,J5))) -> 0.11648631 | ... EG8: =IF(EG6=1,EG3,IF(EG6=2,EG4,IF(EG6=3,EG5))) -> -0.15895949
A10: 投資組合 | C10: 公司數 | D10: 964
A11: 等第 | B11: 分數 | C11: 2014/01 | D11: 2014/02 | E11: 2014/03 | F11: 2014/04 | G11: 2014/05 | H11: 2014/06 | I11: 2014/07 | J11: 2014/08 | K11: 2014/09 | L11: 2014/10 | M11: 2014/11 | N11: 2014/12 | O11: 2015/01 | P11: 2015/02 | Q11: 2015/03 | R11: 2015/04 | S11: 2015/05 | T11: 2015/06 | U11: 2015/07 | V11: 2015/08 | W11: 2015/09 | X11: 2015/10 | Y11: 2015/11 | Z11: 2015/12 | AA11: 2016/01 | AB11: 2016/02 | AC11: 2016/03 | AD11: 2016/04 | AE11: 2016/05 | AF11: 2016/06 | AG11: 2016/07 | AH11: 2016/08 | AI11: 2016/09 | AJ11: 2016/10 | AK11: 2016/11 | AL11: 2016/12 | AM11: 2017/01 | AN11: 2017/02 | AO11: 2017/03 | AP11: 2017/04 | AQ11: 2017/05 | AR11: 2017/06 | AS11: 2017/07 | AT11: 2017/08 | AU11: 2017/09 | AV11: 2017/10 | AW11: 2017/11 | AX11: 2017/12 | AY11: 2018/01 | AZ11: 2018/02 | BA11: 2018/03 | BB11: 2018/04 | BC11: 2018/05 | BD11: 2018/06 | BE11: 2018/07 | BF11: 2018/08 | BG11: 2018/09 | BH11: 2018/10 | BI11: 2018/11 | BJ11: 2018/12 | BK11: 2019/01 | BL11: 2019/02 | BM11: 2019/03 | BN11: 2019/04 | BO11: 2019/05 | BP11: 2019/06 | BQ11: 2019/07 | BR11: 2019/08 | BS11: 2019/09 | BT11: 2019/10 | BU11: 2019/11 | BV11: 2019/12 | BW11: 2020/01 | BX11: 2020/02 | BY11: 2020/03 | BZ11: 2020/04 | CA11: 2020/05 | CB11: 2020/06 | CC11: 2020/07 | CD11: 2020/08 | CE11: 2020/09 | CF11: 2020/10 | CG11: 2020/11 | CH11: 2020/12 | CI11: 2021/01 | CJ11: 2021/02 | CK11: 2021/03 | CL11: 2021/04 | CM11: 2021/05 | CN11: 2021/06 | CO11: 2021/07 | CP11: 2021/08 | CQ11: 2021/09 | CR11: 2021/10 | CS11: 2021/11 | CT11: 2021/12 | CU11: 2022/01 | CV11: 2022/02 | CW11: 2022/03 | CX11: 2022/04 | CY11: 2022/05 | CZ11: 2022/06 | DA11: 2022/07 | DB11: 2022/08 | DC11: 2022/09 | DD11: 2022/10 | DE11: 2022/11 | DF11: 2022/12 | DG11: 2023/01 | DH11: 2023/02 | DI11: 2023/03 | DJ11: 2023/04 | DK11: 2023/05 | DL11: 2023/06 | DM11: 2023/07 | DN11: 2023/08 | DO11: 2023/09 | DP11: 2023/10 | DQ11: 2023/11 | DR11: 2023/12 | DS11: 2024/01 | DT11: 2024/02 | DU11: 2024/03 | DV11: 2024/04 | DW11: 2024/05 | DX11: 2024/06 | DY11: 2024/07 | DZ11: 2024/08 | EA11: 2024/09 | EB11: 2024/10 | EC11: 2024/11 | ED11: 2024/12 | EE11: 2025/01 | EF11: 2025/02 | EG11: SUM | EH11: 勝率
A12: 10 | B12: 96 | C12: =IF(真實IC!C12>真實IC!C$26,1,0) -> 1 | D12: =IF(真實IC!D12>真實IC!D$26,1,0) -> 1 | E12: =IF(真實IC!E12>真實IC!E$26,1,0) -> 1 | F12: =IF(真實IC!F12>真實IC!F$26,1,0) -> 1 | G12: =IF(真實IC!G12>真實IC!G$26,1,0) -> 1 | H12: =IF(真實IC!H12>真實IC!H$26,1,0) -> 1 | I12: =IF(真實IC!I12>真實IC!I$26,1,0) -> 1 | J12: =IF(真實IC!J12>真實IC!J$26,1,0) -> 1 | ... EF12: =IF(真實IC!EF12>真實IC!EF$26,1,0) -> 1 | EG12: =SUM(C12:EF12) -> 107 | EH12: =SUM(C12:EE12)/134 -> 0.79104478
A13: 20 | B13: 48 | C13: =IF(真實IC!C13>真實IC!C$26,1,0) -> 1 | D13: =IF(真實IC!D13>真實IC!D$26,1,0) -> 1 | E13: =IF(真實IC!E13>真實IC!E$26,1,0) -> 1 | F13: =IF(真實IC!F13>真實IC!F$26,1,0) -> 1 | G13: =IF(真實IC!G13>真實IC!G$26,1,0) -> 0 | H13: =IF(真實IC!H13>真實IC!H$26,1,0) -> 0 | I13: =IF(真實IC!I13>真實IC!I$26,1,0) -> 1 | J13: =IF(真實IC!J13>真實IC!J$26,1,0) -> 1 | ... EF13: =IF(真實IC!EF13>真實IC!EF$26,1,0) -> 1 | EG13: =SUM(C13:EF13) -> 105 | EH13: =SUM(C13:EE13)/134 -> 0.7761194
A14: 50 | B14: 19 | C14: =IF(真實IC!C14>真實IC!C$26,1,0) -> 1 | D14: =IF(真實IC!D14>真實IC!D$26,1,0) -> 1 | E14: =IF(真實IC!E14>真實IC!E$26,1,0) -> 1 | F14: =IF(真實IC!F14>真實IC!F$26,1,0) -> 1 | G14: =IF(真實IC!G14>真實IC!G$26,1,0) -> 1 | H14: =IF(真實IC!H14>真實IC!H$26,1,0) -> 1 | I14: =IF(真實IC!I14>真實IC!I$26,1,0) -> 1 | J14: =IF(真實IC!J14>真實IC!J$26,1,0) -> 1 | ... EF14: =IF(真實IC!EF14>真實IC!EF$26,1,0) -> 1 | EG14: =SUM(C14:EF14) -> 105 | EH14: =SUM(C14:EE14)/134 -> 0.7761194
A15: 100 | B15: 10 | C15: =IF(真實IC!C15>真實IC!C$26,1,0) -> 1 | D15: =IF(真實IC!D15>真實IC!D$26,1,0) -> 1 | E15: =IF(真實IC!E15>真實IC!E$26,1,0) -> 1 | F15: =IF(真實IC!F15>真實IC!F$26,1,0) -> 0 | G15: =IF(真實IC!G15>真實IC!G$26,1,0) -> 1 | H15: =IF(真實IC!H15>真實IC!H$26,1,0) -> 1 | I15: =IF(真實IC!I15>真實IC!I$26,1,0) -> 1 | J15: =IF(真實IC!J15>真實IC!J$26,1,0) -> 1 | ... EF15: =IF(真實IC!EF15>真實IC!EF$26,1,0) -> 1 | EG15: =SUM(C15:EF15) -> 98 | EH15: =SUM(C15:EE15)/134 -> 0.7238806
A16: 107 | B16: 9 | C16: =IF(真實IC!C16>真實IC!C$26,1,0) -> 1 | D16: =IF(真實IC!D16>真實IC!D$26,1,0) -> 1 | E16: =IF(真實IC!E16>真實IC!E$26,1,0) -> 1 | F16: =IF(真實IC!F16>真實IC!F$26,1,0) -> 0 | G16: =IF(真實IC!G16>真實IC!G$26,1,0) -> 0 | H16: =IF(真實IC!H16>真實IC!H$26,1,0) -> 1 | I16: =IF(真實IC!I16>真實IC!I$26,1,0) -> 1 | J16: =IF(真實IC!J16>真實IC!J$26,1,0) -> 1 | ... EF16: =IF(真實IC!EF16>真實IC!EF$26,1,0) -> 1 | EG16: =SUM(C16:EF16) -> 100 | EH16: =SUM(C16:EE16)/134 -> 0.73880597
A17: 120 | B17: 8 | C17: =IF(真實IC!C17>真實IC!C$26,1,0) -> 1 | D17: =IF(真實IC!D17>真實IC!D$26,1,0) -> 1 | E17: =IF(真實IC!E17>真實IC!E$26,1,0) -> 1 | F17: =IF(真實IC!F17>真實IC!F$26,1,0) -> 0 | G17: =IF(真實IC!G17>真實IC!G$26,1,0) -> 1 | H17: =IF(真實IC!H17>真實IC!H$26,1,0) -> 1 | I17: =IF(真實IC!I17>真實IC!I$26,1,0) -> 1 | J17: =IF(真實IC!J17>真實IC!J$26,1,0) -> 1 | ... EF17: =IF(真實IC!EF17>真實IC!EF$26,1,0) -> 1 | EG17: =SUM(C17:EF17) -> 97 | EH17: =SUM(C17:EE17)/134 -> 0.71641791
A18: 137 | B18: 7 | C18: =IF(真實IC!C18>真實IC!C$26,1,0) -> 1 | D18: =IF(真實IC!D18>真實IC!D$26,1,0) -> 1 | E18: =IF(真實IC!E18>真實IC!E$26,1,0) -> 1 | F18: =IF(真實IC!F18>真實IC!F$26,1,0) -> 0 | G18: =IF(真實IC!G18>真實IC!G$26,1,0) -> 1 | H18: =IF(真實IC!H18>真實IC!H$26,1,0) -> 1 | I18: =IF(真實IC!I18>真實IC!I$26,1,0) -> 1 | J18: =IF(真實IC!J18>真實IC!J$26,1,0) -> 1 | ... EF18: =IF(真實IC!EF18>真實IC!EF$26,1,0) -> 1 | EG18: =SUM(C18:EF18) -> 105 | EH18: =SUM(C18:EE18)/134 -> 0.7761194
A19: 160 | B19: 6 | C19: =IF(真實IC!C19>真實IC!C$26,1,0) -> 1 | D19: =IF(真實IC!D19>真實IC!D$26,1,0) -> 1 | E19: =IF(真實IC!E19>真實IC!E$26,1,0) -> 1 | F19: =IF(真實IC!F19>真實IC!F$26,1,0) -> 0 | G19: =IF(真實IC!G19>真實IC!G$26,1,0) -> 1 | H19: =IF(真實IC!H19>真實IC!H$26,1,0) -> 1 | I19: =IF(真實IC!I19>真實IC!I$26,1,0) -> 1 | J19: =IF(真實IC!J19>真實IC!J$26,1,0) -> 1 | ... EF19: =IF(真實IC!EF19>真實IC!EF$26,1,0) -> 1 | EG19: =SUM(C19:EF19) -> 98 | EH19: =SUM(C19:EE19)/134 -> 0.7238806
A20: 192 | B20: 5 | C20: =IF(真實IC!C20>真實IC!C$26,1,0) -> 1 | D20: =IF(真實IC!D20>真實IC!D$26,1,0) -> 1 | E20: =IF(真實IC!E20>真實IC!E$26,1,0) -> 1 | F20: =IF(真實IC!F20>真實IC!F$26,1,0) -> 0 | G20: =IF(真實IC!G20>真實IC!G$26,1,0) -> 1 | H20: =IF(真實IC!H20>真實IC!H$26,1,0) -> 1 | I20: =IF(真實IC!I20>真實IC!I$26,1,0) -> 1 | J20: =IF(真實IC!J20>真實IC!J$26,1,0) -> 1 | ... EF20: =IF(真實IC!EF20>真實IC!EF$26,1,0) -> 1 | EG20: =SUM(C20:EF20) -> 97 | EH20: =SUM(C20:EE20)/134 -> 0.71641791
A21: 241 | B21: 4 | C21: =IF(真實IC!C21>真實IC!C$26,1,0) -> 1 | D21: =IF(真實IC!D21>真實IC!D$26,1,0) -> 1 | E21: =IF(真實IC!E21>真實IC!E$26,1,0) -> 0 | F21: =IF(真實IC!F21>真實IC!F$26,1,0) -> 0 | G21: =IF(真實IC!G21>真實IC!G$26,1,0) -> 1 | H21: =IF(真實IC!H21>真實IC!H$26,1,0) -> 1 | I21: =IF(真實IC!I21>真實IC!I$26,1,0) -> 1 | J21: =IF(真實IC!J21>真實IC!J$26,1,0) -> 1 | ... EF21: =IF(真實IC!EF21>真實IC!EF$26,1,0) -> 1 | EG21: =SUM(C21:EF21) -> 102 | EH21: =SUM(C21:EE21)/134 -> 0.75373134
A22: 321 | B22: 3 | C22: =IF(真實IC!C22>真實IC!C$26,1,0) -> 1 | D22: =IF(真實IC!D22>真實IC!D$26,1,0) -> 1 | E22: =IF(真實IC!E22>真實IC!E$26,1,0) -> 0 | F22: =IF(真實IC!F22>真實IC!F$26,1,0) -> 0 | G22: =IF(真實IC!G22>真實IC!G$26,1,0) -> 1 | H22: =IF(真實IC!H22>真實IC!H$26,1,0) -> 1 | I22: =IF(真實IC!I22>真實IC!I$26,1,0) -> 1 | J22: =IF(真實IC!J22>真實IC!J$26,1,0) -> 1 | ... EF22: =IF(真實IC!EF22>真實IC!EF$26,1,0) -> 1 | EG22: =SUM(C22:EF22) -> 101 | EH22: =SUM(C22:EE22)/134 -> 0.74626866
A23: 482 | B23: 2 | C23: =IF(真實IC!C23>真實IC!C$26,1,0) -> 1 | D23: =IF(真實IC!D23>真實IC!D$26,1,0) -> 1 | E23: =IF(真實IC!E23>真實IC!E$26,1,0) -> 1 | F23: =IF(真實IC!F23>真實IC!F$26,1,0) -> 0 | G23: =IF(真實IC!G23>真實IC!G$26,1,0) -> 0 | H23: =IF(真實IC!H23>真實IC!H$26,1,0) -> 0 | I23: =IF(真實IC!I23>真實IC!I$26,1,0) -> 1 | J23: =IF(真實IC!J23>真實IC!J$26,1,0) -> 0 | ... EF23: =IF(真實IC!EF23>真實IC!EF$26,1,0) -> 1 | EG23: =SUM(C23:EF23) -> 93 | EH23: =SUM(C23:EE23)/134 -> 0.68656716
A24: 964 | B24: 1 | C24: =IF(真實IC!C24>真實IC!C$26,1,0) -> 1 | D24: =IF(真實IC!D24>真實IC!D$26,1,0) -> 1 | E24: =IF(真實IC!E24>真實IC!E$26,1,0) -> 1 | F24: =IF(真實IC!F24>真實IC!F$26,1,0) -> 0 | G24: =IF(真實IC!G24>真實IC!G$26,1,0) -> 0 | H24: =IF(真實IC!H24>真實IC!H$26,1,0) -> 1 | I24: =IF(真實IC!I24>真實IC!I$26,1,0) -> 1 | J24: =IF(真實IC!J24>真實IC!J$26,1,0) -> 0 | ... EF24: =IF(真實IC!EF24>真實IC!EF$26,1,0) -> 1 | EG24: =SUM(C24:EF24) -> 92 | EH24: =SUM(C24:EE24)/134 -> 0.67910448
A26: 大盤 | B26: TWII | C26: -0.0174 | D26: 0.0207 | E26: 0.024 | F26: -0.0066 | G26: 0.0318 | H26: 0.0343 | I26: -0.0083 | J26: 0.0128 | K26: -0.051 | L26: 0.0009 | M26: 0.0234 | N26: 0.013 | O26: 0.0059 | P26: 0.0274 | Q26: -0.0037 | R26: 0.0241 | S26: -0.0122 | T26: -0.0397 | U26: -0.0732 | V26: -0.0583 | W26: 0.0008 | X26: 0.0446 | Y26: -0.0277 | Z26: 0.0021 | AA26: -0.0234 | AB26: 0.0321 | AC26: 0.0389 | AD26: -0.0429 | AE26: 0.0186 | AF26: 0.0152 | AG26: 0.036 | AH26: 0.0094 | AI26: 0.0107 | AJ26: 0.0134 | AK26: -0.0053 | AL26: 0.0014 | AM26: 0.0208 | AN26: 0.0315 | AO26: 0.0062 | AP26: 0.0061 | AQ26: 0.0169 | AR26: 0.0347 | AS26: 0.0031 | AT26: 0.0151 | AU26: -0.0193 | AV26: 0.0387 | AW26: -0.0219 | AX26: 0.0078 | AY26: 0.0424 | AZ26: -0.0263 | BA26: 0.0096 | BB26: -0.0242 | BC26: 0.0202 | BD26: -0.0035 | BE26: 0.0202 | BF26: 0.0006 | BG26: -0.0052 | BH26: -0.1159 | BI26: 0.0087 | BJ26: -0.0164 | BK26: 0.0208 | BL26: 0.045 | BM26: 0.024 | BN26: 0.0302 | BO26: -0.0437 | BP26: 0.0219 | BQ26: 0.0086 | BR26: -0.0192 | BS26: 0.0197 | BT26: 0.0477 | BU26: 0.0115 | BV26: 0.0432 | BW26: -0.0427 | BX26: -0.0178 | BY26: -0.1512 | BZ26: 0.1242 | CA26: -0.0046 | CB26: 0.0602 | CC26: 0.086 | CD26: -0.0058 | CE26: -0.006 | CF26: 0.0025 | CG26: 0.0896 | CH26: 0.071 | CI26: 0.0272 | CJ26: 0.0525 | CK26: 0.0295 | CL26: 0.0668 | CM26: -0.0288 | CN26: 0.0395 | CO26: -0.029 | CP26: 0.014 | CQ26: -0.0323 | CR26: 0.0031 | CS26: 0.0256 | CT26: 0.0444 | CU26: -0.0303 | CV26: -0.0013 | CW26: 0.0023 | CX26: -0.0643 | CY26: 0.0129 | CZ26: -0.1255 | DA26: 0.0117 | DB26: 0.0063 | DC26: -0.1173 | DD26: -0.036 | DE26: 0.1389 | DF26: -0.0511 | DG26: 0.0767 | DH26: 0.0155 | DI26: 0.0232 | DJ26: -0.0184 | DK26: 0.0622 | DL26: 0.0201 | DM26: 0.0135 | DN26: -0.0303 | DO26: -0.017 | DP26: -0.0218 | DQ26: 0.0857 | DR26: 0.0281 | DS26: -0.0023 | DT26: 0.0585 | DU26: 0.0677 | DV26: 0.005 | DW26: 0.0374 | DX26: 0.0841 | DY26: -0.0368 | DZ26: 0.0031 | EA26: -0.002 | EB26: 0.0265 | EC26: -0.0248 | ED26: 0.0341 | EE26: 0.0211 | EF26: -0.020277393

Sheet 預測(OLS)勝率
A1: OLS
B2: Time | C2: 2013/12 | D2: 2014/01 | E2: 2014/02 | F2: 2014/03 | G2: 2014/04 | H2: 2014/05 | I2: 2014/06 | J2: 2014/07 | K2: 2014/08 | L2: 2014/09 | M2: 2014/10 | N2: 2014/11 | O2: 2014/12 | P2: 2015/01 | Q2: 2015/02 | R2: 2015/03 | S2: 2015/04 | T2: 2015/05 | U2: 2015/06 | V2: 2015/07 | W2: 2015/08 | X2: 2015/09 | Y2: 2015/10 | Z2: 2015/11 | AA2: 2015/12 | AB2: 2016/01 | AC2: 2016/02 | AD2: 2016/03 | AE2: 2016/04 | AF2: 2016/05 | AG2: 2016/06 | AH2: 2016/07 | AI2: 2016/08 | AJ2: 2016/09 | AK2: 2016/10 | AL2: 2016/11 | AM2: 2016/12 | AN2: 2017/01 | AO2: 2017/02 | AP2: 2017/03 | AQ2: 2017/04 | AR2: 2017/05 | AS2: 2017/06 | AT2: 2017/07 | AU2: 2017/08 | AV2: 2017/09 | AW2: 2017/10 | AX2: 2017/11 | AY2: 2017/12 | AZ2: 2018/01 | BA2: 2018/02 | BB2: 2018/03 | BC2: 2018/04 | BD2: 2018/05 | BE2: 2018/06 | BF2: 2018/07 | BG2: 2018/08 | BH2: 2018/09 | BI2: 2018/10 | BJ2: 2018/11 | BK2: 2018/12 | BL2: 2019/01 | BM2: 2019/02 | BN2: 2019/03 | BO2: 2019/04 | BP2: 2019/05 | BQ2: 2019/06 | BR2: 2019/07 | BS2: 2019/08 | BT2: 2019/09 | BU2: 2019/10 | BV2: 2019/11 | BW2: 2019/12 | BX2: 2020/01 | BY2: 2020/02 | BZ2: 2020/03 | CA2: 2020/04 | CB2: 2020/05 | CC2: 2020/06 | CD2: 2020/07 | CE2: 2020/08 | CF2: 2020/09 | CG2: 2020/10 | CH2: 2020/11 | CI2: 2020/12 | CJ2: 2021/01 | CK2: 2021/02 | CL2: 2021/03 | CM2: 2021/04 | CN2: 2021/05 | CO2: 2021/06 | CP2: 2021/07 | CQ2: 2021/08 | CR2: 2021/09 | CS2: 2021/10 | CT2: 2021/11 | CU2: 2021/12 | CV2: 2022/01 | CW2: 2022/02 | CX2: 2022/03 | CY2: 2022/04 | CZ2: 2022/05 | DA2: 2022/06 | DB2: 2022/07 | DC2: 2022/08 | DD2: 2022/09 | DE2: 2022/10 | DF2: 2022/11 | DG2: 2022/12 | DH2: 2023/01 | DI2: 2023/02 | DJ2: 2023/03 | DK2: 2023/04 | DL2: 2023/05 | DM2: 2023/06 | DN2: 2023/07 | DO2: 2023/08 | DP2: 2023/09 | DQ2: 2023/10 | DR2: 2023/11 | DS2: 2023/12 | DT2: 2024/01 | DU2: 2024/02 | DV2: 2024/03 | DW2: 2024/04 | DX2: 2024/05 | DY2: 2024/06 | DZ2: 2024/07 | EA2: 2024/08 | EB2: 2024/09 | EC2: 2024/10 | ED2: 2024/11 | EE2: 2024/12 | EF2: 2025/01 | EG2: 2025/02
B3: bm | C3: 0.078798869 | D3: 0.17973309 | E3: 0.015489079 | F3: -0.022168251 | G3: -0.0081037288 | H3: -0.015401269 | I3: -0.19676559 | J3: 0.27883034 | K3: -0.0056931615 | L3: -0.047889749 | M3: -0.0052700848 | N3: -0.19106965 | O3: 0.31084678 | P3: 0.11377091 | Q3: -0.1230705 | R3: -0.11255849 | S3: 0.10466589 | T3: -0.14458477 | U3: -0.26280781 | V3: 0.0030188655 | W3: 0.1319604 | X3: -0.089415174 | Y3: 0.27906325 | Z3: 0.10308974 | AA3: 0.48637749 | AB3: -0.23481983 | AC3: 0.012096511 | AD3: 0.024631762 | AE3: -0.0056680955 | AF3: -0.056269213 | AG3: 0.12240493 | AH3: 0.043996775 | AI3: 0.16226839 | AJ3: 0.068930167 | AK3: 0.087359956 | AL3: 0.18738072 | AM3: 0.09683735 | AN3: 0.20757366 | AO3: 0.11797586 | AP3: -0.028503518 | AQ3: -0.21143964 | AR3: -0.032302566 | AS3: 0.14111009 | AT3: -0.034807512 | AU3: 0.044456114 | AV3: 0.021162739 | AW3: -0.174155 | AX3: 0.076317817 | AY3: 0.0090306432 | AZ3: 0.01663895 | BA3: 0.16049955 | BB3: -0.12374095 | BC3: 0.1567369 | BD3: 0.16688347 | BE3: -0.13147229 | BF3: 0.0099500133 | BG3: 0.31531124 | BH3: 0.27010118 | BI3: 0.056315449 | BJ3: -0.0024098169 | BK3: 0.079800376 | BL3: -0.023392394 | BM3: 0.09400894 | BN3: 0.017643906 | BO3: -0.14928794 | BP3: 0.041225941 | BQ3: -0.082741207 | BR3: 0.2134647 | BS3: -0.067985398 | BT3: 0.1443504 | BU3: 0.11377938 | BV3: 0.0056009583 | BW3: 0.11314664 | BX3: -0.090571157 | BY3: 0.11856974 | BZ3: -0.14071284 | CA3: 0.073472777 | CB3: -0.17102561 | CC3: 0.086731636 | CD3: 0.031267716 | CE3: 0.21879704 | CF3: -0.14159471 | CG3: 0.099731607 | CH3: 0.04530807 | CI3: 0.08944114 | CJ3: -0.39111281 | CK3: -0.10979117 | CL3: -0.043456184 | CM3: 0.18311247 | CN3: -0.39746168 | CO3: -0.096930226 | CP3: -0.09568205 | CQ3: 0.17197497 | CR3: 0.061939485 | CS3: -0.047664039 | CT3: -0.01047398 | CU3: -0.034400595 | CV3: -0.022584229 | CW3: 0.039676014 | CX3: -0.053904733 | CY3: 0.027221885 | CZ3: 0.098878435 | DA3: 0.31254073 | DB3: -0.15564613 | DC3: -0.18695853 | DD3: -0.16852286 | DE3: 0.16779761 | DF3: -0.091638386 | DG3: -0.075708963 | DH3: 0.0077960521 | DI3: -0.002550038 | DJ3: -0.068988363 | DK3: 0.046125319 | DL3: -0.0583377 | DM3: -0.070566062 | DN3: 0.028092871 | DO3: -0.070883392 | DP3: 0.1611314 | DQ3: 0.15474401 | DR3: -0.10742533 | DS3: 0.11284172 | DT3: -0.091401515 | DU3: -0.065441571 | DV3: -0.073758706 | DW3: 0.06615577 | DX3: 0.069417132 | DY3: -0.10299217 | DZ3: 0.2639134 | EA3: -0.089759101 | EB3: 0.19432477 | EC3: -0.03009712 | ED3: 0.028618295 | EE3: -0.087371805 | EF3: -0.020976445
B4: size | C4: -0.20373737 | D4: -0.19625335 | E4: -0.25415941 | F4: 0.046203751 | G4: 0.030789039 | H4: -0.051609232 | I4: 0.0011512725 | J4: 0.048762635 | K4: -0.1019818 | L4: -0.018321504 | M4: -0.054833735 | N4: -0.03014962 | O4: -0.18672651 | P4: 0.030188496 | Q4: 0.097889818 | R4: -0.093807845 | S4: 0.022756318 | T4: 0.073507176 | U4: 0.0068550643 | V4: -0.021638527 | W4: -0.0060385491 | X4: -0.16973076 | Y4: -0.2336531 | Z4: -0.0099981485 | AA4: -0.0024349472 | AB4: -0.16380782 | AC4: -0.065405588 | AD4: -0.053691935 | AE4: 0.04344601 | AF4: 0.080856157 | AG4: -0.10082002 | AH4: 0.11854849 | AI4: -0.086917583 | AJ4: -0.096714761 | AK4: 0.077115473 | AL4: 0.019375682 | AM4: -0.0066846435 | AN4: 0.01143272 | AO4: -0.044564576 | AP4: 0.079750638 | AQ4: -0.090693007 | AR4: 0.11443141 | AS4: 0.0822958 | AT4: 0.010311531 | AU4: -0.033710156 | AV4: -0.217699 | AW4: 0.05245717 | AX4: 0.013927468 | AY4: 0.10501071 | AZ4: 0.017528919 | BA4: -0.15432648 | BB4: -0.25246378 | BC4: -0.14987218 | BD4: -0.022774062 | BE4: -0.031425095 | BF4: 0.12327719 | BG4: -0.075330977 | BH4: -0.064736814 | BI4: 0.01821391 | BJ4: -0.15085089 | BK4: -0.058953203 | BL4: -0.047773781 | BM4: 0.020341806 | BN4: 0.040714107 | BO4: 0.045214639 | BP4: 0.083627121 | BQ4: 0.030825397 | BR4: -0.11545472 | BS4: -0.01926453 | BT4: -0.03411155 | BU4: -0.045269937 | BV4: 0.17197266 | BW4: -0.10029051 | BX4: -0.068044962 | BY4: -0.18269486 | BZ4: 0.08557402 | CA4: 0.0099907863 | CB4: 0.19801891 | CC4: -0.29446405 | CD4: -0.13184914 | CE4: -0.059049426 | CF4: -0.11382074 | CG4: 0.056476011 | CH4: -0.0047278812 | CI4: 0.084060043 | CJ4: 0.028605891 | CK4: -0.021960158 | CL4: -0.06787086 | CM4: 0.040070082 | CN4: 0.18816019 | CO4: 0.0023670177 | CP4: 0.019450901 | CQ4: -0.030616705 | CR4: -0.28761058 | CS4: -0.27901112 | CT4: 0.082166792 | CU4: -0.10449487 | CV4: 0.11174977 | CW4: -0.050011487 | CX4: 0.0592097 | CY4: -0.17471119 | CZ4: -0.13109687 | DA4: -0.22032572 | DB4: -0.051224389 | DC4: -0.14279359 | DD4: 0.10209048 | DE4: 0.044656291 | DF4: 0.056233136 | DG4: -0.14168227 | DH4: 0.15762567 | DI4: -0.062035902 | DJ4: -0.11967929 | DK4: -0.16369299 | DL4: 0.094429634 | DM4: 0.2337202 | DN4: 0.073797401 | DO4: -0.045812945 | DP4: -0.068308325 | DQ4: -0.16930629 | DR4: -0.12924368 | DS4: -0.073886793 | DT4: -0.20370624 | DU4: -0.054891501 | DV4: 0.012036946 | DW4: -0.0061300239 | DX4: -0.084900404 | DY4: 0.1000065 | DZ4: -0.13106024 | EA4: -0.19488078 | EB4: -0.31979832 | EC4: 0.049837268 | ED4: 0.05462776 | EE4: 0.12004648 | EF4: 0.24381116
B5: mom | C5: -0.20935792 | D5: -0.10736277 | E5: 0.52484761 | F5: 0.04683706 | G5: -0.21047143 | H5: 0.47441496 | I5: 0.14678499 | J5: -0.056231753 | K5: 0.27552846 | L5: -0.43004286 | M5: 0.32376775 | N5: -0.34824165 | O5: -0.097528912 | P5: 0.39546612 | Q5: 0.048467491 | R5: -0.098851332 | S5: 0.30579214 | T5: 0.072071946 | U5: -0.00047890409 | V5: -0.13936695 | W5: -0.39469013 | X5: -0.12947787 | Y5: -0.68127296 | Z5: -0.0041720387 | AA5: 0.018198047 | AB5: 0.20112166 | AC5: -0.089163225 | AD5: 0.14514146 | AE5: 0.074669148 | AF5: 0.17577042 | AG5: -0.30336041 | AH5: -0.34824991 | AI5: 0.25872372 | AJ5: -0.48889197 | AK5: 0.13254843 | AL5: -0.023789776 | AM5: 0.011752405 | AN5: -0.074933433 | AO5: 0.18446332 | AP5: 0.032348031 | AQ5: 0.15119843 | AR5: -0.09528311 | AS5: -0.12600437 | AT5: 0.15164479 | AU5: -0.20083705 | AV5: 0.078906368 | AW5: 0.00067935762 | AX5: 0.11229312 | AY5: -0.11805612 | AZ5: 0.20621977 | BA5: -0.039691919 | BB5: 0.08299594 | BC5: -0.13000543 | BD5: -0.10631616 | BE5: 0.1159334 | BF5: -0.28526227 | BG5: -0.15093334 | BH5: 0.0029199401 | BI5: 0.058126574 | BJ5: -0.25986983 | BK5: 0.18487945 | BL5: -0.26913173 | BM5: 0.17173819 | BN5: -0.18092216 | BO5: -0.063203738 | BP5: 0.0718675 | BQ5: -0.16861046 | BR5: -0.025447832 | BS5: 0.12442411 | BT5: 0.20772231 | BU5: -0.060051294 | BV5: -0.051700003 | BW5: -0.12680157 | BX5: -0.10582029 | BY5: 0.05360732 | BZ5: -0.034479447 | CA5: -0.020066211 | CB5: 0.084589607 | CC5: -0.11038366 | CD5: 0.32742329 | CE5: -0.014867197 | CF5: -0.14937325 | CG5: 0.16320028 | CH5: -0.069038325 | CI5: -0.11536215 | CJ5: -0.26301724 | CK5: 0.3789735 | CL5: -0.076383454 | CM5: 0.042833444 | CN5: -0.15161553 | CO5: 0.43716797 | CP5: -0.0041833928 | CQ5: -0.49935244 | CR5: 0.33985704 | CS5: -0.18988697 | CT5: 0.22461975 | CU5: -0.25171771 | CV5: -0.060587944 | CW5: 0.21087706 | CX5: 0.2501615 | CY5: -0.52413354 | CZ5: 0.82161831 | DA5: -0.17652298 | DB5: 0.13115958 | DC5: 0.17573665 | DD5: -0.42083892 | DE5: -0.22797242 | DF5: -0.33715974 | DG5: -0.4440037 | DH5: -0.042932794 | DI5: 0.30896916 | DJ5: -0.28669248 | DK5: 0.84621249 | DL5: -0.16924034 | DM5: -0.43945017 | DN5: 0.74751337 | DO5: -0.39996426 | DP5: -0.044863264 | DQ5: -0.5886343 | DR5: -0.0065627469 | DS5: -0.19878519 | DT5: 0.41321178 | DU5: -0.17065403 | DV5: 0.68828032 | DW5: 0.040806005 | DX5: -0.19993472 | DY5: 0.56631421 | DZ5: 0.4736288 | EA5: 0.095444978 | EB5: -1.0763609 | EC5: -0.13610629 | ED5: -0.27349656 | EE5: 0.60134859 | EF5: 0.0067468791
A6: 選絕對值最大 | C6: {=MATCH(MAX(ABS(C3:C5)), ABS(C3:C5), 0)} -> 3 | D6: {=MATCH(MAX(ABS(D3:D5)), ABS(D3:D5), 0)} -> 2 | E6: {=MATCH(MAX(ABS(E3:E5)), ABS(E3:E5), 0)} -> 3 | F6: {=MATCH(MAX(ABS(F3:F5)), ABS(F3:F5), 0)} -> 3 | G6: {=MATCH(MAX(ABS(G3:G5)), ABS(G3:G5), 0)} -> 3 | H6: {=MATCH(MAX(ABS(H3:H5)), ABS(H3:H5), 0)} -> 3 | I6: {=MATCH(MAX(ABS(I3:I5)), ABS(I3:I5), 0)} -> 1 | J6: {=MATCH(MAX(ABS(J3:J5)), ABS(J3:J5), 0)} -> 1 | ... EG6: {=MATCH(MAX(ABS(EG3:EG5)), ABS(EG3:EG5), 0)} -> 1
C7: =IF(C6=1,"bm",IF(C6=2,"size",IF(C6=3,"mom"))) -> mom | D7: =IF(D6=1,"bm",IF(D6=2,"size",IF(D6=3,"mom"))) -> size | E7: =IF(E6=1,"bm",IF(E6=2,"size",IF(E6=3,"mom"))) -> mom | F7: =IF(F6=1,"bm",IF(F6=2,"size",IF(F6=3,"mom"))) -> mom | G7: =IF(G6=1,"bm",IF(G6=2,"size",IF(G6=3,"mom"))) -> mom | H7: =IF(H6=1,"bm",IF(H6=2,"size",IF(H6=3,"mom"))) -> mom | I7: =IF(I6=1,"bm",IF(I6=2,"size",IF(I6=3,"mom"))) -> bm | J7: =IF(J6=1,"bm",IF(J6=2,"size",IF(J6=3,"mom"))) -> bm | ... EG7: =IF(EG6=1,"bm",IF(EG6=2,"size",IF(EG6=3,"mom"))) -> bm
C8: =IF(C6=1,C3,IF(C6=2,C4,IF(C6=3,C5))) -> -0.20935792 | D8: =IF(D6=1,D3,IF(D6=2,D4,IF(D6=3,D5))) -> -0.19625335 | E8: =IF(E6=1,E3,IF(E6=2,E4,IF(E6=3,E5))) -> 0.52484761 | F8: =IF(F6=1,F3,IF(F6=2,F4,IF(F6=3,F5))) -> 0.04683706 | G8: =IF(G6=1,G3,IF(G6=2,G4,IF(G6=3,G5))) -> -0.21047143 | H8: =IF(H6=1,H3,IF(H6=2,H4,IF(H6=3,H5))) -> 0.47441496 | I8: =IF(I6=1,I3,IF(I6=2,I4,IF(I6=3,I5))) -> -0.19676559 | J8: =IF(J6=1,J3,IF(J6=2,J4,IF(J6=3,J5))) -> 0.27883034 | ... EG8: =IF(EG6=1,EG3,IF(EG6=2,EG4,IF(EG6=3,EG5))) -> 0
A10: 投資組合 | C10: 公司數 | D10: 964
A11: 等第 | B11: 分數 | C11: 2014/01 | D11: 2014/02 | E11: 2014/03 | F11: 2014/04 | G11: 2014/05 | H11: 2014/06 | I11: 2014/07 | J11: 2014/08 | K11: 2014/09 | L11: 2014/10 | M11: 2014/11 | N11: 2014/12 | O11: 2015/01 | P11: 2015/02 | Q11: 2015/03 | R11: 2015/04 | S11: 2015/05 | T11: 2015/06 | U11: 2015/07 | V11: 2015/08 | W11: 2015/09 | X11: 2015/10 | Y11: 2015/11 | Z11: 2015/12 | AA11: 2016/01 | AB11: 2016/02 | AC11: 2016/03 | AD11: 2016/04 | AE11: 2016/05 | AF11: 2016/06 | AG11: 2016/07 | AH11: 2016/08 | AI11: 2016/09 | AJ11: 2016/10 | AK11: 2016/11 | AL11: 2016/12 | AM11: 2017/01 | AN11: 2017/02 | AO11: 2017/03 | AP11: 2017/04 | AQ11: 2017/05 | AR11: 2017/06 | AS11: 2017/07 | AT11: 2017/08 | AU11: 2017/09 | AV11: 2017/10 | AW11: 2017/11 | AX11: 2017/12 | AY11: 2018/01 | AZ11: 2018/02 | BA11: 2018/03 | BB11: 2018/04 | BC11: 2018/05 | BD11: 2018/06 | BE11: 2018/07 | BF11: 2018/08 | BG11: 2018/09 | BH11: 2018/10 | BI11: 2018/11 | BJ11: 2018/12 | BK11: 2019/01 | BL11: 2019/02 | BM11: 2019/03 | BN11: 2019/04 | BO11: 2019/05 | BP11: 2019/06 | BQ11: 2019/07 | BR11: 2019/08 | BS11: 2019/09 | BT11: 2019/10 | BU11: 2019/11 | BV11: 2019/12 | BW11: 2020/01 | BX11: 2020/02 | BY11: 2020/03 | BZ11: 2020/04 | CA11: 2020/05 | CB11: 2020/06 | CC11: 2020/07 | CD11: 2020/08 | CE11: 2020/09 | CF11: 2020/10 | CG11: 2020/11 | CH11: 2020/12 | CI11: 2021/01 | CJ11: 2021/02 | CK11: 2021/03 | CL11: 2021/04 | CM11: 2021/05 | CN11: 2021/06 | CO11: 2021/07 | CP11: 2021/08 | CQ11: 2021/09 | CR11: 2021/10 | CS11: 2021/11 | CT11: 2021/12 | CU11: 2022/01 | CV11: 2022/02 | CW11: 2022/03 | CX11: 2022/04 | CY11: 2022/05 | CZ11: 2022/06 | DA11: 2022/07 | DB11: 2022/08 | DC11: 2022/09 | DD11: 2022/10 | DE11: 2022/11 | DF11: 2022/12 | DG11: 2023/01 | DH11: 2023/02 | DI11: 2023/03 | DJ11: 2023/04 | DK11: 2023/05 | DL11: 2023/06 | DM11: 2023/07 | DN11: 2023/08 | DO11: 2023/09 | DP11: 2023/10 | DQ11: 2023/11 | DR11: 2023/12 | DS11: 2024/01 | DT11: 2024/02 | DU11: 2024/03 | DV11: 2024/04 | DW11: 2024/05 | DX11: 2024/06 | DY11: 2024/07 | DZ11: 2024/08 | EA11: 2024/09 | EB11: 2024/10 | EC11: 2024/11 | ED11: 2024/12 | EE11: 2025/01 | EF11: 2025/02 | EG11: SUM | EH11: 勝率
A12: 10 | B12: 96 | C12: =IF(預測IC!C12>預測IC!C$25,1,0) -> 1 | D12: =IF(預測IC!D12>預測IC!D$25,1,0) -> 1 | E12: =IF(預測IC!E12>預測IC!E$25,1,0) -> 0 | F12: =IF(預測IC!F12>預測IC!F$25,1,0) -> 0 | G12: =IF(預測IC!G12>預測IC!G$25,1,0) -> 0 | H12: =IF(預測IC!H12>預測IC!H$25,1,0) -> 0 | I12: =IF(預測IC!I12>預測IC!I$25,1,0) -> 0 | J12: =IF(預測IC!J12>預測IC!J$25,1,0) -> 1 | ... EF12: =IF(預測IC!EF12>預測IC!EF$25,1,0) -> 0 | EG12: =SUM(C12:EF12) -> 67 | EH12: =SUM(C12:EE12)/134 -> 0.5
A13: 20 | B13: 48 | C13: =IF(預測IC!C13>預測IC!C$25,1,0) -> 1 | D13: =IF(預測IC!D13>預測IC!D$25,1,0) -> 1 | E13: =IF(預測IC!E13>預測IC!E$25,1,0) -> 0 | F13: =IF(預測IC!F13>預測IC!F$25,1,0) -> 0 | G13: =IF(預測IC!G13>預測IC!G$25,1,0) -> 0 | H13: =IF(預測IC!H13>預測IC!H$25,1,0) -> 0 | I13: =IF(預測IC!I13>預測IC!I$25,1,0) -> 0 | J13: =IF(預測IC!J13>預測IC!J$25,1,0) -> 1 | ... EF13: =IF(預測IC!EF13>預測IC!EF$25,1,0) -> 0 | EG13: =SUM(C13:EF13) -> 67 | EH13: =SUM(C13:EE13)/134 -> 0.5
A14: 50 | B14: 19 | C14: =IF(預測IC!C14>預測IC!C$25,1,0) -> 0 | D14: =IF(預測IC!D14>預測IC!D$25,1,0) -> 1 | E14: =IF(預測IC!E14>預測IC!E$25,1,0) -> 0 | F14: =IF(預測IC!F14>預測IC!F$25,1,0) -> 0 | G14: =IF(預測IC!G14>預測IC!G$25,1,0) -> 0 | H14: =IF(預測IC!H14>預測IC!H$25,1,0) -> 0 | I14: =IF(預測IC!I14>預測IC!I$25,1,0) -> 0 | J14: =IF(預測IC!J14>預測IC!J$25,1,0) -> 1 | ... EF14: =IF(預測IC!EF14>預測IC!EF$25,1,0) -> 0 | EG14: =SUM(C14:EF14) -> 60 | EH14: =SUM(C14:EE14)/134 -> 0.44776119
A15: 100 | B15: 10 | C15: =IF(預測IC!C15>預測IC!C$25,1,0) -> 0 | D15: =IF(預測IC!D15>預測IC!D$25,1,0) -> 1 | E15: =IF(預測IC!E15>預測IC!E$25,1,0) -> 0 | F15: =IF(預測IC!F15>預測IC!F$25,1,0) -> 1 | G15: =IF(預測IC!G15>預測IC!G$25,1,0) -> 0 | H15: =IF(預測IC!H15>預測IC!H$25,1,0) -> 0 | I15: =IF(預測IC!I15>預測IC!I$25,1,0) -> 0 | J15: =IF(預測IC!J15>預測IC!J$25,1,0) -> 1 | ... EF15: =IF(預測IC!EF15>預測IC!EF$25,1,0) -> 0 | EG15: =SUM(C15:EF15) -> 67 | EH15: =SUM(C15:EE15)/134 -> 0.5
A16: 107 | B16: 9 | C16: =IF(預測IC!C16>預測IC!C$25,1,0) -> 0 | D16: =IF(預測IC!D16>預測IC!D$25,1,0) -> 1 | E16: =IF(預測IC!E16>預測IC!E$25,1,0) -> 0 | F16: =IF(預測IC!F16>預測IC!F$25,1,0) -> 1 | G16: =IF(預測IC!G16>預測IC!G$25,1,0) -> 0 | H16: =IF(預測IC!H16>預測IC!H$25,1,0) -> 0 | I16: =IF(預測IC!I16>預測IC!I$25,1,0) -> 0 | J16: =IF(預測IC!J16>預測IC!J$25,1,0) -> 1 | ... EF16: =IF(預測IC!EF16>預測IC!EF$25,1,0) -> 0 | EG16: =SUM(C16:EF16) -> 66 | EH16: =SUM(C16:EE16)/134 -> 0.49253731
A17: 120 | B17: 8 | C17: =IF(預測IC!C17>預測IC!C$25,1,0) -> 0 | D17: =IF(預測IC!D17>預測IC!D$25,1,0) -> 1 | E17: =IF(預測IC!E17>預測IC!E$25,1,0) -> 0 | F17: =IF(預測IC!F17>預測IC!F$25,1,0) -> 1 | G17: =IF(預測IC!G17>預測IC!G$25,1,0) -> 0 | H17: =IF(預測IC!H17>預測IC!H$25,1,0) -> 0 | I17: =IF(預測IC!I17>預測IC!I$25,1,0) -> 0 | J17: =IF(預測IC!J17>預測IC!J$25,1,0) -> 1 | ... EF17: =IF(預測IC!EF17>預測IC!EF$25,1,0) -> 0 | EG17: =SUM(C17:EF17) -> 63 | EH17: =SUM(C17:EE17)/134 -> 0.47014925
A18: 137 | B18: 7 | C18: =IF(預測IC!C18>預測IC!C$25,1,0) -> 0 | D18: =IF(預測IC!D18>預測IC!D$25,1,0) -> 1 | E18: =IF(預測IC!E18>預測IC!E$25,1,0) -> 0 | F18: =IF(預測IC!F18>預測IC!F$25,1,0) -> 1 | G18: =IF(預測IC!G18>預測IC!G$25,1,0) -> 0 | H18: =IF(預測IC!H18>預測IC!H$25,1,0) -> 0 | I18: =IF(預測IC!I18>預測IC!I$25,1,0) -> 0 | J18: =IF(預測IC!J18>預測IC!J$25,1,0) -> 1 | ... EF18: =IF(預測IC!EF18>預測IC!EF$25,1,0) -> 0 | EG18: =SUM(C18:EF18) -> 63 | EH18: =SUM(C18:EE18)/134 -> 0.47014925
A19: 160 | B19: 6 | C19: =IF(預測IC!C19>預測IC!C$25,1,0) -> 0 | D19: =IF(預測IC!D19>預測IC!D$25,1,0) -> 1 | E19: =IF(預測IC!E19>預測IC!E$25,1,0) -> 0 | F19: =IF(預測IC!F19>預測IC!F$25,1,0) -> 1 | G19: =IF(預測IC!G19>預測IC!G$25,1,0) -> 0 | H19: =IF(預測IC!H19>預測IC!H$25,1,0) -> 0 | I19: =IF(預測IC!I19>預測IC!I$25,1,0) -> 0 | J19: =IF(預測IC!J19>預測IC!J$25,1,0) -> 1 | ... EF19: =IF(預測IC!EF19>預測IC!EF$25,1,0) -> 0 | EG19: =SUM(C19:EF19) -> 67 | EH19: =SUM(C19:EE19)/134 -> 0.5
A20: 192 | B20: 5 | C20: =IF(預測IC!C20>預測IC!C$25,1,0) -> 1 | D20: =IF(預測IC!D20>預測IC!D$25,1,0) -> 1 | E20: =IF(預測IC!E20>預測IC!E$25,1,0) -> 0 | F20: =IF(預測IC!F20>預測IC!F$25,1,0) -> 1 | G20: =IF(預測IC!G20>預測IC!G$25,1,0) -> 0 | H20: =IF(預測IC!H20>預測IC!H$25,1,0) -> 0 | I20: =IF(預測IC!I20>預測IC!I$25,1,0) -> 0 | J20: =IF(預測IC!J20>預測IC!J$25,1,0) -> 1 | ... EF20: =IF(預測IC!EF20>預測IC!EF$25,1,0) -> 0 | EG20: =SUM(C20:EF20) -> 71 | EH20: =SUM(C20:EE20)/134 -> 0.52985075
A21: 241 | B21: 4 | C21: =IF(預測IC!C21>預測IC!C$25,1,0) -> 1 | D21: =IF(預測IC!D21>預測IC!D$25,1,0) -> 1 | E21: =IF(預測IC!E21>預測IC!E$25,1,0) -> 0 | F21: =IF(預測IC!F21>預測IC!F$25,1,0) -> 1 | G21: =IF(預測IC!G21>預測IC!G$25,1,0) -> 0 | H21: =IF(預測IC!H21>預測IC!H$25,1,0) -> 0 | I21: =IF(預測IC!I21>預測IC!I$25,1,0) -> 0 | J21: =IF(預測IC!J21>預測IC!J$25,1,0) -> 1 | ... EF21: =IF(預測IC!EF21>預測IC!EF$25,1,0) -> 0 | EG21: =SUM(C21:EF21) -> 73 | EH21: =SUM(C21:EE21)/134 -> 0.54477612
A22: 321 | B22: 3 | C22: =IF(預測IC!C22>預測IC!C$25,1,0) -> 1 | D22: =IF(預測IC!D22>預測IC!D$25,1,0) -> 1 | E22: =IF(預測IC!E22>預測IC!E$25,1,0) -> 0 | F22: =IF(預測IC!F22>預測IC!F$25,1,0) -> 1 | G22: =IF(預測IC!G22>預測IC!G$25,1,0) -> 0 | H22: =IF(預測IC!H22>預測IC!H$25,1,0) -> 0 | I22: =IF(預測IC!I22>預測IC!I$25,1,0) -> 0 | J22: =IF(預測IC!J22>預測IC!J$25,1,0) -> 1 | ... EF22: =IF(預測IC!EF22>預測IC!EF$25,1,0) -> 0 | EG22: =SUM(C22:EF22) -> 76 | EH22: =SUM(C22:EE22)/134 -> 0.56716418
A23: 482 | B23: 2 | C23: =IF(預測IC!C23>預測IC!C$25,1,0) -> 1 | D23: =IF(預測IC!D23>預測IC!D$25,1,0) -> 1 | E23: =IF(預測IC!E23>預測IC!E$25,1,0) -> 0 | F23: =IF(預測IC!F23>預測IC!F$25,1,0) -> 1 | G23: =IF(預測IC!G23>預測IC!G$25,1,0) -> 0 | H23: =IF(預測IC!H23>預測IC!H$25,1,0) -> 0 | I23: =IF(預測IC!I23>預測IC!I$25,1,0) -> 0 | J23: =IF(預測IC!J23>預測IC!J$25,1,0) -> 0 | ... EF23: =IF(預測IC!EF23>預測IC!EF$25,1,0) -> 0 | EG23: =SUM(C23:EF23) -> 71 | EH23: =SUM(C23:EE23)/134 -> 0.52985075
A24: 964 | B24: 1 | C24: =IF(預測IC!C24>預測IC!C$25,1,0) -> 1 | D24: =IF(預測IC!D24>預測IC!D$25,1,0) -> 1 | E24: =IF(預測IC!E24>預測IC!E$25,1,0) -> 1 | F24: =IF(預測IC!F24>預測IC!F$25,1,0) -> 1 | G24: =IF(預測IC!G24>預測IC!G$25,1,0) -> 0 | H24: =IF(預測IC!H24>預測IC!H$25,1,0) -> 0 | I24: =IF(預測IC!I24>預測IC!I$25,1,0) -> 1 | J24: =IF(預測IC!J24>預測IC!J$25,1,0) -> 0 | ... EF24: =IF(預測IC!EF24>預測IC!EF$25,1,0) -> 0 | EG24: =SUM(C24:EF24) -> 68 | EH24: =SUM(C24:EE24)/134 -> 0.50746269
A25: 大盤 | B25: TWII | C25: -0.017446771 | D25: 0.020701061 | E25: 0.023982129 | F25: -0.006557579 | G25: 0.03184513 | H25: 0.034348533 | I25: -0.0082549328 | J25: 0.012843524 | K25: -0.051018525 | L25: 0.00087394274 | M25: 0.023389576 | N25: 0.012988972 | O25: 0.0058545887 | P25: 0.027413207 | Q25: -0.0037129361 | R25: 0.024076614 | S25: -0.012190025 | T25: -0.039749578 | U25: -0.07315545 | V25: -0.05826023 | W25: 0.00077279757 | X25: 0.044591521 | Y25: -0.02769968 | Z25: 0.0020950059 | AA25: -0.023400551 | AB25: 0.032129371 | AC25: 0.038903273 | AD25: -0.042865382 | AE25: 0.018647195 | AF25: 0.015229768 | AG25: 0.036016604 | AH25: 0.0093546114 | AI25: 0.010748251 | AJ25: 0.013357754 | AK25: -0.0053327473 | AL25: 0.0013831358 | AM25: 0.020795928 | AN25: 0.031517702 | AO25: 0.0062417165 | AP25: 0.0061452617 | AQ25: 0.016946358 | AR25: 0.03468283 | AS25: 0.0030985886 | AT25: 0.015081347 | AU25: -0.019251209 | AV25: 0.038711513 | AW25: -0.021856951 | AX25: 0.0077743007 | AY25: 0.042397247 | AZ25: -0.026308975 | BA25: 0.0095717493 | BB25: -0.024249741 | BC25: 0.020163374 | BD25: -0.0035049988 | BE25: 0.020151935 | BF25: 0.00058133623 | BG25: -0.005219701 | BH25: -0.11587176 | BI25: 0.0087252257 | BJ25: -0.016377261 | BK25: 0.020840372 | BL25: 0.044975872 | BM25: 0.023954306 | BN25: 0.030239101 | BO25: -0.043725888 | BP25: 0.02188947 | BQ25: 0.0086274303 | BR25: -0.019192954 | BS25: 0.01973513 | BT25: 0.047694337 | BU25: 0.011454817 | BV25: 0.043228621 | BW25: -0.04274743 | BX25: -0.017811292 | BY25: -0.1511531 | BZ25: 0.124224 | CA25: -0.0045572538 | CB25: 0.06021124 | CC25: 0.085992033 | CD25: -0.0058084796 | CE25: -0.006041347 | CF25: 0.0024523244 | CG25: 0.089636252 | CH25: 0.070992733 | CI25: 0.027170643 | CJ25: 0.052468428 | CK25: 0.029480661 | CL25: 0.066825081 | CM25: -0.028772229 | CN25: 0.039462516 | CO25: -0.029031087 | CP25: 0.013983883 | CQ25: -0.032276965 | CR25: 0.0031035766 | CS25: 0.025591856 | CT25: 0.044391886 | CU25: -0.030338959 | CV25: -0.0012579765 | CW25: 0.0023363565 | CX25: -0.064264145 | CY25: 0.012909779 | CZ25: -0.12547709 | DA25: 0.011690683 | DB25: 0.0063378437 | DC25: -0.11730536 | DD25: -0.036010872 | DE25: 0.1389113 | DF25: -0.051143506 | DG25: 0.076731447 | DH25: 0.015508782 | DI25: 0.023223774 | DJ25: -0.018372876 | DK25: 0.062199014 | DL25: 0.020098304 | DM25: 0.01349894 | DN25: -0.030252213 | DO25: -0.017022836 | DP25: -0.021788523 | DQ25: 0.085745625 | DR25: 0.028106744 | DS25: -0.0023031598 | DT25: 0.058471198 | DU25: 0.067658949 | DV25: 0.0050207706 | DW25: 0.037416184 | DX25: 0.084111004 | DY25: -0.036832399 | DZ25: 0.0030917028 | EA25: -0.0019576282 | EB25: 0.026459104 | EC25: -0.024752539 | ED25: 0.034115491 | EE25: 0.021061974

Sheet 真實累積報酬
A1: REAL
B2: Time | C2: 2013/12 | D2: 2014/01 | E2: 2014/02 | F2: 2014/03 | G2: 2014/04 | H2: 2014/05 | I2: 2014/06 | J2: 2014/07 | K2: 2014/08 | L2: 2014/09 | M2: 2014/10 | N2: 2014/11 | O2: 2014/12 | P2: 2015/01 | Q2: 2015/02 | R2: 2015/03 | S2: 2015/04 | T2: 2015/05 | U2: 2015/06 | V2: 2015/07 | W2: 2015/08 | X2: 2015/09 | Y2: 2015/10 | Z2: 2015/11 | AA2: 2015/12 | AB2: 2016/01 | AC2: 2016/02 | AD2: 2016/03 | AE2: 2016/04 | AF2: 2016/05 | AG2: 2016/06 | AH2: 2016/07 | AI2: 2016/08 | AJ2: 2016/09 | AK2: 2016/10 | AL2: 2016/11 | AM2: 2016/12 | AN2: 2017/01 | AO2: 2017/02 | AP2: 2017/03 | AQ2: 2017/04 | AR2: 2017/05 | AS2: 2017/06 | AT2: 2017/07 | AU2: 2017/08 | AV2: 2017/09 | AW2: 2017/10 | AX2: 2017/11 | AY2: 2017/12 | AZ2: 2018/01 | BA2: 2018/02 | BB2: 2018/03 | BC2: 2018/04 | BD2: 2018/05 | BE2: 2018/06 | BF2: 2018/07 | BG2: 2018/08 | BH2: 2018/09 | BI2: 2018/10 | BJ2: 2018/11 | BK2: 2018/12 | BL2: 2019/01 | BM2: 2019/02 | BN2: 2019/03 | BO2: 2019/04 | BP2: 2019/05 | BQ2: 2019/06 | BR2: 2019/07 | BS2: 2019/08 | BT2: 2019/09 | BU2: 2019/10 | BV2: 2019/11 | BW2: 2019/12 | BX2: 2020/01 | BY2: 2020/02 | BZ2: 2020/03 | CA2: 2020/04 | CB2: 2020/05 | CC2: 2020/06 | CD2: 2020/07 | CE2: 2020/08 | CF2: 2020/09 | CG2: 2020/10 | CH2: 2020/11 | CI2: 2020/12 | CJ2: 2021/01 | CK2: 2021/02 | CL2: 2021/03 | CM2: 2021/04 | CN2: 2021/05 | CO2: 2021/06 | CP2: 2021/07 | CQ2: 2021/08 | CR2: 2021/09 | CS2: 2021/10 | CT2: 2021/11 | CU2: 2021/12 | CV2: 2022/01 | CW2: 2022/02 | CX2: 2022/03 | CY2: 2022/04 | CZ2: 2022/05 | DA2: 2022/06 | DB2: 2022/07 | DC2: 2022/08 | DD2: 2022/09 | DE2: 2022/10 | DF2: 2022/11 | DG2: 2022/12 | DH2: 2023/01 | DI2: 2023/02 | DJ2: 2023/03 | DK2: 2023/04 | DL2: 2023/05 | DM2: 2023/06 | DN2: 2023/07 | DO2: 2023/08 | DP2: 2023/09 | DQ2: 2023/10 | DR2: 2023/11 | DS2: 2023/12 | DT2: 2024/01 | DU2: 2024/02 | DV2: 2024/03 | DW2: 2024/04 | DX2: 2024/05 | DY2: 2024/06 | DZ2: 2024/07 | EA2: 2024/08 | EB2: 2024/09 | EC2: 2024/10 | ED2: 2024/11 | EE2: 2024/12 | EF2: 2025/01
B3: bm | C3: 0.10910583 | D3: 0.01457658 | E3: -0.0361544 | F3: -0.0047426 | G3: -0.0057478 | H3: 0.04937802 | I3: 0.18325177 | J3: 0.11648631 | K3: -0.0305949 | L3: 0.01982805 | M3: -0.020999 | N3: 0.14977942 | O3: 0.01546341 | P3: -0.0917923 | Q3: -0.077409 | R3: 0.0547766 | S3: -0.1253344 | T3: -0.1190534 | U3: -0.0377701 | V3: 0.08118382 | W3: 0.08400897 | X3: 0.14701136 | Y3: -0.1253605 | Z3: 0.19195355 | AA3: -0.0843708 | AB3: 0.07289761 | AC3: 0.10260456 | AD3: 0.01577017 | AE3: -0.1520072 | AF3: 0.05925025 | AG3: 0.13005884 | AH3: 0.1152564 | AI3: 0.03260662 | AJ3: 0.02799911 | AK3: 0.14657042 | AL3: 0.04084192 | AM3: 0.13137637 | AN3: 0.22143296 | AO3: -0.020941 | AP3: -0.13716 | AQ3: -0.0248829 | AR3: 0.01551397 | AS3: 0.03437304 | AT3: 0.06309569 | AU3: 0.0432377 | AV3: -0.0742304 | AW3: 0.02799483 | AX3: 0.11986442 | AY3: 0.07655957 | AZ3: -0.0217304 | BA3: -0.0012465 | BB3: 0.10099582 | BC3: 0.02982693 | BD3: 0.00867577 | BE3: 0.06855721 | BF3: 0.1569126 | BG3: 0.15920373 | BH3: 0.06112167 | BI3: 0.09691285 | BJ3: -0.0547462 | BK3: -0.087493 | BL3: 0.09442675 | BM3: -0.0221911 | BN3: 0.01562861 | BO3: 0.08141824 | BP3: -0.0185089 | BQ3: 0.06872957 | BR3: 0.00310236 | BS3: 0.07496442 | BT3: 0.04520159 | BU3: 0.02567733 | BV3: 0.09180403 | BW3: -0.026354 | BX3: 0.01939483 | BY3: -0.0768389 | BZ3: 0.11330931 | CA3: -0.1073549 | CB3: 0.04084479 | CC3: -0.0198017 | CD3: 0.18837709 | CE3: 0.05557491 | CF3: 0.07487207 | CG3: 0.10000019 | CH3: 0.13602172 | CI3: -0.093741 | CJ3: 0.0039306 | CK3: 0.05650778 | CL3: 0.26354578 | CM3: -0.0095554 | CN3: -0.0315119 | CO3: -0.022619 | CP3: 0.13265561 | CQ3: 0.13307278 | CR3: -0.0149564 | CS3: -0.0334199 | CT3: 0.01228121 | CU3: 0.11681498 | CV3: -0.0031589 | CW3: 0.03821776 | CX3: 0.13917409 | CY3: -0.0237123 | CZ3: 0.21835291 | DA3: -0.0579674 | DB3: -0.0141042 | DC3: 0.11395608 | DD3: 0.07447226 | DE3: -0.0008997 | DF3: 0.00097707 | DG3: -0.0729801 | DH3: -0.0238453 | DI3: -0.1015307 | DJ3: 0.02769254 | DK3: -0.0493352 | DL3: -0.0056994 | DM3: -0.0369818 | DN3: 0.10981299 | DO3: 0.04203683 | DP3: 0.08456667 | DQ3: -0.1102798 | DR3: 0.09432871 | DS3: -0.0719069 | DT3: -0.0962364 | DU3: 0.00234555 | DV3: 0.13401742 | DW3: 0.09473252 | DX3: -0.1037732 | DY3: 0.07576215 | DZ3: -0.0318297 | EA3: 0.16130802 | EB3: 0.01020353 | EC3: 0.07398843 | ED3: -0.1573769 | EE3: 0.07913755 | EF3: 0.07252855 | EG3: =CORREL([1]bm補值!EG$2:EG$972,[1]下個月月報酬補值!EG$2:EG$972) -> 0.14231066
B4: size | C4: -0.2475887 | D4: -0.2746933 | E4: -0.0846484 | F4: 0.02264463 | G4: -0.04968 | H4: -0.1007596 | I4: -0.0125227 | J4: 0.07873654 | K4: -0.0341851 | L4: 0.08840679 | M4: -0.0030635 | N4: -0.212218 | O4: -0.0368054 | P4: 0.07103312 | Q4: -0.0712611 | R4: 0.02156045 | S4: 0.10111126 | T4: 0.04322473 | U4: 0.01488195 | V4: 0.00632602 | W4: -0.143553 | X4: -0.0642822 | Y4: -0.0190342 | Z4: -0.0206446 | AA4: 0.03305953 | AB4: -0.0194182 | AC4: -0.0631268 | AD4: -0.0656297 | AE4: 0.13799568 | AF4: -0.1005679 | AG4: -0.0379691 | AH4: -0.0458395 | AI4: -0.0510341 | AJ4: -0.0032204 | AK4: 0.00048952 | AL4: -0.1064467 | AM4: -0.013724 | AN4: -0.1219647 | AO4: -0.0485897 | AP4: -0.0019032 | AQ4: 0.02906749 | AR4: 0.05263577 | AS4: -0.0128933 | AT4: -0.0021311 | AU4: -0.1553844 | AV4: 0.01268178 | AW4: -0.0119423 | AX4: -0.0042538 | AY4: 0.02930087 | AZ4: -0.1341275 | BA4: -0.1371115 | BB4: 0.00175466 | BC4: 0.02511712 | BD4: -0.1196019 | BE4: 0.13576165 | BF4: 0.04709117 | BG4: -0.0260501 | BH4: 0.04375276 | BI4: -0.0813918 | BJ4: -0.1006008 | BK4: 0.09049007 | BL4: -0.0308985 | BM4: 0.05881417 | BN4: 0.08134563 | BO4: -0.0077164 | BP4: 0.10673487 | BQ4: -0.0271563 | BR4: -0.054431 | BS4: -0.0682293 | BT4: 0.09861222 | BU4: 0.12839854 | BV4: -0.0784025 | BW4: -0.1191337 | BX4: -0.0468901 | BY4: 0.10169835 | BZ4: -0.0256801 | CA4: -0.0833018 | CB4: -0.1578276 | CC4: -0.0710526 | CD4: -0.0738755 | CE4: -0.2367865 | CF4: 0.03262771 | CG4: 0.01342309 | CH4: -0.0027967 | CI4: 0.0479257 | CJ4: -0.003252 | CK4: -0.0757082 | CL4: -0.0443973 | CM4: 0.17898859 | CN4: 0.05799427 | CO4: -0.1393902 | CP4: 0.06471467 | CQ4: -0.1811879 | CR4: -0.0886335 | CS4: -0.0253218 | CT4: -0.1130791 | CU4: 0.00809596 | CV4: -0.0452002 | CW4: -0.0589412 | CX4: -0.1077283 | CY4: -0.0965035 | CZ4: -0.2103543 | DA4: -0.1099611 | DB4: -0.1908205 | DC4: -0.0207273 | DD4: 0.08702909 | DE4: 0.08202459 | DF4: -0.1668767 | DG4: 0.22243809 | DH4: -0.1442978 | DI4: -0.1196199 | DJ4: -0.1015928 | DK4: 0.09285506 | DL4: -0.0426305 | DM4: 0.08273207 | DN4: -0.0310495 | DO4: -0.098142 | DP4: -0.1305889 | DQ4: 0.04865572 | DR4: -0.0392519 | DS4: -0.1610302 | DT4: -0.078884 | DU4: 0.16407715 | DV4: 0.00750526 | DW4: -0.1016452 | DX4: -0.0560403 | DY4: -0.1066567 | DZ4: -0.0691866 | EA4: -0.1261887 | EB4: -0.0647371 | EC4: 0.05142609 | ED4: 0.03449673 | EE4: 0.1576776 | EF4: -0.12718 | EG4: =CORREL([2]size補值!EG$2:EG$965,[2]下個月月報酬補值!EG$2:EG$965) -> -0.15895949
B5: mom | C5: -0.05424 | D5: 0.045377 | E5: -0.01775 | F5: -0.08769 | G5: 0.102759 | H5: 0.002511 | I5: -0.0183 | J5: 0.022111 | K5: 0.077258 | L5: 0.009344 | M5: 0.053602 | N5: -0.06788 | O5: 0.06493 | P5: 0.004881 | Q5: 0.019198 | R5: -0.00547 | S5: 0.036551 | T5: 0.129185 | U5: 0.013692 | V5: 0.015295 | W5: -0.10469 | X5: -0.29385 | Y5: 0.059212 | Z5: -0.18495 | AA5: 0.098247 | AB5: -0.00066 | AC5: -0.10369 | AD5: 0.003545 | AE5: 0.175601 | AF5: -0.15503 | AG5: -0.02633 | AH5: -0.005 | AI5: 0.028068 | AJ5: -0.02238 | AK5: -0.04702 | AL5: -0.10156 | AM5: 0.023525 | AN5: 0.052525 | AO5: 0.058503 | AP5: 0.033447 | AQ5: 0.0143 | AR5: 0.035904 | AS5: 0.039782 | AT5: 0.148456 | AU5: -0.04079 | AV5: 0.138959 | AW5: 0.059863 | AX5: -0.14979 | AY5: 0.061596 | AZ5: -0.06195 | BA5: -0.00239 | BB5: -0.14887 | BC5: 0.060351 | BD5: -0.01469 | BE5: -0.14652 | BF5: -0.20876 | BG5: -0.20144 | BH5: -0.11805 | BI5: -0.07703 | BJ5: -0.03622 | BK5: -0.01891 | BL5: -0.17126 | BM5: 0.132917 | BN5: -0.03591 | BO5: 0.021345 | BP5: 0.049635 | BQ5: -0.01721 | BR5: 0.189827 | BS5: -0.09761 | BT5: 0.037831 | BU5: 0.056008 | BV5: -0.11674 | BW5: -0.14132 | BX5: -0.00338 | BY5: 0.130336 | BZ5: 0.031698 | CA5: 0.040555 | CB5: -0.04204 | CC5: 0.050014 | CD5: -0.06846 | CE5: -0.08083 | CF5: -0.00195 | CG5: -0.11821 | CH5: -0.03672 | CI5: -0.08333 | CJ5: 0.230673 | CK5: 0.132779 | CL5: 0.141287 | CM5: -0.11269 | CN5: 0.223489 | CO5: -0.10442 | CP5: -0.01443 | CQ5: -0.20723 | CR5: -0.13486 | CS5: 0.073008 | CT5: -0.03022 | CU5: -0.28689 | CV5: 0.230731 | CW5: 0.091076 | CX5: -0.12249 | CY5: 0.078382 | CZ5: -0.04595 | DA5: 0.08267 | DB5: 0.149349 | DC5: -0.0478 | DD5: -0.16451 | DE5: -0.11057 | DF5: 0.057417 | DG5: -0.21489 | DH5: 0.062997 | DI5: 0.067721 | DJ5: 0.118802 | DK5: 0.007283 | DL5: 0.071321 | DM5: 0.021022 | DN5: -0.0304 | DO5: -0.09695 | DP5: -0.23068 | DQ5: 0.238184 | DR5: 0.003575 | DS5: 0.133956 | DT5: 0.115106 | DU5: 0.10408 | DV5: -0.05461 | DW5: -0.03329 | DX5: 0.055095 | DY5: 0.068794 | DZ5: 0.014481 | EA5: -0.29314 | EB5: -0.14098 | EC5: -0.01221 | ED5: 0.058168 | EE5: -0.1444 | EF5: -0.09701
A6: 選絕對值最大 | C6: {=MATCH(MAX(ABS(C3:C5)), ABS(C3:C5), 0)} -> 2 | D6: {=MATCH(MAX(ABS(D3:D5)), ABS(D3:D5), 0)} -> 2 | E6: {=MATCH(MAX(ABS(E3:E5)), ABS(E3:E5), 0)} -> 2 | F6: {=MATCH(MAX(ABS(F3:F5)), ABS(F3:F5), 0)} -> 3 | G6: {=MATCH(MAX(ABS(G3:G5)), ABS(G3:G5), 0)} -> 3 | H6: {=MATCH(MAX(ABS(H3:H5)), ABS(H3:H5), 0)} -> 2 | I6: {=MATCH(MAX(ABS(I3:I5)), ABS(I3:I5), 0)} -> 1 | J6: {=MATCH(MAX(ABS(J3:J5)), ABS(J3:J5), 0)} -> 1 | ... EG6: {=MATCH(MAX(ABS(EG3:EG5)), ABS(EG3:EG5), 0)} -> 2
C7: =IF(C6=1,"bm",IF(C6=2,"size",IF(C6=3,"mom"))) -> size | D7: =IF(D6=1,"bm",IF(D6=2,"size",IF(D6=3,"mom"))) -> size | E7: =IF(E6=1,"bm",IF(E6=2,"size",IF(E6=3,"mom"))) -> size | F7: =IF(F6=1,"bm",IF(F6=2,"size",IF(F6=3,"mom"))) -> mom | G7: =IF(G6=1,"bm",IF(G6=2,"size",IF(G6=3,"mom"))) -> mom | H7: =IF(H6=1,"bm",IF(H6=2,"size",IF(H6=3,"mom"))) -> size | I7: =IF(I6=1,"bm",IF(I6=2,"size",IF(I6=3,"mom"))) -> bm | J7: =IF(J6=1,"bm",IF(J6=2,"size",IF(J6=3,"mom"))) -> bm | ... EG7: =IF(EG6=1,"bm",IF(EG6=2,"size",IF(EG6=3,"mom"))) -> size
C8: =IF(C6=1,C3,IF(C6=2,C4,IF(C6=3,C5))) -> -0.2475887 | D8: =IF(D6=1,D3,IF(D6=2,D4,IF(D6=3,D5))) -> -0.2746933 | E8: =IF(E6=1,E3,IF(E6=2,E4,IF(E6=3,E5))) -> -0.0846484 | F8: =IF(F6=1,F3,IF(F6=2,F4,IF(F6=3,F5))) -> -0.08769 | G8: =IF(G6=1,G3,IF(G6=2,G4,IF(G6=3,G5))) -> 0.102759 | H8: =IF(H6=1,H3,IF(H6=2,H4,IF(H6=3,H5))) -> -0.1007596 | I8: =IF(I6=1,I3,IF(I6=2,I4,IF(I6=3,I5))) -> 0.18325177 | J8: =IF(J6=1,J3,IF(J6=2,J4,IF(J6=3,J5))) -> 0.11648631 | ... EG8: =IF(EG6=1,EG3,IF(EG6=2,EG4,IF(EG6=3,EG5))) -> -0.15895949
A10: 投資組合 | C10: 公司數 | D10: 964
A11: 等第 | B11: 分數 | C11: 2014/01 | D11: 2014/02 | E11: 2014/03 | F11: 2014/04 | G11: 2014/05 | H11: 2014/06 | I11: 2014/07 | J11: 2014/08 | K11: 2014/09 | L11: 2014/10 | M11: 2014/11 | N11: 2014/12 | O11: 2015/01 | P11: 2015/02 | Q11: 2015/03 | R11: 2015/04 | S11: 2015/05 | T11: 2015/06 | U11: 2015/07 | V11: 2015/08 | W11: 2015/09 | X11: 2015/10 | Y11: 2015/11 | Z11: 2015/12 | AA11: 2016/01 | AB11: 2016/02 | AC11: 2016/03 | AD11: 2016/04 | AE11: 2016/05 | AF11: 2016/06 | AG11: 2016/07 | AH11: 2016/08 | AI11: 2016/09 | AJ11: 2016/10 | AK11: 2016/11 | AL11: 2016/12 | AM11: 2017/01 | AN11: 2017/02 | AO11: 2017/03 | AP11: 2017/04 | AQ11: 2017/05 | AR11: 2017/06 | AS11: 2017/07 | AT11: 2017/08 | AU11: 2017/09 | AV11: 2017/10 | AW11: 2017/11 | AX11: 2017/12 | AY11: 2018/01 | AZ11: 2018/02 | BA11: 2018/03 | BB11: 2018/04 | BC11: 2018/05 | BD11: 2018/06 | BE11: 2018/07 | BF11: 2018/08 | BG11: 2018/09 | BH11: 2018/10 | BI11: 2018/11 | BJ11: 2018/12 | BK11: 2019/01 | BL11: 2019/02 | BM11: 2019/03 | BN11: 2019/04 | BO11: 2019/05 | BP11: 2019/06 | BQ11: 2019/07 | BR11: 2019/08 | BS11: 2019/09 | BT11: 2019/10 | BU11: 2019/11 | BV11: 2019/12 | BW11: 2020/01 | BX11: 2020/02 | BY11: 2020/03 | BZ11: 2020/04 | CA11: 2020/05 | CB11: 2020/06 | CC11: 2020/07 | CD11: 2020/08 | CE11: 2020/09 | CF11: 2020/10 | CG11: 2020/11 | CH11: 2020/12 | CI11: 2021/01 | CJ11: 2021/02 | CK11: 2021/03 | CL11: 2021/04 | CM11: 2021/05 | CN11: 2021/06 | CO11: 2021/07 | CP11: 2021/08 | CQ11: 2021/09 | CR11: 2021/10 | CS11: 2021/11 | CT11: 2021/12 | CU11: 2022/01 | CV11: 2022/02 | CW11: 2022/03 | CX11: 2022/04 | CY11: 2022/05 | CZ11: 2022/06 | DA11: 2022/07 | DB11: 2022/08 | DC11: 2022/09 | DD11: 2022/10 | DE11: 2022/11 | DF11: 2022/12 | DG11: 2023/01 | DH11: 2023/02 | DI11: 2023/03 | DJ11: 2023/04 | DK11: 2023/05 | DL11: 2023/06 | DM11: 2023/07 | DN11: 2023/08 | DO11: 2023/09 | DP11: 2023/10 | DQ11: 2023/11 | DR11: 2023/12 | DS11: 2024/01 | DT11: 2024/02 | DU11: 2024/03 | DV11: 2024/04 | DW11: 2024/05 | DX11: 2024/06 | DY11: 2024/07 | DZ11: 2024/08 | EA11: 2024/09 | EB11: 2024/10 | EC11: 2024/11 | ED11: 2024/12 | EE11: 2025/01 | EF11: 2025/02
A12: 10 | B12: 96 | C12: =IF(預測IC!C12>預測IC!C$26,1,0) -> 1 | D12: =C12+真實IC!D12 -> 1.1146886 | E12: =D12+真實IC!E12 -> 1.1627155 | F12: =E12+真實IC!F12 -> 1.2186748 | G12: =F12+真實IC!G12 -> 1.2506223 | H12: =G12+真實IC!H12 -> 1.2891528 | I12: =H12+真實IC!I12 -> 1.3254567 | J12: =I12+真實IC!J12 -> 1.3692413 | K12: =J12+真實IC!K12 -> 1.3984293 | ... EF12: =EE12+真實IC!EF12 -> 7.0469635
A13: 20 | B13: 48 | C13: =IF(預測IC!C13>預測IC!C$26,1,0) -> 0 | D13: =C13+真實IC!D13 -> 0.12374503 | E13: =D13+真實IC!E13 -> 0.19360659 | F13: =E13+真實IC!F13 -> 0.25359311 | G13: =F13+真實IC!G13 -> 0.26564052 | H13: =G13+真實IC!H13 -> 0.29563015 | I13: =H13+真實IC!I13 -> 0.32831301 | J13: =I13+真實IC!J13 -> 0.3628629 | K13: =J13+真實IC!K13 -> 0.42318904 | ... EF13: =EE13+真實IC!EF13 -> 7.1368387
A14: 50 | B14: 19 | C14: =IF(預測IC!C14>預測IC!C$26,1,0) -> 0 | D14: =C14+真實IC!D14 -> 0.22230845 | E14: =D14+真實IC!E14 -> 0.3210767 | F14: =E14+真實IC!F14 -> 0.3814186 | G14: =F14+真實IC!G14 -> 0.43507523 | H14: =G14+真實IC!H14 -> 0.49466304 | I14: =H14+真實IC!I14 -> 0.5384504 | J14: =I14+真實IC!J14 -> 0.56176037 | K14: =J14+真實IC!K14 -> 0.61258784 | ... EF14: =EE14+真實IC!EF14 -> 8.2391025
A15: 100 | B15: 10 | C15: =IF(預測IC!C15>預測IC!C$26,1,0) -> 0 | D15: =C15+真實IC!D15 -> 0.37270922 | E15: =D15+真實IC!E15 -> 0.4347549 | F15: =E15+真實IC!F15 -> 0.39983346 | G15: =F15+真實IC!G15 -> 0.43423738 | H15: =G15+真實IC!H15 -> 0.55308108 | I15: =H15+真實IC!I15 -> 0.61151253 | J15: =I15+真實IC!J15 -> 0.66147399 | K15: =J15+真實IC!K15 -> 0.75598879 | ... EF15: =EE15+真實IC!EF15 -> 9.5738235
A16: 107 | B16: 9 | C16: =IF(預測IC!C16>預測IC!C$26,1,0) -> 0 | D16: =C16+真實IC!D16 -> 0.40819498 | E16: =D16+真實IC!E16 -> 0.47320156 | F16: =E16+真實IC!F16 -> 0.39448608 | G16: =F16+真實IC!G16 -> 0.40263263 | H16: =G16+真實IC!H16 -> 0.47548069 | I16: =H16+真實IC!I16 -> 0.53301131 | J16: =I16+真實IC!J16 -> 0.57972124 | K16: =J16+真實IC!K16 -> 0.66614213 | ... EF16: =EE16+真實IC!EF16 -> 9.6942307
A17: 120 | B17: 8 | C17: =IF(預測IC!C17>預測IC!C$26,1,0) -> 0 | D17: =C17+真實IC!D17 -> 0.43958849 | E17: =D17+真實IC!E17 -> 0.51917834 | F17: =E17+真實IC!F17 -> 0.43842617 | G17: =F17+真實IC!G17 -> 0.54381325 | H17: =G17+真實IC!H17 -> 0.6488073 | I17: =H17+真實IC!I17 -> 0.76253233 | J17: =I17+真實IC!J17 -> 0.80439073 | K17: =J17+真實IC!K17 -> 0.9059508 | ... EF17: =EE17+真實IC!EF17 -> 10.023428
A18: 137 | B18: 7 | C18: =IF(預測IC!C18>預測IC!C$26,1,0) -> 0 | D18: =C18+真實IC!D18 -> 0.40188368 | E18: =D18+真實IC!E18 -> 0.45532303 | F18: =E18+真實IC!F18 -> 0.33594007 | G18: =F18+真實IC!G18 -> 0.44425644 | H18: =G18+真實IC!H18 -> 0.57279601 | I18: =H18+真實IC!I18 -> 0.70829619 | J18: =I18+真實IC!J18 -> 0.7517077 | K18: =J18+真實IC!K18 -> 0.88735559 | ... EF18: =EE18+真實IC!EF18 -> 11.04521
A19: 160 | B19: 6 | C19: =IF(預測IC!C19>預測IC!C$26,1,0) -> 0 | D19: =C19+真實IC!D19 -> 0.40752071 | E19: =D19+真實IC!E19 -> 0.47333492 | F19: =E19+真實IC!F19 -> 0.29564626 | G19: =F19+真實IC!G19 -> 0.39171223 | H19: =G19+真實IC!H19 -> 0.56932255 | I19: =H19+真實IC!I19 -> 0.70397688 | J19: =I19+真實IC!J19 -> 0.73940646 | K19: =J19+真實IC!K19 -> 0.97819588 | ... EF19: =EE19+真實IC!EF19 -> 10.908318
A20: 192 | B20: 5 | C20: =IF(預測IC!C20>預測IC!C$26,1,0) -> 1 | D20: =C20+真實IC!D20 -> 1.382025 | E20: =D20+真實IC!E20 -> 1.4393614 | F20: =E20+真實IC!F20 -> 1.2338301 | G20: =F20+真實IC!G20 -> 1.3510132 | H20: =G20+真實IC!H20 -> 1.4949455 | I20: =H20+真實IC!I20 -> 1.6530951 | J20: =I20+真實IC!J20 -> 1.6875664 | K20: =J20+真實IC!K20 -> 1.9022909 | ... EF20: =EE20+真實IC!EF20 -> 12.413303
A21: 241 | B21: 4 | C21: =IF(預測IC!C21>預測IC!C$26,1,0) -> 1 | D21: =C21+真實IC!D21 -> 1.1263879 | E21: =D21+真實IC!E21 -> 1.1126977 | F21: =E21+真實IC!F21 -> 0.92865916 | G21: =F21+真實IC!G21 -> 1.0725013 | H21: =G21+真實IC!H21 -> 1.2346654 | I21: =H21+真實IC!I21 -> 1.381921 | J21: =I21+真實IC!J21 -> 1.4423563 | K21: =J21+真實IC!K21 -> 1.6492364 | ... EF21: =EE21+真實IC!EF21 -> 12.684112
A22: 321 | B22: 3 | C22: =IF(預測IC!C22>預測IC!C$26,1,0) -> 1 | D22: =C22+真實IC!D22 -> 1.1424279 | E22: =D22+真實IC!E22 -> 1.1250728 | F22: =E22+真實IC!F22 -> 1.0572417 | G22: =F22+真實IC!G22 -> 1.1611261 | H22: =G22+真實IC!H22 -> 1.2853041 | I22: =H22+真實IC!I22 -> 1.4087973 | J22: =I22+真實IC!J22 -> 1.4613959 | K22: =J22+真實IC!K22 -> 1.7067618 | ... EF22: =EE22+真實IC!EF22 -> 13.125478
A23: 482 | B23: 2 | C23: =IF(預測IC!C23>預測IC!C$26,1,0) -> 1 | D23: =C23+真實IC!D23 -> 1.2540926 | E23: =D23+真實IC!E23 -> 1.3870978 | F23: =E23+真實IC!F23 -> 1.2047017 | G23: =F23+真實IC!G23 -> 1.1777302 | H23: =G23+真實IC!H23 -> 1.1595417 | I23: =H23+真實IC!I23 -> 1.3076937 | J23: =I23+真實IC!J23 -> 1.2095314 | K23: =J23+真實IC!K23 -> 1.352139 | ... EF23: =EE23+真實IC!EF23 -> 13.186599
A24: 964 | B24: 1 | C24: =IF(預測IC!C24>預測IC!C$26,1,0) -> 1 | D24: =C24+真實IC!D24 -> 1.1006099 | E24: =D24+真實IC!E24 -> 1.3851224 | F24: =E24+真實IC!F24 -> 1.1835767 | G24: =F24+真實IC!G24 -> 1.1609543 | H24: =G24+真實IC!H24 -> 1.1968101 | I24: =H24+真實IC!I24 -> 1.1946982 | J24: =I24+真實IC!J24 -> 1.094726 | K24: =J24+真實IC!K24 -> 1.1451703 | ... EF24: =EE24+真實IC!EF24 -> 15.915978
A25: 大盤 | B25: TWII | C25: -0.017446771 | D25: =C25+預測IC!D25 -> 0.00325429 | E25: =D25+預測IC!E25 -> 0.027236419 | F25: =E25+預測IC!F25 -> 0.02067884 | G25: =F25+預測IC!G25 -> 0.05252397 | H25: =G25+預測IC!H25 -> 0.086872503 | I25: =H25+預測IC!I25 -> 0.07861757 | J25: =I25+預測IC!J25 -> 0.091461094 | K25: =J25+預測IC!K25 -> 0.04044257 | ... EF25: =EE25+預測IC!EF25 -> 0.98470404

Sheet 預測(OLS)累積報酬
A1: OLS
B2: Time | C2: 2013/12 | D2: 2014/01 | E2: 2014/02 | F2: 2014/03 | G2: 2014/04 | H2: 2014/05 | I2: 2014/06 | J2: 2014/07 | K2: 2014/08 | L2: 2014/09 | M2: 2014/10 | N2: 2014/11 | O2: 2014/12 | P2: 2015/01 | Q2: 2015/02 | R2: 2015/03 | S2: 2015/04 | T2: 2015/05 | U2: 2015/06 | V2: 2015/07 | W2: 2015/08 | X2: 2015/09 | Y2: 2015/10 | Z2: 2015/11 | AA2: 2015/12 | AB2: 2016/01 | AC2: 2016/02 | AD2: 2016/03 | AE2: 2016/04 | AF2: 2016/05 | AG2: 2016/06 | AH2: 2016/07 | AI2: 2016/08 | AJ2: 2016/09 | AK2: 2016/10 | AL2: 2016/11 | AM2: 2016/12 | AN2: 2017/01 | AO2: 2017/02 | AP2: 2017/03 | AQ2: 2017/04 | AR2: 2017/05 | AS2: 2017/06 | AT2: 2017/07 | AU2: 2017/08 | AV2: 2017/09 | AW2: 2017/10 | AX2: 2017/11 | AY2: 2017/12 | AZ2: 2018/01 | BA2: 2018/02 | BB2: 2018/03 | BC2: 2018/04 | BD2: 2018/05 | BE2: 2018/06 | BF2: 2018/07 | BG2: 2018/08 | BH2: 2018/09 | BI2: 2018/10 | BJ2: 2018/11 | BK2: 2018/12 | BL2: 2019/01 | BM2: 2019/02 | BN2: 2019/03 | BO2: 2019/04 | BP2: 2019/05 | BQ2: 2019/06 | BR2: 2019/07 | BS2: 2019/08 | BT2: 2019/09 | BU2: 2019/10 | BV2: 2019/11 | BW2: 2019/12 | BX2: 2020/01 | BY2: 2020/02 | BZ2: 2020/03 | CA2: 2020/04 | CB2: 2020/05 | CC2: 2020/06 | CD2: 2020/07 | CE2: 2020/08 | CF2: 2020/09 | CG2: 2020/10 | CH2: 2020/11 | CI2: 2020/12 | CJ2: 2021/01 | CK2: 2021/02 | CL2: 2021/03 | CM2: 2021/04 | CN2: 2021/05 | CO2: 2021/06 | CP2: 2021/07 | CQ2: 2021/08 | CR2: 2021/09 | CS2: 2021/10 | CT2: 2021/11 | CU2: 2021/12 | CV2: 2022/01 | CW2: 2022/02 | CX2: 2022/03 | CY2: 2022/04 | CZ2: 2022/05 | DA2: 2022/06 | DB2: 2022/07 | DC2: 2022/08 | DD2: 2022/09 | DE2: 2022/10 | DF2: 2022/11 | DG2: 2022/12 | DH2: 2023/01 | DI2: 2023/02 | DJ2: 2023/03 | DK2: 2023/04 | DL2: 2023/05 | DM2: 2023/06 | DN2: 2023/07 | DO2: 2023/08 | DP2: 2023/09 | DQ2: 2023/10 | DR2: 2023/11 | DS2: 2023/12 | DT2: 2024/01 | DU2: 2024/02 | DV2: 2024/03 | DW2: 2024/04 | DX2: 2024/05 | DY2: 2024/06 | DZ2: 2024/07 | EA2: 2024/08 | EB2: 2024/09 | EC2: 2024/10 | ED2: 2024/11 | EE2: 2024/12 | EF2: 2025/01 | EG2: 2025/02
B3: bm | C3: 0.078798869 | D3: 0.17973309 | E3: 0.015489079 | F3: -0.022168251 | G3: -0.0081037288 | H3: -0.015401269 | I3: -0.19676559 | J3: 0.27883034 | K3: -0.0056931615 | L3: -0.047889749 | M3: -0.0052700848 | N3: -0.19106965 | O3: 0.31084678 | P3: 0.11377091 | Q3: -0.1230705 | R3: -0.11255849 | S3: 0.10466589 | T3: -0.14458477 | U3: -0.26280781 | V3: 0.0030188655 | W3: 0.1319604 | X3: -0.089415174 | Y3: 0.27906325 | Z3: 0.10308974 | AA3: 0.48637749 | AB3: -0.23481983 | AC3: 0.012096511 | AD3: 0.024631762 | AE3: -0.0056680955 | AF3: -0.056269213 | AG3: 0.12240493 | AH3: 0.043996775 | AI3: 0.16226839 | AJ3: 0.068930167 | AK3: 0.087359956 | AL3: 0.18738072 | AM3: 0.09683735 | AN3: 0.20757366 | AO3: 0.11797586 | AP3: -0.028503518 | AQ3: -0.21143964 | AR3: -0.032302566 | AS3: 0.14111009 | AT3: -0.034807512 | AU3: 0.044456114 | AV3: 0.021162739 | AW3: -0.174155 | AX3: 0.076317817 | AY3: 0.0090306432 | AZ3: 0.01663895 | BA3: 0.16049955 | BB3: -0.12374095 | BC3: 0.1567369 | BD3: 0.16688347 | BE3: -0.13147229 | BF3: 0.0099500133 | BG3: 0.31531124 | BH3: 0.27010118 | BI3: 0.056315449 | BJ3: -0.0024098169 | BK3: 0.079800376 | BL3: -0.023392394 | BM3: 0.09400894 | BN3: 0.017643906 | BO3: -0.14928794 | BP3: 0.041225941 | BQ3: -0.082741207 | BR3: 0.2134647 | BS3: -0.067985398 | BT3: 0.1443504 | BU3: 0.11377938 | BV3: 0.0056009583 | BW3: 0.11314664 | BX3: -0.090571157 | BY3: 0.11856974 | BZ3: -0.14071284 | CA3: 0.073472777 | CB3: -0.17102561 | CC3: 0.086731636 | CD3: 0.031267716 | CE3: 0.21879704 | CF3: -0.14159471 | CG3: 0.099731607 | CH3: 0.04530807 | CI3: 0.08944114 | CJ3: -0.39111281 | CK3: -0.10979117 | CL3: -0.043456184 | CM3: 0.18311247 | CN3: -0.39746168 | CO3: -0.096930226 | CP3: -0.09568205 | CQ3: 0.17197497 | CR3: 0.061939485 | CS3: -0.047664039 | CT3: -0.01047398 | CU3: -0.034400595 | CV3: -0.022584229 | CW3: 0.039676014 | CX3: -0.053904733 | CY3: 0.027221885 | CZ3: 0.098878435 | DA3: 0.31254073 | DB3: -0.15564613 | DC3: -0.18695853 | DD3: -0.16852286 | DE3: 0.16779761 | DF3: -0.091638386 | DG3: -0.075708963 | DH3: 0.0077960521 | DI3: -0.002550038 | DJ3: -0.068988363 | DK3: 0.046125319 | DL3: -0.0583377 | DM3: -0.070566062 | DN3: 0.028092871 | DO3: -0.070883392 | DP3: 0.1611314 | DQ3: 0.15474401 | DR3: -0.10742533 | DS3: 0.11284172 | DT3: -0.091401515 | DU3: -0.065441571 | DV3: -0.073758706 | DW3: 0.06615577 | DX3: 0.069417132 | DY3: -0.10299217 | DZ3: 0.2639134 | EA3: -0.089759101 | EB3: 0.19432477 | EC3: -0.03009712 | ED3: 0.028618295 | EE3: -0.087371805 | EF3: -0.020976445
B4: size | C4: -0.20373737 | D4: -0.19625335 | E4: -0.25415941 | F4: 0.046203751 | G4: 0.030789039 | H4: -0.051609232 | I4: 0.0011512725 | J4: 0.048762635 | K4: -0.1019818 | L4: -0.018321504 | M4: -0.054833735 | N4: -0.03014962 | O4: -0.18672651 | P4: 0.030188496 | Q4: 0.097889818 | R4: -0.093807845 | S4: 0.022756318 | T4: 0.073507176 | U4: 0.0068550643 | V4: -0.021638527 | W4: -0.0060385491 | X4: -0.16973076 | Y4: -0.2336531 | Z4: -0.0099981485 | AA4: -0.0024349472 | AB4: -0.16380782 | AC4: -0.065405588 | AD4: -0.053691935 | AE4: 0.04344601 | AF4: 0.080856157 | AG4: -0.10082002 | AH4: 0.11854849 | AI4: -0.086917583 | AJ4: -0.096714761 | AK4: 0.077115473 | AL4: 0.019375682 | AM4: -0.0066846435 | AN4: 0.01143272 | AO4: -0.044564576 | AP4: 0.079750638 | AQ4: -0.090693007 | AR4: 0.11443141 | AS4: 0.0822958 | AT4: 0.010311531 | AU4: -0.033710156 | AV4: -0.217699 | AW4: 0.05245717 | AX4: 0.013927468 | AY4: 0.10501071 | AZ4: 0.017528919 | BA4: -0.15432648 | BB4: -0.25246378 | BC4: -0.14987218 | BD4: -0.022774062 | BE4: -0.031425095 | BF4: 0.12327719 | BG4: -0.075330977 | BH4: -0.064736814 | BI4: 0.01821391 | BJ4: -0.15085089 | BK4: -0.058953203 | BL4: -0.047773781 | BM4: 0.020341806 | BN4: 0.040714107 | BO4: 0.045214639 | BP4: 0.083627121 | BQ4: 0.030825397 | BR4: -0.11545472 | BS4: -0.01926453 | BT4: -0.03411155 | BU4: -0.045269937 | BV4: 0.17197266 | BW4: -0.10029051 | BX4: -0.068044962 | BY4: -0.18269486 | BZ4: 0.08557402 | CA4: 0.0099907863 | CB4: 0.19801891 | CC4: -0.29446405 | CD4: -0.13184914 | CE4: -0.059049426 | CF4: -0.11382074 | CG4: 0.056476011 | CH4: -0.0047278812 | CI4: 0.084060043 | CJ4: 0.028605891 | CK4: -0.021960158 | CL4: -0.06787086 | CM4: 0.040070082 | CN4: 0.18816019 | CO4: 0.0023670177 | CP4: 0.019450901 | CQ4: -0.030616705 | CR4: -0.28761058 | CS4: -0.27901112 | CT4: 0.082166792 | CU4: -0.10449487 | CV4: 0.11174977 | CW4: -0.050011487 | CX4: 0.0592097 | CY4: -0.17471119 | CZ4: -0.13109687 | DA4: -0.22032572 | DB4: -0.051224389 | DC4: -0.14279359 | DD4: 0.10209048 | DE4: 0.044656291 | DF4: 0.056233136 | DG4: -0.14168227 | DH4: 0.15762567 | DI4: -0.062035902 | DJ4: -0.11967929 | DK4: -0.16369299 | DL4: 0.094429634 | DM4: 0.2337202 | DN4: 0.073797401 | DO4: -0.045812945 | DP4: -0.068308325 | DQ4: -0.16930629 | DR4: -0.12924368 | DS4: -0.073886793 | DT4: -0.20370624 | DU4: -0.054891501 | DV4: 0.012036946 | DW4: -0.0061300239 | DX4: -0.084900404 | DY4: 0.1000065 | DZ4: -0.13106024 | EA4: -0.19488078 | EB4: -0.31979832 | EC4: 0.049837268 | ED4: 0.05462776 | EE4: 0.12004648 | EF4: 0.24381116
B5: mom | C5: -0.20935792 | D5: -0.10736277 | E5: 0.52484761 | F5: 0.04683706 | G5: -0.21047143 | H5: 0.47441496 | I5: 0.14678499 | J5: -0.056231753 | K5: 0.27552846 | L5: -0.43004286 | M5: 0.32376775 | N5: -0.34824165 | O5: -0.097528912 | P5: 0.39546612 | Q5: 0.048467491 | R5: -0.098851332 | S5: 0.30579214 | T5: 0.072071946 | U5: -0.00047890409 | V5: -0.13936695 | W5: -0.39469013 | X5: -0.12947787 | Y5: -0.68127296 | Z5: -0.0041720387 | AA5: 0.018198047 | AB5: 0.20112166 | AC5: -0.089163225 | AD5: 0.14514146 | AE5: 0.074669148 | AF5: 0.17577042 | AG5: -0.30336041 | AH5: -0.34824991 | AI5: 0.25872372 | AJ5: -0.48889197 | AK5: 0.13254843 | AL5: -0.023789776 | AM5: 0.011752405 | AN5: -0.074933433 | AO5: 0.18446332 | AP5: 0.032348031 | AQ5: 0.15119843 | AR5: -0.09528311 | AS5: -0.12600437 | AT5: 0.15164479 | AU5: -0.20083705 | AV5: 0.078906368 | AW5: 0.00067935762 | AX5: 0.11229312 | AY5: -0.11805612 | AZ5: 0.20621977 | BA5: -0.039691919 | BB5: 0.08299594 | BC5: -0.13000543 | BD5: -0.10631616 | BE5: 0.1159334 | BF5: -0.28526227 | BG5: -0.15093334 | BH5: 0.0029199401 | BI5: 0.058126574 | BJ5: -0.25986983 | BK5: 0.18487945 | BL5: -0.26913173 | BM5: 0.17173819 | BN5: -0.18092216 | BO5: -0.063203738 | BP5: 0.0718675 | BQ5: -0.16861046 | BR5: -0.025447832 | BS5: 0.12442411 | BT5: 0.20772231 | BU5: -0.060051294 | BV5: -0.051700003 | BW5: -0.12680157 | BX5: -0.10582029 | BY5: 0.05360732 | BZ5: -0.034479447 | CA5: -0.020066211 | CB5: 0.084589607 | CC5: -0.11038366 | CD5: 0.32742329 | CE5: -0.014867197 | CF5: -0.14937325 | CG5: 0.16320028 | CH5: -0.069038325 | CI5: -0.11536215 | CJ5: -0.26301724 | CK5: 0.3789735 | CL5: -0.076383454 | CM5: 0.042833444 | CN5: -0.15161553 | CO5: 0.43716797 | CP5: -0.0041833928 | CQ5: -0.49935244 | CR5: 0.33985704 | CS5: -0.18988697 | CT5: 0.22461975 | CU5: -0.25171771 | CV5: -0.060587944 | CW5: 0.21087706 | CX5: 0.2501615 | CY5: -0.52413354 | CZ5: 0.82161831 | DA5: -0.17652298 | DB5: 0.13115958 | DC5: 0.17573665 | DD5: -0.42083892 | DE5: -0.22797242 | DF5: -0.33715974 | DG5: -0.4440037 | DH5: -0.042932794 | DI5: 0.30896916 | DJ5: -0.28669248 | DK5: 0.84621249 | DL5: -0.16924034 | DM5: -0.43945017 | DN5: 0.74751337 | DO5: -0.39996426 | DP5: -0.044863264 | DQ5: -0.5886343 | DR5: -0.0065627469 | DS5: -0.19878519 | DT5: 0.41321178 | DU5: -0.17065403 | DV5: 0.68828032 | DW5: 0.040806005 | DX5: -0.19993472 | DY5: 0.56631421 | DZ5: 0.4736288 | EA5: 0.095444978 | EB5: -1.0763609 | EC5: -0.13610629 | ED5: -0.27349656 | EE5: 0.60134859 | EF5: 0.0067468791
A6: 選絕對值最大 | C6: {=MATCH(MAX(ABS(C3:C5)), ABS(C3:C5), 0)} -> 3 | D6: {=MATCH(MAX(ABS(D3:D5)), ABS(D3:D5), 0)} -> 2 | E6: {=MATCH(MAX(ABS(E3:E5)), ABS(E3:E5), 0)} -> 3 | F6: {=MATCH(MAX(ABS(F3:F5)), ABS(F3:F5), 0)} -> 3 | G6: {=MATCH(MAX(ABS(G3:G5)), ABS(G3:G5), 0)} -> 3 | H6: {=MATCH(MAX(ABS(H3:H5)), ABS(H3:H5), 0)} -> 3 | I6: {=MATCH(MAX(ABS(I3:I5)), ABS(I3:I5), 0)} -> 1 | J6: {=MATCH(MAX(ABS(J3:J5)), ABS(J3:J5), 0)} -> 1 | ... EG6: {=MATCH(MAX(ABS(EG3:EG5)), ABS(EG3:EG5), 0)} -> 1
C7: =IF(C6=1,"bm",IF(C6=2,"size",IF(C6=3,"mom"))) -> mom | D7: =IF(D6=1,"bm",IF(D6=2,"size",IF(D6=3,"mom"))) -> size | E7: =IF(E6=1,"bm",IF(E6=2,"size",IF(E6=3,"mom"))) -> mom | F7: =IF(F6=1,"bm",IF(F6=2,"size",IF(F6=3,"mom"))) -> mom | G7: =IF(G6=1,"bm",IF(G6=2,"size",IF(G6=3,"mom"))) -> mom | H7: =IF(H6=1,"bm",IF(H6=2,"size",IF(H6=3,"mom"))) -> mom | I7: =IF(I6=1,"bm",IF(I6=2,"size",IF(I6=3,"mom"))) -> bm | J7: =IF(J6=1,"bm",IF(J6=2,"size",IF(J6=3,"mom"))) -> bm | ... EG7: =IF(EG6=1,"bm",IF(EG6=2,"size",IF(EG6=3,"mom"))) -> bm
C8: =IF(C6=1,C3,IF(C6=2,C4,IF(C6=3,C5))) -> -0.20935792 | D8: =IF(D6=1,D3,IF(D6=2,D4,IF(D6=3,D5))) -> -0.19625335 | E8: =IF(E6=1,E3,IF(E6=2,E4,IF(E6=3,E5))) -> 0.52484761 | F8: =IF(F6=1,F3,IF(F6=2,F4,IF(F6=3,F5))) -> 0.04683706 | G8: =IF(G6=1,G3,IF(G6=2,G4,IF(G6=3,G5))) -> -0.21047143 | H8: =IF(H6=1,H3,IF(H6=2,H4,IF(H6=3,H5))) -> 0.47441496 | I8: =IF(I6=1,I3,IF(I6=2,I4,IF(I6=3,I5))) -> -0.19676559 | J8: =IF(J6=1,J3,IF(J6=2,J4,IF(J6=3,J5))) -> 0.27883034 | ... EG8: =IF(EG6=1,EG3,IF(EG6=2,EG4,IF(EG6=3,EG5))) -> 0
A10: 投資組合 | C10: 公司數 | D10: 964
A11: 家數 | B11: 等第 | C11: 2014/01 | D11: 2014/02 | E11: 2014/03 | F11: 2014/04 | G11: 2014/05 | H11: 2014/06 | I11: 2014/07 | J11: 2014/08 | K11: 2014/09 | L11: 2014/10 | M11: 2014/11 | N11: 2014/12 | O11: 2015/01 | P11: 2015/02 | Q11: 2015/03 | R11: 2015/04 | S11: 2015/05 | T11: 2015/06 | U11: 2015/07 | V11: 2015/08 | W11: 2015/09 | X11: 2015/10 | Y11: 2015/11 | Z11: 2015/12 | AA11: 2016/01 | AB11: 2016/02 | AC11: 2016/03 | AD11: 2016/04 | AE11: 2016/05 | AF11: 2016/06 | AG11: 2016/07 | AH11: 2016/08 | AI11: 2016/09 | AJ11: 2016/10 | AK11: 2016/11 | AL11: 2016/12 | AM11: 2017/01 | AN11: 2017/02 | AO11: 2017/03 | AP11: 2017/04 | AQ11: 2017/05 | AR11: 2017/06 | AS11: 2017/07 | AT11: 2017/08 | AU11: 2017/09 | AV11: 2017/10 | AW11: 2017/11 | AX11: 2017/12 | AY11: 2018/01 | AZ11: 2018/02 | BA11: 2018/03 | BB11: 2018/04 | BC11: 2018/05 | BD11: 2018/06 | BE11: 2018/07 | BF11: 2018/08 | BG11: 2018/09 | BH11: 2018/10 | BI11: 2018/11 | BJ11: 2018/12 | BK11: 2019/01 | BL11: 2019/02 | BM11: 2019/03 | BN11: 2019/04 | BO11: 2019/05 | BP11: 2019/06 | BQ11: 2019/07 | BR11: 2019/08 | BS11: 2019/09 | BT11: 2019/10 | BU11: 2019/11 | BV11: 2019/12 | BW11: 2020/01 | BX11: 2020/02 | BY11: 2020/03 | BZ11: 2020/04 | CA11: 2020/05 | CB11: 2020/06 | CC11: 2020/07 | CD11: 2020/08 | CE11: 2020/09 | CF11: 2020/10 | CG11: 2020/11 | CH11: 2020/12 | CI11: 2021/01 | CJ11: 2021/02 | CK11: 2021/03 | CL11: 2021/04 | CM11: 2021/05 | CN11: 2021/06 | CO11: 2021/07 | CP11: 2021/08 | CQ11: 2021/09 | CR11: 2021/10 | CS11: 2021/11 | CT11: 2021/12 | CU11: 2022/01 | CV11: 2022/02 | CW11: 2022/03 | CX11: 2022/04 | CY11: 2022/05 | CZ11: 2022/06 | DA11: 2022/07 | DB11: 2022/08 | DC11: 2022/09 | DD11: 2022/10 | DE11: 2022/11 | DF11: 2022/12 | DG11: 2023/01 | DH11: 2023/02 | DI11: 2023/03 | DJ11: 2023/04 | DK11: 2023/05 | DL11: 2023/06 | DM11: 2023/07 | DN11: 2023/08 | DO11: 2023/09 | DP11: 2023/10 | DQ11: 2023/11 | DR11: 2023/12 | DS11: 2024/01 | DT11: 2024/02 | DU11: 2024/03 | DV11: 2024/04 | DW11: 2024/05 | DX11: 2024/06 | DY11: 2024/07 | DZ11: 2024/08 | EA11: 2024/09 | EB11: 2024/10 | EC11: 2024/11 | ED11: 2024/12 | EE11: 2025/01 | EF11: 2025/02
A12: 96 | B12: 10等分 | C12: 0.014499247 | D12: =C12+預測IC!D12 -> 0.12918788 | E12: =D12+預測IC!E12 -> 0.12779415 | F12: =E12+預測IC!F12 -> 0.071834767 | G12: =F12+預測IC!G12 -> 0.039887318 | H12: =G12+預測IC!H12 -> 0.049486577 | I12: =H12+預測IC!I12 -> 0.01318264 | J12: =I12+預測IC!J12 -> 0.056967218 | K12: =J12+預測IC!K12 -> 0.086155217 | ... EF12: =EE12+預測IC!EF12 -> 0.45714892
A13: 48 | B13: 20等分 | C13: -0.0074773642 | D13: =C13+預測IC!D13 -> 0.11626766 | E13: =D13+預測IC!E13 -> 0.11074404 | F13: =E13+預測IC!F13 -> 0.050757511 | G13: =F13+預測IC!G13 -> 0.038710107 | H13: =G13+預測IC!H13 -> 0.056098494 | I13: =H13+預測IC!I13 -> 0.023415631 | J13: =I13+預測IC!J13 -> 0.057965523 | K13: =J13+預測IC!K13 -> 0.11829166 | ... EF13: =EE13+預測IC!EF13 -> 0.76413156
A14: 19 | B14: 50等分 | C14: -0.033228978 | D14: =C14+預測IC!D14 -> 0.18907947 | E14: =D14+預測IC!E14 -> 0.14115872 | F14: =E14+預測IC!F14 -> 0.08081682 | G14: =F14+預測IC!G14 -> 0.02716019 | H14: =G14+預測IC!H14 -> 0.015651929 | I14: =H14+預測IC!I14 -> -0.028135431 | J14: =I14+預測IC!J14 -> -0.0048254592 | K14: =J14+預測IC!K14 -> 0.046002007 | ... EF14: =EE14+預測IC!EF14 -> 0.38409163
A15: 10 | B15: 100等分 | C15: -0.036350225 | D15: =C15+預測IC!D15 -> 0.33635899 | E15: =D15+預測IC!E15 -> 0.24101438 | F15: =E15+預測IC!F15 -> 0.27593582 | G15: =F15+預測IC!G15 -> 0.2415319 | H15: =G15+預測IC!H15 -> 0.24028817 | I15: =H15+預測IC!I15 -> 0.18185673 | J15: =I15+預測IC!J15 -> 0.2318182 | K15: =J15+預測IC!K15 -> 0.32633299 | ... EF15: =EE15+預測IC!EF15 -> 1.0366354
A16: 9 | B16: 107等分 | C16: -0.03943539 | D16: =C16+預測IC!D16 -> 0.36875959 | E16: =D16+預測IC!E16 -> 0.28205542 | F16: =E16+預測IC!F16 -> 0.36077089 | G16: =F16+預測IC!G16 -> 0.35262434 | H16: =G16+預測IC!H16 -> 0.35197499 | I16: =H16+預測IC!I16 -> 0.29444437 | J16: =I16+預測IC!J16 -> 0.3411543 | K16: =J16+預測IC!K16 -> 0.42757519 | ... EF16: =EE16+預測IC!EF16 -> 1.1012798
A17: 8 | B17: 120等分 | C17: -0.038913469 | D17: =C17+預測IC!D17 -> 0.40067502 | E17: =D17+預測IC!E17 -> 0.30400391 | F17: =E17+預測IC!F17 -> 0.38475607 | G17: =F17+預測IC!G17 -> 0.279369 | H17: =G17+預測IC!H17 -> 0.28731186 | I17: =H17+預測IC!I17 -> 0.17358683 | J17: =I17+預測IC!J17 -> 0.21544522 | K17: =J17+預測IC!K17 -> 0.3170053 | ... EF17: =EE17+預測IC!EF17 -> 0.93746075
A18: 7 | B18: 137等分 | C18: -0.059146798 | D18: =C18+預測IC!D18 -> 0.34273688 | E18: =D18+預測IC!E18 -> 0.24226126 | F18: =E18+預測IC!F18 -> 0.36164422 | G18: =F18+預測IC!G18 -> 0.25332785 | H18: =G18+預測IC!H18 -> 0.26195008 | I18: =H18+預測IC!I18 -> 0.12644989 | J18: =I18+預測IC!J18 -> 0.16986141 | K18: =J18+預測IC!K18 -> 0.3055093 | ... EF18: =EE18+預測IC!EF18 -> 1.0640807
A19: 6 | B19: 160等分 | C19: -0.07386193 | D19: =C19+預測IC!D19 -> 0.33365878 | E19: =D19+預測IC!E19 -> 0.1930751 | F19: =E19+預測IC!F19 -> 0.37076377 | G19: =F19+預測IC!G19 -> 0.27469779 | H19: =G19+預測IC!H19 -> 0.26262901 | I19: =H19+預測IC!I19 -> 0.12797467 | J19: =I19+預測IC!J19 -> 0.16340426 | K19: =J19+預測IC!K19 -> 0.40219367 | ... EF19: =EE19+預測IC!EF19 -> 1.4446336
A20: 5 | B20: 192等分 | C20: 0.011241332 | D20: =C20+預測IC!D20 -> 0.39326635 | E20: =D20+預測IC!E20 -> 0.24714145 | F20: =E20+預測IC!F20 -> 0.45267271 | G20: =F20+預測IC!G20 -> 0.33548957 | H20: =G20+預測IC!H20 -> 0.3470726 | I20: =H20+預測IC!I20 -> 0.18892303 | J20: =I20+預測IC!J20 -> 0.22339429 | K20: =J20+預測IC!K20 -> 0.4381188 | ... EF20: =EE20+預測IC!EF20 -> 1.3195944
A21: 4 | B21: 241等分 | C21: 0.010384834 | D21: =C21+預測IC!D21 -> 0.13677275 | E21: =D21+預測IC!E21 -> 0.093055196 | F21: =E21+預測IC!F21 -> 0.27709378 | G21: =F21+預測IC!G21 -> 0.13325163 | H21: =G21+預測IC!H21 -> 0.09540755 | I21: =H21+預測IC!I21 -> -0.051848058 | J21: =I21+預測IC!J21 -> 0.0085872674 | K21: =J21+預測IC!K21 -> 0.21546729 | ... EF21: =EE21+預測IC!EF21 -> 1.7729404
A22: 3 | B22: 321等分 | C22: 0.025922327 | D22: =C22+預測IC!D22 -> 0.16835018 | E22: =D22+預測IC!E22 -> 0.14611977 | F22: =E22+預測IC!F22 -> 0.21395083 | G22: =F22+預測IC!G22 -> 0.11006646 | H22: =G22+預測IC!H22 -> -0.11973908 | I22: =H22+預測IC!I22 -> -0.24323225 | J22: =I22+預測IC!J22 -> -0.19063366 | K22: =J22+預測IC!K22 -> 0.054732252 | ... EF22: =EE22+預測IC!EF22 -> 1.158251
A23: 2 | B23: 482等分 | C23: 0.031325685 | D23: =C23+預測IC!D23 -> 0.28541831 | E23: =D23+預測IC!E23 -> 0.27035672 | F23: =E23+預測IC!F23 -> 0.4527528 | G23: =F23+預測IC!G23 -> 0.47972437 | H23: =G23+預測IC!H23 -> 0.21691413 | I23: =H23+預測IC!I23 -> 0.068762098 | J23: =I23+預測IC!J23 -> -0.029400193 | K23: =J23+預測IC!K23 -> 0.11320738 | ... EF23: =EE23+預測IC!EF23 -> 0.49590742
A24: 1 | B24: 964等分 | C24: 0.027766967 | D24: =C24+預測IC!D24 -> 0.12837688 | E24: =D24+預測IC!E24 -> 0.21025721 | F24: =E24+預測IC!F24 -> 0.41180293 | G24: =F24+預測IC!G24 -> 0.43442532 | H24: =G24+預測IC!H24 -> 0.083603131 | I24: =H24+預測IC!I24 -> 0.085715064 | J24: =I24+預測IC!J24 -> -0.014257129 | K24: =J24+預測IC!K24 -> 0.036187207 | ... EF24: =EE24+預測IC!EF24 -> -1.4745472
A25: 大盤 | B25: TWII | C25: -0.017446771 | D25: =C25+預測IC!D25 -> 0.00325429 | E25: =D25+預測IC!E25 -> 0.027236419 | F25: =E25+預測IC!F25 -> 0.02067884 | G25: =F25+預測IC!G25 -> 0.05252397 | H25: =G25+預測IC!H25 -> 0.086872503 | I25: =H25+預測IC!I25 -> 0.07861757 | J25: =I25+預測IC!J25 -> 0.091461094 | K25: =J25+預測IC!K25 -> 0.04044257 | ... EF25: =EE25+預測IC!EF25 -> 0.98470404

Sheet 畫圖(真實)
A1: REAL
B2: Time | C2: 2013/12 | D2: 2014/01 | E2: 2014/02 | F2: 2014/03 | G2: 2014/04 | H2: 2014/05 | I2: 2014/06 | J2: 2014/07 | K2: 2014/08 | L2: 2014/09 | M2: 2014/10 | N2: 2014/11 | O2: 2014/12 | P2: 2015/01 | Q2: 2015/02 | R2: 2015/03 | S2: 2015/04 | T2: 2015/05 | U2: 2015/06 | V2: 2015/07 | W2: 2015/08 | X2: 2015/09 | Y2: 2015/10 | Z2: 2015/11 | AA2: 2015/12 | AB2: 2016/01 | AC2: 2016/02 | AD2: 2016/03 | AE2: 2016/04 | AF2: 2016/05 | AG2: 2016/06 | AH2: 2016/07 | AI2: 2016/08 | AJ2: 2016/09 | AK2: 2016/10 | AL2: 2016/11 | AM2: 2016/12 | AN2: 2017/01 | AO2: 2017/02 | AP2: 2017/03 | AQ2: 2017/04 | AR2: 2017/05 | AS2: 2017/06 | AT2: 2017/07 | AU2: 2017/08 | AV2: 2017/09 | AW2: 2017/10 | AX2: 2017/11 | AY2: 2017/12 | AZ2: 2018/01 | BA2: 2018/02 | BB2: 2018/03 | BC2: 2018/04 | BD2: 2018/05 | BE2: 2018/06 | BF2: 2018/07 | BG2: 2018/08 | BH2: 2018/09 | BI2: 2018/10 | BJ2: 2018/11 | BK2: 2018/12 | BL2: 2019/01 | BM2: 2019/02 | BN2: 2019/03 | BO2: 2019/04 | BP2: 2019/05 | BQ2: 2019/06 | BR2: 2019/07 | BS2: 2019/08 | BT2: 2019/09 | BU2: 2019/10 | BV2: 2019/11 | BW2: 2019/12 | BX2: 2020/01 | BY2: 2020/02 | BZ2: 2020/03 | CA2: 2020/04 | CB2: 2020/05 | CC2: 2020/06 | CD2: 2020/07 | CE2: 2020/08 | CF2: 2020/09 | CG2: 2020/10 | CH2: 2020/11 | CI2: 2020/12 | CJ2: 2021/01 | CK2: 2021/02 | CL2: 2021/03 | CM2: 2021/04 | CN2: 2021/05 | CO2: 2021/06 | CP2: 2021/07 | CQ2: 2021/08 | CR2: 2021/09 | CS2: 2021/10 | CT2: 2021/11 | CU2: 2021/12 | CV2: 2022/01 | CW2: 2022/02 | CX2: 2022/03 | CY2: 2022/04 | CZ2: 2022/05 | DA2: 2022/06 | DB2: 2022/07 | DC2: 2022/08 | DD2: 2022/09 | DE2: 2022/10 | DF2: 2022/11 | DG2: 2022/12 | DH2: 2023/01 | DI2: 2023/02 | DJ2: 2023/03 | DK2: 2023/04 | DL2: 2023/05 | DM2: 2023/06 | DN2: 2023/07 | DO2: 2023/08 | DP2: 2023/09 | DQ2: 2023/10 | DR2: 2023/11 | DS2: 2023/12 | DT2: 2024/01 | DU2: 2024/02 | DV2: 2024/03 | DW2: 2024/04 | DX2: 2024/05 | DY2: 2024/06 | DZ2: 2024/07 | EA2: 2024/08 | EB2: 2024/09 | EC2: 2024/10 | ED2: 2024/11 | EE2: 2024/12 | EF2: 2025/01
B3: bm | C3: 0.10910583 | D3: 0.01457658 | E3: -0.0361544 | F3: -0.0047426 | G3: -0.0057478 | H3: 0.04937802 | I3: 0.18325177 | J3: 0.11648631 | K3: -0.0305949 | L3: 0.01982805 | M3: -0.020999 | N3: 0.14977942 | O3: 0.01546341 | P3: -0.0917923 | Q3: -0.077409 | R3: 0.0547766 | S3: -0.1253344 | T3: -0.1190534 | U3: -0.0377701 | V3: 0.08118382 | W3: 0.08400897 | X3: 0.14701136 | Y3: -0.1253605 | Z3: 0.19195355 | AA3: -0.0843708 | AB3: 0.07289761 | AC3: 0.10260456 | AD3: 0.01577017 | AE3: -0.1520072 | AF3: 0.05925025 | AG3: 0.13005884 | AH3: 0.1152564 | AI3: 0.03260662 | AJ3: 0.02799911 | AK3: 0.14657042 | AL3: 0.04084192 | AM3: 0.13137637 | AN3: 0.22143296 | AO3: -0.020941 | AP3: -0.13716 | AQ3: -0.0248829 | AR3: 0.01551397 | AS3: 0.03437304 | AT3: 0.06309569 | AU3: 0.0432377 | AV3: -0.0742304 | AW3: 0.02799483 | AX3: 0.11986442 | AY3: 0.07655957 | AZ3: -0.0217304 | BA3: -0.0012465 | BB3: 0.10099582 | BC3: 0.02982693 | BD3: 0.00867577 | BE3: 0.06855721 | BF3: 0.1569126 | BG3: 0.15920373 | BH3: 0.06112167 | BI3: 0.09691285 | BJ3: -0.0547462 | BK3: -0.087493 | BL3: 0.09442675 | BM3: -0.0221911 | BN3: 0.01562861 | BO3: 0.08141824 | BP3: -0.0185089 | BQ3: 0.06872957 | BR3: 0.00310236 | BS3: 0.07496442 | BT3: 0.04520159 | BU3: 0.02567733 | BV3: 0.09180403 | BW3: -0.026354 | BX3: 0.01939483 | BY3: -0.0768389 | BZ3: 0.11330931 | CA3: -0.1073549 | CB3: 0.04084479 | CC3: -0.0198017 | CD3: 0.18837709 | CE3: 0.05557491 | CF3: 0.07487207 | CG3: 0.10000019 | CH3: 0.13602172 | CI3: -0.093741 | CJ3: 0.0039306 | CK3: 0.05650778 | CL3: 0.26354578 | CM3: -0.0095554 | CN3: -0.0315119 | CO3: -0.022619 | CP3: 0.13265561 | CQ3: 0.13307278 | CR3: -0.0149564 | CS3: -0.0334199 | CT3: 0.01228121 | CU3: 0.11681498 | CV3: -0.0031589 | CW3: 0.03821776 | CX3: 0.13917409 | CY3: -0.0237123 | CZ3: 0.21835291 | DA3: -0.0579674 | DB3: -0.0141042 | DC3: 0.11395608 | DD3: 0.07447226 | DE3: -0.0008997 | DF3: 0.00097707 | DG3: -0.0729801 | DH3: -0.0238453 | DI3: -0.1015307 | DJ3: 0.02769254 | DK3: -0.0493352 | DL3: -0.0056994 | DM3: -0.0369818 | DN3: 0.10981299 | DO3: 0.04203683 | DP3: 0.08456667 | DQ3: -0.1102798 | DR3: 0.09432871 | DS3: -0.0719069 | DT3: -0.0962364 | DU3: 0.00234555 | DV3: 0.13401742 | DW3: 0.09473252 | DX3: -0.1037732 | DY3: 0.07576215 | DZ3: -0.0318297 | EA3: 0.16130802 | EB3: 0.01020353 | EC3: 0.07398843 | ED3: -0.1573769 | EE3: 0.07913755 | EF3: 0.07252855 | EG3: =CORREL([1]bm補值!EG$2:EG$972,[1]下個月月報酬補值!EG$2:EG$972) -> 0.14231066
B4: size | C4: -0.2475887 | D4: -0.2746933 | E4: -0.0846484 | F4: 0.02264463 | G4: -0.04968 | H4: -0.1007596 | I4: -0.0125227 | J4: 0.07873654 | K4: -0.0341851 | L4: 0.08840679 | M4: -0.0030635 | N4: -0.212218 | O4: -0.0368054 | P4: 0.07103312 | Q4: -0.0712611 | R4: 0.02156045 | S4: 0.10111126 | T4: 0.04322473 | U4: 0.01488195 | V4: 0.00632602 | W4: -0.143553 | X4: -0.0642822 | Y4: -0.0190342 | Z4: -0.0206446 | AA4: 0.03305953 | AB4: -0.0194182 | AC4: -0.0631268 | AD4: -0.0656297 | AE4: 0.13799568 | AF4: -0.1005679 | AG4: -0.0379691 | AH4: -0.0458395 | AI4: -0.0510341 | AJ4: -0.0032204 | AK4: 0.00048952 | AL4: -0.1064467 | AM4: -0.013724 | AN4: -0.1219647 | AO4: -0.0485897 | AP4: -0.0019032 | AQ4: 0.02906749 | AR4: 0.05263577 | AS4: -0.0128933 | AT4: -0.0021311 | AU4: -0.1553844 | AV4: 0.01268178 | AW4: -0.0119423 | AX4: -0.0042538 | AY4: 0.02930087 | AZ4: -0.1341275 | BA4: -0.1371115 | BB4: 0.00175466 | BC4: 0.02511712 | BD4: -0.1196019 | BE4: 0.13576165 | BF4: 0.04709117 | BG4: -0.0260501 | BH4: 0.04375276 | BI4: -0.0813918 | BJ4: -0.1006008 | BK4: 0.09049007 | BL4: -0.0308985 | BM4: 0.05881417 | BN4: 0.08134563 | BO4: -0.0077164 | BP4: 0.10673487 | BQ4: -0.0271563 | BR4: -0.054431 | BS4: -0.0682293 | BT4: 0.09861222 | BU4: 0.12839854 | BV4: -0.0784025 | BW4: -0.1191337 | BX4: -0.0468901 | BY4: 0.10169835 | BZ4: -0.0256801 | CA4: -0.0833018 | CB4: -0.1578276 | CC4: -0.0710526 | CD4: -0.0738755 | CE4: -0.2367865 | CF4: 0.03262771 | CG4: 0.01342309 | CH4: -0.0027967 | CI4: 0.0479257 | CJ4: -0.003252 | CK4: -0.0757082 | CL4: -0.0443973 | CM4: 0.17898859 | CN4: 0.05799427 | CO4: -0.1393902 | CP4: 0.06471467 | CQ4: -0.1811879 | CR4: -0.0886335 | CS4: -0.0253218 | CT4: -0.1130791 | CU4: 0.00809596 | CV4: -0.0452002 | CW4: -0.0589412 | CX4: -0.1077283 | CY4: -0.0965035 | CZ4: -0.2103543 | DA4: -0.1099611 | DB4: -0.1908205 | DC4: -0.0207273 | DD4: 0.08702909 | DE4: 0.08202459 | DF4: -0.1668767 | DG4: 0.22243809 | DH4: -0.1442978 | DI4: -0.1196199 | DJ4: -0.1015928 | DK4: 0.09285506 | DL4: -0.0426305 | DM4: 0.08273207 | DN4: -0.0310495 | DO4: -0.098142 | DP4: -0.1305889 | DQ4: 0.04865572 | DR4: -0.0392519 | DS4: -0.1610302 | DT4: -0.078884 | DU4: 0.16407715 | DV4: 0.00750526 | DW4: -0.1016452 | DX4: -0.0560403 | DY4: -0.1066567 | DZ4: -0.0691866 | EA4: -0.1261887 | EB4: -0.0647371 | EC4: 0.05142609 | ED4: 0.03449673 | EE4: 0.1576776 | EF4: -0.12718 | EG4: =CORREL([2]size補值!EG$2:EG$965,[2]下個月月報酬補值!EG$2:EG$965) -> -0.15895949
B5: mom | C5: -0.05424 | D5: 0.045377 | E5: -0.01775 | F5: -0.08769 | G5: 0.102759 | H5: 0.002511 | I5: -0.0183 | J5: 0.022111 | K5: 0.077258 | L5: 0.009344 | M5: 0.053602 | N5: -0.06788 | O5: 0.06493 | P5: 0.004881 | Q5: 0.019198 | R5: -0.00547 | S5: 0.036551 | T5: 0.129185 | U5: 0.013692 | V5: 0.015295 | W5: -0.10469 | X5: -0.29385 | Y5: 0.059212 | Z5: -0.18495 | AA5: 0.098247 | AB5: -0.00066 | AC5: -0.10369 | AD5: 0.003545 | AE5: 0.175601 | AF5: -0.15503 | AG5: -0.02633 | AH5: -0.005 | AI5: 0.028068 | AJ5: -0.02238 | AK5: -0.04702 | AL5: -0.10156 | AM5: 0.023525 | AN5: 0.052525 | AO5: 0.058503 | AP5: 0.033447 | AQ5: 0.0143 | AR5: 0.035904 | AS5: 0.039782 | AT5: 0.148456 | AU5: -0.04079 | AV5: 0.138959 | AW5: 0.059863 | AX5: -0.14979 | AY5: 0.061596 | AZ5: -0.06195 | BA5: -0.00239 | BB5: -0.14887 | BC5: 0.060351 | BD5: -0.01469 | BE5: -0.14652 | BF5: -0.20876 | BG5: -0.20144 | BH5: -0.11805 | BI5: -0.07703 | BJ5: -0.03622 | BK5: -0.01891 | BL5: -0.17126 | BM5: 0.132917 | BN5: -0.03591 | BO5: 0.021345 | BP5: 0.049635 | BQ5: -0.01721 | BR5: 0.189827 | BS5: -0.09761 | BT5: 0.037831 | BU5: 0.056008 | BV5: -0.11674 | BW5: -0.14132 | BX5: -0.00338 | BY5: 0.130336 | BZ5: 0.031698 | CA5: 0.040555 | CB5: -0.04204 | CC5: 0.050014 | CD5: -0.06846 | CE5: -0.08083 | CF5: -0.00195 | CG5: -0.11821 | CH5: -0.03672 | CI5: -0.08333 | CJ5: 0.230673 | CK5: 0.132779 | CL5: 0.141287 | CM5: -0.11269 | CN5: 0.223489 | CO5: -0.10442 | CP5: -0.01443 | CQ5: -0.20723 | CR5: -0.13486 | CS5: 0.073008 | CT5: -0.03022 | CU5: -0.28689 | CV5: 0.230731 | CW5: 0.091076 | CX5: -0.12249 | CY5: 0.078382 | CZ5: -0.04595 | DA5: 0.08267 | DB5: 0.149349 | DC5: -0.0478 | DD5: -0.16451 | DE5: -0.11057 | DF5: 0.057417 | DG5: -0.21489 | DH5: 0.062997 | DI5: 0.067721 | DJ5: 0.118802 | DK5: 0.007283 | DL5: 0.071321 | DM5: 0.021022 | DN5: -0.0304 | DO5: -0.09695 | DP5: -0.23068 | DQ5: 0.238184 | DR5: 0.003575 | DS5: 0.133956 | DT5: 0.115106 | DU5: 0.10408 | DV5: -0.05461 | DW5: -0.03329 | DX5: 0.055095 | DY5: 0.068794 | DZ5: 0.014481 | EA5: -0.29314 | EB5: -0.14098 | EC5: -0.01221 | ED5: 0.058168 | EE5: -0.1444 | EF5: -0.09701
A6: 選絕對值最大 | C6: {=MATCH(MAX(ABS(C3:C5)), ABS(C3:C5), 0)} -> 2 | D6: {=MATCH(MAX(ABS(D3:D5)), ABS(D3:D5), 0)} -> 2 | E6: {=MATCH(MAX(ABS(E3:E5)), ABS(E3:E5), 0)} -> 2 | F6: {=MATCH(MAX(ABS(F3:F5)), ABS(F3:F5), 0)} -> 3 | G6: {=MATCH(MAX(ABS(G3:G5)), ABS(G3:G5), 0)} -> 3 | H6: {=MATCH(MAX(ABS(H3:H5)), ABS(H3:H5), 0)} -> 2 | I6: {=MATCH(MAX(ABS(I3:I5)), ABS(I3:I5), 0)} -> 1 | J6: {=MATCH(MAX(ABS(J3:J5)), ABS(J3:J5), 0)} -> 1 | ... EG6: {=MATCH(MAX(ABS(EG3:EG5)), ABS(EG3:EG5), 0)} -> 2
C7: =IF(C6=1,"bm",IF(C6=2,"size",IF(C6=3,"mom"))) -> size | D7: =IF(D6=1,"bm",IF(D6=2,"size",IF(D6=3,"mom"))) -> size | E7: =IF(E6=1,"bm",IF(E6=2,"size",IF(E6=3,"mom"))) -> size | F7: =IF(F6=1,"bm",IF(F6=2,"size",IF(F6=3,"mom"))) -> mom | G7: =IF(G6=1,"bm",IF(G6=2,"size",IF(G6=3,"mom"))) -> mom | H7: =IF(H6=1,"bm",IF(H6=2,"size",IF(H6=3,"mom"))) -> size | I7: =IF(I6=1,"bm",IF(I6=2,"size",IF(I6=3,"mom"))) -> bm | J7: =IF(J6=1,"bm",IF(J6=2,"size",IF(J6=3,"mom"))) -> bm | ... EG7: =IF(EG6=1,"bm",IF(EG6=2,"size",IF(EG6=3,"mom"))) -> size
C8: =IF(C6=1,C3,IF(C6=2,C4,IF(C6=3,C5))) -> -0.2475887 | D8: =IF(D6=1,D3,IF(D6=2,D4,IF(D6=3,D5))) -> -0.2746933 | E8: =IF(E6=1,E3,IF(E6=2,E4,IF(E6=3,E5))) -> -0.0846484 | F8: =IF(F6=1,F3,IF(F6=2,F4,IF(F6=3,F5))) -> -0.08769 | G8: =IF(G6=1,G3,IF(G6=2,G4,IF(G6=3,G5))) -> 0.102759 | H8: =IF(H6=1,H3,IF(H6=2,H4,IF(H6=3,H5))) -> -0.1007596 | I8: =IF(I6=1,I3,IF(I6=2,I4,IF(I6=3,I5))) -> 0.18325177 | J8: =IF(J6=1,J3,IF(J6=2,J4,IF(J6=3,J5))) -> 0.11648631 | ... EG8: =IF(EG6=1,EG3,IF(EG6=2,EG4,IF(EG6=3,EG5))) -> -0.15895949
A10: 投資組合 | C10: 公司數 | D10: 964
A11: 等第 | B11: 分數 | C11: 2014/01 | D11: 2014/02 | E11: 2014/03 | F11: 2014/04 | G11: 2014/05 | H11: 2014/06 | I11: 2014/07 | J11: 2014/08 | K11: 2014/09 | L11: 2014/10 | M11: 2014/11 | N11: 2014/12 | O11: 2015/01 | P11: 2015/02 | Q11: 2015/03 | R11: 2015/04 | S11: 2015/05 | T11: 2015/06 | U11: 2015/07 | V11: 2015/08 | W11: 2015/09 | X11: 2015/10 | Y11: 2015/11 | Z11: 2015/12 | AA11: 2016/01 | AB11: 2016/02 | AC11: 2016/03 | AD11: 2016/04 | AE11: 2016/05 | AF11: 2016/06 | AG11: 2016/07 | AH11: 2016/08 | AI11: 2016/09 | AJ11: 2016/10 | AK11: 2016/11 | AL11: 2016/12 | AM11: 2017/01 | AN11: 2017/02 | AO11: 2017/03 | AP11: 2017/04 | AQ11: 2017/05 | AR11: 2017/06 | AS11: 2017/07 | AT11: 2017/08 | AU11: 2017/09 | AV11: 2017/10 | AW11: 2017/11 | AX11: 2017/12 | AY11: 2018/01 | AZ11: 2018/02 | BA11: 2018/03 | BB11: 2018/04 | BC11: 2018/05 | BD11: 2018/06 | BE11: 2018/07 | BF11: 2018/08 | BG11: 2018/09 | BH11: 2018/10 | BI11: 2018/11 | BJ11: 2018/12 | BK11: 2019/01 | BL11: 2019/02 | BM11: 2019/03 | BN11: 2019/04 | BO11: 2019/05 | BP11: 2019/06 | BQ11: 2019/07 | BR11: 2019/08 | BS11: 2019/09 | BT11: 2019/10 | BU11: 2019/11 | BV11: 2019/12 | BW11: 2020/01 | BX11: 2020/02 | BY11: 2020/03 | BZ11: 2020/04 | CA11: 2020/05 | CB11: 2020/06 | CC11: 2020/07 | CD11: 2020/08 | CE11: 2020/09 | CF11: 2020/10 | CG11: 2020/11 | CH11: 2020/12 | CI11: 2021/01 | CJ11: 2021/02 | CK11: 2021/03 | CL11: 2021/04 | CM11: 2021/05 | CN11: 2021/06 | CO11: 2021/07 | CP11: 2021/08 | CQ11: 2021/09 | CR11: 2021/10 | CS11: 2021/11 | CT11: 2021/12 | CU11: 2022/01 | CV11: 2022/02 | CW11: 2022/03 | CX11: 2022/04 | CY11: 2022/05 | CZ11: 2022/06 | DA11: 2022/07 | DB11: 2022/08 | DC11: 2022/09 | DD11: 2022/10 | DE11: 2022/11 | DF11: 2022/12 | DG11: 2023/01 | DH11: 2023/02 | DI11: 2023/03 | DJ11: 2023/04 | DK11: 2023/05 | DL11: 2023/06 | DM11: 2023/07 | DN11: 2023/08 | DO11: 2023/09 | DP11: 2023/10 | DQ11: 2023/11 | DR11: 2023/12 | DS11: 2024/01 | DT11: 2024/02 | DU11: 2024/03 | DV11: 2024/04 | DW11: 2024/05 | DX11: 2024/06 | DY11: 2024/07 | DZ11: 2024/08 | EA11: 2024/09 | EB11: 2024/10 | EC11: 2024/11 | ED11: 2024/12 | EE11: 2025/01 | EF11: 2025/02
A12: 10 | B12: 96 | C12: =IF(預測IC!C12>預測IC!C$26,1,0) -> 1 | D12: =C12+真實IC!D12 -> 1.1146886 | E12: =D12+真實IC!E12 -> 1.1627155 | F12: =E12+真實IC!F12 -> 1.2186748 | G12: =F12+真實IC!G12 -> 1.2506223 | H12: =G12+真實IC!H12 -> 1.2891528 | I12: =H12+真實IC!I12 -> 1.3254567 | J12: =I12+真實IC!J12 -> 1.3692413 | K12: =J12+真實IC!K12 -> 1.3984293 | ... EF12: =EE12+真實IC!EF12 -> 7.0469635
A13: 20 | B13: 48 | C13: =IF(預測IC!C13>預測IC!C$26,1,0) -> 0 | D13: =C13+真實IC!D13 -> 0.12374503 | E13: =D13+真實IC!E13 -> 0.19360659 | F13: =E13+真實IC!F13 -> 0.25359311 | G13: =F13+真實IC!G13 -> 0.26564052 | H13: =G13+真實IC!H13 -> 0.29563015 | I13: =H13+真實IC!I13 -> 0.32831301 | J13: =I13+真實IC!J13 -> 0.3628629 | K13: =J13+真實IC!K13 -> 0.42318904 | ... EF13: =EE13+真實IC!EF13 -> 7.1368387
A14: 50 | B14: 19 | C14: =IF(預測IC!C14>預測IC!C$26,1,0) -> 0 | D14: =C14+真實IC!D14 -> 0.22230845 | E14: =D14+真實IC!E14 -> 0.3210767 | F14: =E14+真實IC!F14 -> 0.3814186 | G14: =F14+真實IC!G14 -> 0.43507523 | H14: =G14+真實IC!H14 -> 0.49466304 | I14: =H14+真實IC!I14 -> 0.5384504 | J14: =I14+真實IC!J14 -> 0.56176037 | K14: =J14+真實IC!K14 -> 0.61258784 | ... EF14: =EE14+真實IC!EF14 -> 8.2391025
A15: 100 | B15: 10 | C15: =IF(預測IC!C15>預測IC!C$26,1,0) -> 0 | D15: =C15+真實IC!D15 -> 0.37270922 | E15: =D15+真實IC!E15 -> 0.4347549 | F15: =E15+真實IC!F15 -> 0.39983346 | G15: =F15+真實IC!G15 -> 0.43423738 | H15: =G15+真實IC!H15 -> 0.55308108 | I15: =H15+真實IC!I15 -> 0.61151253 | J15: =I15+真實IC!J15 -> 0.66147399 | K15: =J15+真實IC!K15 -> 0.75598879 | ... EF15: =EE15+真實IC!EF15 -> 9.5738235
A16: 107 | B16: 9 | C16: =IF(預測IC!C16>預測IC!C$26,1,0) -> 0 | D16: =C16+真實IC!D16 -> 0.40819498 | E16: =D16+真實IC!E16 -> 0.47320156 | F16: =E16+真實IC!F16 -> 0.39448608 | G16: =F16+真實IC!G16 -> 0.40263263 | H16: =G16+真實IC!H16 -> 0.47548069 | I16: =H16+真實IC!I16 -> 0.53301131 | J16: =I16+真實IC!J16 -> 0.57972124 | K16: =J16+真實IC!K16 -> 0.66614213 | ... EF16: =EE16+真實IC!EF16 -> 9.6942307
A17: 120 | B17: 8 | C17: =IF(預測IC!C17>預測IC!C$26,1,0) -> 0 | D17: =C17+真實IC!D17 -> 0.43958849 | E17: =D17+真實IC!E17 -> 0.51917834 | F17: =E17+真實IC!F17 -> 0.43842617 | G17: =F17+真實IC!G17 -> 0.54381325 | H17: =G17+真實IC!H17 -> 0.6488073 | I17: =H17+真實IC!I17 -> 0.76253233 | J17: =I17+真實IC!J17 -> 0.80439073 | K17: =J17+真實IC!K17 -> 0.9059508 | ... EF17: =EE17+真實IC!EF17 -> 10.023428
A18: 137 | B18: 7 | C18: =IF(預測IC!C18>預測IC!C$26,1,0) -> 0 | D18: =C18+真實IC!D18 -> 0.40188368 | E18: =D18+真實IC!E18 -> 0.45532303 | F18: =E18+真實IC!F18 -> 0.33594007 | G18: =F18+真實IC!G18 -> 0.44425644 | H18: =G18+真實IC!H18 -> 0.57279601 | I18: =H18+真實IC!I18 -> 0.70829619 | J18: =I18+真實IC!J18 -> 0.7517077 | K18: =J18+真實IC!K18 -> 0.88735559 | ... EF18: =EE18+真實IC!EF18 -> 11.04521
A19: 160 | B19: 6 | C19: =IF(預測IC!C19>預測IC!C$26,1,0) -> 0 | D19: =C19+真實IC!D19 -> 0.40752071 | E19: =D19+真實IC!E19 -> 0.47333492 | F19: =E19+真實IC!F19 -> 0.29564626 | G19: =F19+真實IC!G19 -> 0.39171223 | H19: =G19+真實IC!H19 -> 0.56932255 | I19: =H19+真實IC!I19 -> 0.70397688 | J19: =I19+真實IC!J19 -> 0.73940646 | K19: =J19+真實IC!K19 -> 0.97819588 | ... EF19: =EE19+真實IC!EF19 -> 10.908318
A20: 192 | B20: 5 | C20: =IF(預測IC!C20>預測IC!C$26,1,0) -> 1 | D20: =C20+真實IC!D20 -> 1.382025 | E20: =D20+真實IC!E20 -> 1.4393614 | F20: =E20+真實IC!F20 -> 1.2338301 | G20: =F20+真實IC!G20 -> 1.3510132 | H20: =G20+真實IC!H20 -> 1.4949455 | I20: =H20+真實IC!I20 -> 1.6530951 | J20: =I20+真實IC!J20 -> 1.6875664 | K20: =J20+真實IC!K20 -> 1.9022909 | ... EF20: =EE20+真實IC!EF20 -> 12.413303
A21: 241 | B21: 4 | C21: =IF(預測IC!C21>預測IC!C$26,1,0) -> 1 | D21: =C21+真實IC!D21 -> 1.1263879 | E21: =D21+真實IC!E21 -> 1.1126977 | F21: =E21+真實IC!F21 -> 0.92865916 | G21: =F21+真實IC!G21 -> 1.0725013 | H21: =G21+真實IC!H21 -> 1.2346654 | I21: =H21+真實IC!I21 -> 1.381921 | J21: =I21+真實IC!J21 -> 1.4423563 | K21: =J21+真實IC!K21 -> 1.6492364 | ... EF21: =EE21+真實IC!EF21 -> 12.684112
A22: 321 | B22: 3 | C22: =IF(預測IC!C22>預測IC!C$26,1,0) -> 1 | D22: =C22+真實IC!D22 -> 1.1424279 | E22: =D22+真實IC!E22 -> 1.1250728 | F22: =E22+真實IC!F22 -> 1.0572417 | G22: =F22+真實IC!G22 -> 1.1611261 | H22: =G22+真實IC!H22 -> 1.2853041 | I22: =H22+真實IC!I22 -> 1.4087973 | J22: =I22+真實IC!J22 -> 1.4613959 | K22: =J22+真實IC!K22 -> 1.7067618 | ... EF22: =EE22+真實IC!EF22 -> 13.125478
A23: 482 | B23: 2 | C23: =IF(預測IC!C23>預測IC!C$26,1,0) -> 1 | D23: =C23+真實IC!D23 -> 1.2540926 | E23: =D23+真實IC!E23 -> 1.3870978 | F23: =E23+真實IC!F23 -> 1.2047017 | G23: =F23+真實IC!G23 -> 1.1777302 | H23: =G23+真實IC!H23 -> 1.1595417 | I23: =H23+真實IC!I23 -> 1.3076937 | J23: =I23+真實IC!J23 -> 1.2095314 | K23: =J23+真實IC!K23 -> 1.352139 | ... EF23: =EE23+真實IC!EF23 -> 13.186599
A24: 964 | B24: 1 | C24: =IF(預測IC!C24>預測IC!C$26,1,0) -> 1 | D24: =C24+真實IC!D24 -> 1.1006099 | E24: =D24+真實IC!E24 -> 1.3851224 | F24: =E24+真實IC!F24 -> 1.1835767 | G24: =F24+真實IC!G24 -> 1.1609543 | H24: =G24+真實IC!H24 -> 1.1968101 | I24: =H24+真實IC!I24 -> 1.1946982 | J24: =I24+真實IC!J24 -> 1.094726 | K24: =J24+真實IC!K24 -> 1.1451703 | ... EF24: =EE24+真實IC!EF24 -> 15.915978
A25: 大盤 | B25: TWII | C25: -0.017446771 | D25: =C25+預測IC!D25 -> 0.00325429 | E25: =D25+預測IC!E25 -> 0.027236419 | F25: =E25+預測IC!F25 -> 0.02067884 | G25: =F25+預測IC!G25 -> 0.05252397 | H25: =G25+預測IC!H25 -> 0.086872503 | I25: =H25+預測IC!I25 -> 0.07861757 | J25: =I25+預測IC!J25 -> 0.091461094 | K25: =J25+預測IC!K25 -> 0.04044257 | ... EF25: =EE25+預測IC!EF25 -> 0.98470404

Sheet 畫圖(預測)
A1: OLS
