Workbook

Sheet 預測IC
A1: NN4
B2: Time | C2: 2013/12 | D2: 2014/01 | E2: 2014/02 | F2: 2014/03 | G2: 2014/04 | H2: 2014/05 | I2: 2014/06 | J2: 2014/07 | K2: 2014/08 | L2: 2014/09 | M2: 2014/10 | N2: 2014/11 | O2: 2014/12 | P2: 2015/01 | Q2: 2015/02 | R2: 2015/03 | S2: 2015/04 | T2: 2015/05 | U2: 2015/06 | V2: 2015/07 | W2: 2015/08 | X2: 2015/09 | Y2: 2015/10 | Z2: 2015/11 | AA2: 2015/12 | AB2: 2016/01 | AC2: 2016/02 | AD2: 2016/03 | AE2: 2016/04 | AF2: 2016/05 | AG2: 2016/06 | AH2: 2016/07 | AI2: 2016/08 | AJ2: 2016/09 | AK2: 2016/10 | AL2: 2016/11 | AM2: 2016/12 | AN2: 2017/01 | AO2: 2017/02 | AP2: 2017/03 | AQ2: 2017/04 | AR2: 2017/05 | AS2: 2017/06 | AT2: 2017/07 | AU2: 2017/08 | AV2: 2017/09 | AW2: 2017/10 | AX2: 2017/11 | AY2: 2017/12 | AZ2: 2018/01 | BA2: 2018/02 | BB2: 2018/03 | BC2: 2018/04 | BD2: 2018/05 | BE2: 2018/06 | BF2: 2018/07 | BG2: 2018/08 | BH2: 2018/09 | BI2: 2018/10 | BJ2: 2018/11 | BK2: 2018/12 | BL2: 2019/01 | BM2: 2019/02 | BN2: 2019/03 | BO2: 2019/04 | BP2: 2019/05 | BQ2: 2019/06 | BR2: 2019/07 | BS2: 2019/08 | BT2: 2019/09 | BU2: 2019/10 | BV2: 2019/11 | BW2: 2019/12 | BX2: 2020/01 | BY2: 2020/02 | BZ2: 2020/03 | CA2: 2020/04 | CB2: 2020/05 | CC2: 2020/06 | CD2: 2020/07 | CE2: 2020/08 | CF2: 2020/09 | CG2: 2020/10 | CH2: 2020/11 | CI2: 2020/12 | CJ2: 2021/01 | CK2: 2021/02 | CL2: 2021/03 | CM2: 2021/04 | CN2: 2021/05 | CO2: 2021/06 | CP2: 2021/07 | CQ2: 2021/08 | CR2: 2021/09 | CS2: 2021/10 | CT2: 2021/11 | CU2: 2021/12 | CV2: 2022/01 | CW2: 2022/02 | CX2: 2022/03 | CY2: 2022/04 | CZ2: 2022/05 | DA2: 2022/06 | DB2: 2022/07 | DC2: 2022/08 | DD2: 2022/09 | DE2: 2022/10 | DF2: 2022/11 | DG2: 2022/12 | DH2: 2023/01 | DI2: 2023/02 | DJ2: 2023/03 | DK2: 2023/04 | DL2: 2023/05 | DM2: 2023/06 | DN2: 2023/07 | DO2: 2023/08 | DP2: 2023/09 | DQ2: 2023/10 | DR2: 2023/11 | DS2: 2023/12 | DT2: 2024/01 | DU2: 2024/02 | DV2: 2024/03 | DW2: 2024/04 | DX2: 2024/05 | DY2: 2024/06 | DZ2: 2024/07 | EA2: 2024/08 | EB2: 2024/09 | EC2: 2024/10 | ED2: 2024/11 | EE2: 2024/12 | EF2: 2025/01 | EG2: 2025/02
B3: bm | C3: 0.053380691 | D3: 0.019098755 | E3: 0.038903147 | F3: 0.006802408 | G3: 0.012291163 | H3: 0.017075401 | I3: 0.043437455 | J3: 0.022794386 | K3: 0.025884099 | L3: 0.03705984 | M3: 0.025352443 | N3: 0.022137836 | O3: 0.049354821 | P3: 0.0360782 | Q3: 0.0060449373 | R3: 0.0033859401 | S3: -0.0020781485 | T3: -0.022465851 | U3: -0.015456527 | V3: -0.00097821467 | W3: -0.011060316 | X3: -0.00067155808 | Y3: -0.017966148 | Z3: -0.025221735 | AA3: 0.034736544 | AB3: -0.017717708 | AC3: -0.012529988 | AD3: 0.0084126927 | AE3: 0.0031373762 | AF3: 0.018776387 | AG3: -0.043333326 | AH3: 0.021684444 | AI3: 0.042865973 | AJ3: 0.040528882 | AK3: 0.042677276 | AL3: 0.042865951 | AM3: 0.047705099 | AN3: 0.044681475 | AO3: 0.049907289 | AP3: 0.047438353 | AQ3: 0.033652849 | AR3: 0.018763172 | AS3: 0.040618647 | AT3: 0.019566406 | AU3: 0.030446794 | AV3: 0.019622993 | AW3: 0.029586772 | AX3: 0.031509295 | AY3: 0.014002978 | AZ3: 0.0063738404 | BA3: 0.010355084 | BB3: 0.0051876255 | BC3: 0.0078440113 | BD3: 0.0084061269 | BE3: -0.0050238539 | BF3: 0.023039479 | BG3: 0.0095878113 | BH3: -0.084409468 | BI3: 0.023758147 | BJ3: 0.020965053 | BK3: 0.016576048 | BL3: 0.011380131 | BM3: 0.0089813527 | BN3: 0.0098703858 | BO3: -0.0013130086 | BP3: 0.016382337 | BQ3: 0.047462419 | BR3: 0.032633718 | BS3: 0.054500699 | BT3: 0.012507681 | BU3: 0.017222486 | BV3: 0.012570482 | BW3: -0.0049899798 | BX3: -0.0015832115 | BY3: -0.0016474293 | BZ3: 0.036023159 | CA3: 0.019331902 | CB3: 0.012768192 | CC3: 0.0012653216 | CD3: 0.036446176 | CE3: 0.010827552 | CF3: 0.0081559047 | CG3: 0.001104167 | CH3: 0.035072215 | CI3: 0.024559047 | CJ3: 0.020746624 | CK3: 0.009461537 | CL3: 0.0057826559 | CM3: -0.020046353 | CN3: 0.0049867467 | CO3: 0.010287073 | CP3: 0.0091046616 | CQ3: 0.016216964 | CR3: 0.023265561 | CS3: 0.0158605 | CT3: 0.010978778 | CU3: 0.036009509 | CV3: 0.034486167 | CW3: 0.022519557 | CX3: 0.019207012 | CY3: 0.024746167 | CZ3: 0.031119177 | DA3: 0.039866019 | DB3: 0.03700773 | DC3: 0.019792236 | DD3: 0.025975974 | DE3: 0.028975984 | DF3: 0.043441508 | DG3: 0.030526776 | DH3: 0.024306972 | DI3: 0.029352387 | DJ3: 0.03992869 | DK3: 0.025980398 | DL3: 0.025819797 | DM3: 0.022522526 | DN3: 0.018935321 | DO3: 0.015926205 | DP3: 0.024080398 | DQ3: 0.025253983 | DR3: 0.017146798 | DS3: 0.03688072 | DT3: 0.026786022 | DU3: 0.026876723 | DV3: 0.026783179 | DW3: 0.016589746 | DX3: 0.028465604 | DY3: 0.03151679 | DZ3: 0.011472784 | EA3: 0.039311234 | EB3: 0.011679307 | EC3: 0.029493488 | ED3: 0.014745266 | EE3: 0.02212207 | EF3: 0.033925179
B4: size | C4: 0.099771723 | D4: -0.048145149 | E4: -0.022423536 | F4: -0.03092359 | G4: -0.041859966 | H4: -0.027551875 | I4: -0.028741911 | J4: -0.036191553 | K4: -0.033944845 | L4: -0.037480712 | M4: -0.038226228 | N4: -0.028931739 | O4: -0.036612466 | P4: -0.038424995 | Q4: -0.024131393 | R4: -0.035332572 | S4: -0.028889749 | T4: -0.028651971 | U4: -0.030279767 | V4: -0.02720996 | W4: -0.027900077 | X4: -0.028770851 | Y4: -0.03207811 | Z4: -0.030241664 | AA4: -0.03021602 | AB4: -0.028631076 | AC4: -0.027421203 | AD4: -0.028836533 | AE4: -0.030896399 | AF4: -0.029104374 | AG4: -0.028324617 | AH4: -0.020311087 | AI4: -0.034272376 | AJ4: -0.033625115 | AK4: -0.027353102 | AL4: -0.027455468 | AM4: -0.028936265 | AN4: -0.024949074 | AO4: -0.034107022 | AP4: -0.033338342 | AQ4: -0.021358797 | AR4: -0.026061825 | AS4: -0.029215205 | AT4: -0.026710503 | AU4: -0.030300269 | AV4: -0.032673545 | AW4: -0.027749334 | AX4: -0.026509466 | AY4: -0.033140793 | AZ4: -0.027217986 | BA4: -0.030951863 | BB4: -0.033691503 | BC4: -0.031448625 | BD4: -0.031621113 | BE4: -0.032706749 | BF4: -0.030923545 | BG4: -0.03195487 | BH4: -0.030400252 | BI4: -0.031127494 | BJ4: -0.030582078 | BK4: -0.032318864 | BL4: -0.031555992 | BM4: -0.03169376 | BN4: -0.012288306 | BO4: -0.023035662 | BP4: -0.035096336 | BQ4: -0.030655 | BR4: -0.011176202 | BS4: -0.033343028 | BT4: -0.026367433 | BU4: -0.036507525 | BV4: -0.033560742 | BW4: -0.024210105 | BX4: -0.033166561 | BY4: -0.032165386 | BZ4: -0.035884105 | CA4: -0.032357048 | CB4: -0.024709199 | CC4: -0.028877668 | CD4: -0.026096851 | CE4: -0.031489693 | CF4: -0.030856378 | CG4: -0.030586652 | CH4: -0.031124169 | CI4: -0.030887619 | CJ4: -0.03313582 | CK4: -0.031962626 | CL4: -0.0314424 | CM4: -0.030555531 | CN4: -0.03157983 | CO4: -0.030647209 | CP4: -0.030090014 | CQ4: -0.03185311 | CR4: -0.029662993 | CS4: -0.030695755 | CT4: -0.02313577 | CU4: -0.027380981 | CV4: -0.028338037 | CW4: -0.03222578 | CX4: -0.027984483 | CY4: -0.028027313 | CZ4: -0.025761629 | DA4: -0.028369945 | DB4: -0.033535846 | DC4: -0.031756718 | DD4: -0.031705938 | DE4: -0.029670332 | DF4: -0.030024087 | DG4: -0.027606867 | DH4: -0.029870637 | DI4: -0.029808983 | DJ4: -0.030160911 | DK4: -0.029925931 | DL4: -0.030308904 | DM4: -0.028274259 | DN4: -0.027238119 | DO4: -0.028595686 | DP4: -0.026695834 | DQ4: -0.027433051 | DR4: -0.028683912 | DS4: -0.028039401 | DT4: -0.028481074 | DU4: -0.028131839 | DV4: -0.028057404 | DW4: -0.026179386 | DX4: -0.02758223 | DY4: -0.029751539 | DZ4: -0.023914756 | EA4: -0.026012249 | EB4: -0.02659614 | EC4: -0.028463233 | ED4: -0.024121465 | EE4: -0.035137765 | EF4: -0.03114395
B5: mom | C5: -0.0028657506 | D5: -0.0069339015 | E5: -0.0053875917 | F5: -0.0050763469 | G5: -0.0075573726 | H5: -0.0057500093 | I5: -0.0068604206 | J5: -0.0064445543 | K5: -0.0072415825 | L5: -0.0074818125 | M5: -0.0057027275 | N5: 0.012163333 | O5: 0.021172851 | P5: 0.0044824411 | Q5: 0.0027122241 | R5: -0.0045487876 | S5: -0.0027382763 | T5: 0.0053517525 | U5: -0.0066941008 | V5: 0.0023452155 | W5: 0.00081899657 | X5: -0.0038575775 | Y5: -0.003401346 | Z5: -0.0043022791 | AA5: -0.010302481 | AB5: -0.0085672205 | AC5: -0.016086685 | AD5: -0.01153013 | AE5: -0.0092503801 | AF5: -0.0052100425 | AG5: -0.0067270645 | AH5: -0.004258275 | AI5: -0.0037179599 | AJ5: -0.0030319714 | AK5: -0.0045918752 | AL5: -0.0050076684 | AM5: -0.0080656121 | AN5: 0.001068754 | AO5: -0.0059967521 | AP5: -0.0061906483 | AQ5: -0.00085457828 | AR5: -0.0036546465 | AS5: -0.0030794814 | AT5: 0.017204531 | AU5: -0.010902966 | AV5: 0.0112829 | AW5: -0.007904117 | AX5: -0.011263063 | AY5: -0.0005223045 | AZ5: 0.0085165314 | BA5: -0.00030747673 | BB5: -0.0072396048 | BC5: 0.0011019472 | BD5: -0.015344121 | BE5: -0.0055029336 | BF5: -0.0047479346 | BG5: -0.0083916401 | BH5: -0.0068760309 | BI5: 7.6195021e-05 | BJ5: -0.0020668169 | BK5: -0.011106087 | BL5: -0.012728592 | BM5: -0.0039286776 | BN5: -0.00059765868 | BO5: -0.0060457494 | BP5: -0.0094306832 | BQ5: 0.00015003682 | BR5: 0.00041660958 | BS5: -0.00080116763 | BT5: -0.0034547495 | BU5: -0.0064658378 | BV5: -0.0088213878 | BW5: -0.0047403104 | BX5: -0.0021907545 | BY5: -0.002759198 | BZ5: -0.0029730485 | CA5: -0.017626945 | CB5: -0.018505253 | CC5: -0.0089888945 | CD5: -0.0065797777 | CE5: 0.0044988636 | CF5: -0.0049164481 | CG5: -0.0011630631 | CH5: -0.0024271582 | CI5: -0.0062176655 | CJ5: 0.0053816773 | CK5: -0.0067625879 | CL5: -0.0092751253 | CM5: 0.003406229 | CN5: -0.001753664 | CO5: 0.0027562631 | CP5: -0.0045939274 | CQ5: -0.0049152453 | CR5: 0.00098757504 | CS5: -0.005571878 | CT5: -0.00010985811 | CU5: -0.0039590937 | CV5: 1.2909717e-05 | CW5: -0.0033259171 | CX5: -0.001488457 | CY5: -0.002202491 | CZ5: 3.4225348e-05 | DA5: -0.0015060748 | DB5: -0.0035330171 | DC5: -0.0038886347 | DD5: -0.0047214343 | DE5: -0.0055942605 | DF5: -0.019860882 | DG5: -0.0053180065 | DH5: -0.0042921891 | DI5: -0.01564867 | DJ5: 0.0022675006 | DK5: -0.0090083564 | DL5: -0.0038728507 | DM5: -0.0013934468 | DN5: -0.0030848102 | DO5: 0.00276296 | DP5: -0.0061495178 | DQ5: -0.0043366211 | DR5: -0.0079563092 | DS5: -0.0035810128 | DT5: -0.00020724919 | DU5: -0.0056763785 | DV5: -0.0037179622 | DW5: -0.0070113302 | DX5: -0.0071585495 | DY5: -0.0033162229 | DZ5: -0.0019952012 | EA5: -0.002544669 | EB5: -0.0044937851 | EC5: -0.0046182843 | ED5: -0.0063655591 | EE5: -0.0059092026 | EF5: -0.0066195657
A6: 選絕對值最大 | C6: {=MATCH(MAX(ABS(C3:C5)), ABS(C3:C5), 0)} -> 2 | D6: {=MATCH(MAX(ABS(D3:D5)), ABS(D3:D5), 0)} -> 2 | E6: {=MATCH(MAX(ABS(E3:E5)), ABS(E3:E5), 0)} -> 1 | F6: {=MATCH(MAX(ABS(F3:F5)), ABS(F3:F5), 0)} -> 2 | G6: {=MATCH(MAX(ABS(G3:G5)), ABS(G3:G5), 0)} -> 2 | H6: {=MATCH(MAX(ABS(H3:H5)), ABS(H3:H5), 0)} -> 2 | I6: {=MATCH(MAX(ABS(I3:I5)), ABS(I3:I5), 0)} -> 1 | J6: {=MATCH(MAX(ABS(J3:J5)), ABS(J3:J5), 0)} -> 2 | ... EG6: {=MATCH(MAX(ABS(EG3:EG5)), ABS(EG3:EG5), 0)} -> 1
C7: =IF(C6=1,"bm",IF(C6=2,"size",IF(C6=3,"mom"))) -> size | D7: =IF(D6=1,"bm",IF(D6=2,"size",IF(D6=3,"mom"))) -> size | E7: =IF(E6=1,"bm",IF(E6=2,"size",IF(E6=3,"mom"))) -> bm | F7: =IF(F6=1,"bm",IF(F6=2,"size",IF(F6=3,"mom"))) -> size | G7: =IF(G6=1,"bm",IF(G6=2,"size",IF(G6=3,"mom"))) -> size | H7: =IF(H6=1,"bm",IF(H6=2,"size",IF(H6=3,"mom"))) -> size | I7: =IF(I6=1,"bm",IF(I6=2,"size",IF(I6=3,"mom"))) -> bm | J7: =IF(J6=1,"bm",IF(J6=2,"size",IF(J6=3,"mom"))) -> size | ... EG7: =IF(EG6=1,"bm",IF(EG6=2,"size",IF(EG6=3,"mom"))) -> bm
C8: =IF(C6=1,C3,IF(C6=2,C4,IF(C6=3,C5))) -> 0.099771723 | D8: =IF(D6=1,D3,IF(D6=2,D4,IF(D6=3,D5))) -> -0.048145149 | E8: =IF(E6=1,E3,IF(E6=2,E4,IF(E6=3,E5))) -> 0.038903147 | F8: =IF(F6=1,F3,IF(F6=2,F4,IF(F6=3,F5))) -> -0.03092359 | G8: =IF(G6=1,G3,IF(G6=2,G4,IF(G6=3,G5))) -> -0.041859966 | H8: =IF(H6=1,H3,IF(H6=2,H4,IF(H6=3,H5))) -> -0.027551875 | I8: =IF(I6=1,I3,IF(I6=2,I4,IF(I6=3,I5))) -> 0.043437455 | J8: =IF(J6=1,J3,IF(J6=2,J4,IF(J6=3,J5))) -> -0.036191553 | ... EG8: =IF(EG6=1,EG3,IF(EG6=2,EG4,IF(EG6=3,EG5))) -> 0
A10: 投資組合 | C10: 公司數 | D10: 964
A11: 等第 | B11: 分數 | C11: 2014/01 | D11: 2014/02 | E11: 2014/03 | F11: 2014/04 | G11: 2014/05 | H11: 2014/06 | I11: 2014/07 | J11: 2014/08 | K11: 2014/09 | L11: 2014/10 | M11: 2014/11 | N11: 2014/12 | O11: 2015/01 | P11: 2015/02 | Q11: 2015/03 | R11: 2015/04 | S11: 2015/05 | T11: 2015/06 | U11: 2015/07 | V11: 2015/08 | W11: 2015/09 | X11: 2015/10 | Y11: 2015/11 | Z11: 2015/12 | AA11: 2016/01 | AB11: 2016/02 | AC11: 2016/03 | AD11: 2016/04 | AE11: 2016/05 | AF11: 2016/06 | AG11: 2016/07 | AH11: 2016/08 | AI11: 2016/09 | AJ11: 2016/10 | AK11: 2016/11 | AL11: 2016/12 | AM11: 2017/01 | AN11: 2017/02 | AO11: 2017/03 | AP11: 2017/04 | AQ11: 2017/05 | AR11: 2017/06 | AS11: 2017/07 | AT11: 2017/08 | AU11: 2017/09 | AV11: 2017/10 | AW11: 2017/11 | AX11: 2017/12 | AY11: 2018/01 | AZ11: 2018/02 | BA11: 2018/03 | BB11: 2018/04 | BC11: 2018/05 | BD11: 2018/06 | BE11: 2018/07 | BF11: 2018/08 | BG11: 2018/09 | BH11: 2018/10 | BI11: 2018/11 | BJ11: 2018/12 | BK11: 2019/01 | BL11: 2019/02 | BM11: 2019/03 | BN11: 2019/04 | BO11: 2019/05 | BP11: 2019/06 | BQ11: 2019/07 | BR11: 2019/08 | BS11: 2019/09 | BT11: 2019/10 | BU11: 2019/11 | BV11: 2019/12 | BW11: 2020/01 | BX11: 2020/02 | BY11: 2020/03 | BZ11: 2020/04 | CA11: 2020/05 | CB11: 2020/06 | CC11: 2020/07 | CD11: 2020/08 | CE11: 2020/09 | CF11: 2020/10 | CG11: 2020/11 | CH11: 2020/12 | CI11: 2021/01 | CJ11: 2021/02 | CK11: 2021/03 | CL11: 2021/04 | CM11: 2021/05 | CN11: 2021/06 | CO11: 2021/07 | CP11: 2021/08 | CQ11: 2021/09 | CR11: 2021/10 | CS11: 2021/11 | CT11: 2021/12 | CU11: 2022/01 | CV11: 2022/02 | CW11: 2022/03 | CX11: 2022/04 | CY11: 2022/05 | CZ11: 2022/06 | DA11: 2022/07 | DB11: 2022/08 | DC11: 2022/09 | DD11: 2022/10 | DE11: 2022/11 | DF11: 2022/12 | DG11: 2023/01 | DH11: 2023/02 | DI11: 2023/03 | DJ11: 2023/04 | DK11: 2023/05 | DL11: 2023/06 | DM11: 2023/07 | DN11: 2023/08 | DO11: 2023/09 | DP11: 2023/10 | DQ11: 2023/11 | DR11: 2023/12 | DS11: 2024/01 | DT11: 2024/02 | DU11: 2024/03 | DV11: 2024/04 | DW11: 2024/05 | DX11: 2024/06 | DY11: 2024/07 | DZ11: 2024/08 | EA11: 2024/09 | EB11: 2024/10 | EC11: 2024/11 | ED11: 2024/12 | EE11: 2025/01 | EF11: 2025/02
A12: 10 | B12: 96 | C12: -0.084653347 | D12: 0.11468863 | E12: -0.0067540284 | F12: 0.013421104 | G12: 0.011724668 | H12: 0.038530512 | I12: 0.036303937 | J12: -0.029408123 | K12: 0.01877438 | L12: -0.041890941 | M12: -0.00039647701 | N12: 0.069326987 | O12: 0.018629889 | P12: 0.00022997129 | Q12: 0.035269885 | R12: 0.0066628838 | S12: -0.016472395 | T12: -0.0077398001 | U12: -0.016178599 | V12: 0.0062044701 | W12: 0.064039415 | X12: 0.02707389 | Y12: 0.015440368 | Z12: 0.0051659076 | AA12: -0.039403661 | AB12: -0.0037114184 | AC12: 0.0051673798 | AD12: 0.0093922433 | AE12: -0.058316963 | AF12: 0.046181509 | AG12: -0.029982145 | AH12: 0.013405805 | AI12: 0.019506051 | AJ12: 0.012983748 | AK12: 0.048123704 | AL12: 0.017859003 | AM12: 0.030086116 | AN12: 0.069233234 | AO12: 0.002228793 | AP12: -0.033718345 | AQ12: -0.0076219364 | AR12: -0.0075044281 | AS12: 0.019099718 | AT12: -0.022296661 | AU12: 0.020708659 | AV12: -0.021789895 | AW12: 0.00062147702 | AX12: 0.043598467 | AY12: -0.0077141493 | AZ12: 0.066563803 | BA12: 0.071276156 | BB12: 0.0057853949 | BC12: 0.0035752709 | BD12: 0.049233622 | BE12: -0.045598545 | BF12: -0.02360106 | BG12: 0.010004059 | BH12: -0.01422336 | BI12: 0.020837761 | BJ12: 0.043422499 | BK12: -0.020075652 | BL12: 0.011060369 | BM12: -0.030171909 | BN12: -0.019502538 | BO12: 0.016913769 | BP12: -0.026421957 | BQ12: 0.01389675 | BR12: -0.0022610085 | BS12: 0.018863293 | BT12: -0.021288097 | BU12: -0.04808337 | BV12: 0.032053226 | BW12: 0.05548756 | BX12: 0.015984152 | BY12: -0.045815986 | BZ12: 0.045356946 | CA12: 0.014580558 | CB12: 0.072475876 | CC12: 0.065566613 | CD12: 0.11093363 | CE12: 0.15400701 | CF12: 0.0040778953 | CG12: 0.0003086485 | CH12: 0.063297372 | CI12: -0.024341498 | CJ12: 0.0035684802 | CK12: 0.034514755 | CL12: 0.03313401 | CM12: -0.071708388 | CN12: -0.023307541 | CO12: 0.071292243 | CP12: -0.012796158 | CQ12: 0.069976747 | CR12: 0.048146625 | CS12: -0.01450965 | CT12: 0.032114011 | CU12: 0.035623716 | CV12: 0.0081126264 | CW12: 0.029757689 | CX12: 0.046547458 | CY12: 0.046072978 | CZ12: 0.077792327 | DA12: 0.0056037841 | DB12: -0.022981876 | DC12: 0.011472973 | DD12: -0.039091997 | DE12: -0.037235545 | DF12: -0.0068345257 | DG12: -0.00094770894 | DH12: 0.061195155 | DI12: 0.059749068 | DJ12: 0.0080625983 | DK12: -0.031928199 | DL12: 0.0030891115 | DM12: -0.019237694 | DN12: 0.021916732 | DO12: 0.030556942 | DP12: 0.045953548 | DQ12: -0.03386212 | DR12: 0.017064979 | DS12: -0.035726155 | DT12: 0.025117616 | DU12: -0.057230283 | DV12: 0.029540061 | DW12: 0.044967834 | DX12: -0.050152081 | DY12: 0.01535727 | DZ12: 0.0062271493 | EA12: 0.064003941 | EB12: 0.0057859706 | EC12: 0.02665151 | ED12: -0.0069574815 | EE12: -0.026506892 | EF12: 0.039233348
A13: 20 | B13: 48 | C13: -0.10411275 | D13: 0.12374503 | E13: -0.034496619 | F13: -0.01145524 | G13: 0.015744426 | H13: 0.029989632 | I13: 0.032682863 | J13: -0.043899227 | K13: -0.0013673068 | L13: -0.0060251613 | M13: 0.025687102 | N13: 0.099806917 | O13: 0.036273276 | P13: 0.016791628 | Q13: 0.073224368 | R13: 0.014159944 | S13: -0.012243671 | T13: -0.02210402 | U13: 0.0015970162 | V13: -0.020094328 | W13: 0.075476562 | X13: 0.053276895 | Y13: 0.013920993 | Z13: 0.020583761 | AA13: -0.03211951 | AB13: -0.016036099 | AC13: 0.0080314398 | AD13: 0.02154369 | AE13: -0.065719382 | AF13: 0.051935558 | AG13: -0.031681783 | AH13: 0.0096413392 | AI13: 0.01206755 | AJ13: -0.01628047 | AK13: 0.065987913 | AL13: 0.023151429 | AM13: 0.046282444 | AN13: 0.10533024 | AO13: 0.0093111879 | AP13: -0.05955084 | AQ13: -0.0060492888 | AR13: 0.0092507325 | AS13: 0.041313118 | AT13: 0.0016899629 | AU13: 0.040976126 | AV13: -0.01095891 | AW13: 0.0040800136 | AX13: 0.067153788 | AY13: -0.023672609 | AZ13: 0.055449776 | BA13: 0.07982912 | BB13: 0.026046346 | BC13: 0.0014836385 | BD13: 0.041676314 | BE13: -0.046048257 | BF13: -0.026302897 | BG13: 0.0083310656 | BH13: -0.0084757298 | BI13: 0.02583237 | BJ13: 0.051451919 | BK13: -0.025125773 | BL13: 0.013619178 | BM13: -0.027203867 | BN13: 0.0048576031 | BO13: 0.0034067145 | BP13: -0.0079511464 | BQ13: 0.041653064 | BR13: -0.0066814175 | BS13: 0.0074194718 | BT13: -0.03366777 | BU13: -0.074658168 | BV13: 0.031440738 | BW13: 0.086230155 | BX13: 0.0014774348 | BY13: -0.03082776 | BZ13: 0.076138123 | CA13: 0.024012674 | CB13: 0.12042697 | CC13: 0.12011817 | CD13: 0.10508583 | CE13: 0.18382784 | CF13: 0.018228941 | CG13: 0.0075602687 | CH13: 0.058334612 | CI13: -0.0078955344 | CJ13: 0.020881327 | CK13: 0.031859597 | CL13: 0.044000391 | CM13: -0.10145222 | CN13: -0.030131025 | CO13: 0.085566239 | CP13: -0.034377539 | CQ13: 0.067112905 | CR13: 0.064380649 | CS13: 0.0039476507 | CT13: 0.043462268 | CU13: 0.037161402 | CV13: -0.0029533122 | CW13: 0.010456963 | CX13: 0.0049872956 | CY13: 0.062296947 | CZ13: 0.05722422 | DA13: -0.0055836769 | DB13: -0.04176157 | DC13: 0.023540999 | DD13: -0.051406654 | DE13: -0.042564179 | DF13: -0.028518797 | DG13: -0.0016306572 | DH13: 0.088720601 | DI13: 0.089748564 | DJ13: -0.0033317562 | DK13: -0.019386634 | DL13: 0.027121939 | DM13: 0.00053162261 | DN13: 0.016935235 | DO13: 0.037863465 | DP13: 0.044997151 | DQ13: -0.033966462 | DR13: 0.01516855 | DS13: -0.038887628 | DT13: 0.05083126 | DU13: -0.033006159 | DV13: 0.043254779 | DW13: 0.042028686 | DX13: -0.06452338 | DY13: 0.035386045 | DZ13: 0.018302124 | EA13: 0.073242869 | EB13: 0.00020120622 | EC13: 0.041659753 | ED13: 0.00708472 | EE13: -0.041234384 | EF13: 0.066577215
A14: 50 | B14: 19 | C14: -0.11994149 | D14: 0.22230845 | E14: -0.047525943 | F14: 0.034542464 | G14: 0.085148762 | H14: 0.059587806 | I14: 0.04378736 | J14: -0.10509439 | K14: 0.012451162 | L14: -0.0084804476 | M14: -0.075951543 | N14: 0.20483258 | O14: 0.037475787 | P14: 0.047779764 | Q14: 0.058237946 | R14: -0.014151796 | S14: 0.0385341 | T14: -0.017360731 | U14: 0.03657913 | V14: -0.038375546 | W14: 0.11616579 | X14: 0.053581709 | Y14: -0.016762663 | Z14: 0.021252201 | AA14: -0.03945018 | AB14: -0.074982913 | AC14: -0.029292084 | AD14: 0.039327892 | AE14: -0.0040189068 | AF14: 0.084317009 | AG14: -0.020520895 | AH14: 0.0052502779 | AI14: 0.072072951 | AJ14: 0.015059036 | AK14: 0.076911431 | AL14: 0.03796919 | AM14: 0.061242166 | AN14: 0.098594667 | AO14: 0.060905705 | AP14: -0.069976525 | AQ14: -0.00036796774 | AR14: 0.018170823 | AS14: 0.085376986 | AT14: -0.018407426 | AU14: 0.039991649 | AV14: 0.0084264533 | AW14: -0.018362932 | AX14: 0.13695103 | AY14: -0.058839376 | AZ14: 0.025628928 | BA14: 0.096337325 | BB14: 0.10189834 | BC14: 0.012074322 | BD14: 0.01641751 | BE14: -0.024117018 | BF14: -0.0052428879 | BG14: 0.010496608 | BH14: -0.0053427556 | BI14: 0.032270131 | BJ14: 0.024016934 | BK14: 0.033237382 | BL14: 0.010571835 | BM14: -0.021375047 | BN14: 0.046576644 | BO14: 0.014903579 | BP14: 0.050332283 | BQ14: 0.015843524 | BR14: -0.02792943 | BS14: -0.041493955 | BT14: 0.015287928 | BU14: -0.11115945 | BV14: 0.041282489 | BW14: 0.11840804 | BX14: -0.00030713422 | BY14: -0.080399769 | BZ14: 0.060034057 | CA14: 0.033455158 | CB14: 0.1644655 | CC14: 0.12059616 | CD14: 0.09801671 | CE14: 0.1705553 | CF14: -0.020310217 | CG14: 0.13892668 | CH14: 0.064661392 | CI14: -0.0038293561 | CJ14: 0.020066825 | CK14: -0.00046385957 | CL14: 0.13003287 | CM14: -0.11006897 | CN14: -0.019401547 | CO14: 0.17324915 | CP14: -0.10547972 | CQ14: 0.079536741 | CR14: 0.062640655 | CS14: -0.0038161133 | CT14: 0.061872352 | CU14: -0.043917103 | CV14: 0.022745715 | CW14: 0.0082340019 | CX14: 0.024244256 | CY14: 0.050137743 | CZ14: 0.064063563 | DA14: -0.024304289 | DB14: -0.023561073 | DC14: 0.014753761 | DD14: -0.053899967 | DE14: -0.031057667 | DF14: -0.035856631 | DG14: 0.011446556 | DH14: 0.058741194 | DI14: 0.086646448 | DJ14: 0.0010237243 | DK14: -0.08162155 | DL14: -0.0092741824 | DM14: -0.0011211497 | DN14: 0.030298833 | DO14: 0.10259219 | DP14: 0.0036178583 | DQ14: -0.056019286 | DR14: 0.0077944218 | DS14: -0.035044906 | DT14: 0.11767251 | DU14: -0.068795273 | DV14: 0.019432944 | DW14: 0.0018093095 | DX14: -0.10193151 | DY14: 0.03799708 | DZ14: 0.035031 | EA14: 0.078105266 | EB14: -0.025109521 | EC14: 0.0060793821 | ED14: -0.033597288 | EE14: 0.0033992535 | EF14: 0.06995642
A15: 100 | B15: 10 | C15: -0.22764466 | D15: 0.37270922 | E15: -0.010198426 | F15: 0.090303713 | G15: 0.096605591 | H15: 0.1188437 | I15: 0.058431444 | J15: -0.06452469 | K15: -0.0042103664 | L15: 0.012967085 | M15: -0.18849205 | N15: 0.33030934 | O15: 0.073757344 | P15: 0.052983283 | Q15: 0.10037535 | R15: 0.016755436 | S15: -0.043033934 | T15: -0.049338673 | U15: 0.046790243 | V15: -0.085680882 | W15: 0.10693456 | X15: 0.078436412 | Y15: -0.024188619 | Z15: -0.023656419 | AA15: -0.054081147 | AB15: -0.073995952 | AC15: -0.04005513 | AD15: 0.039690481 | AE15: 0.047286476 | AF15: 0.049772025 | AG15: -0.010123478 | AH15: -0.033604373 | AI15: 0.085430111 | AJ15: 0.00946486 | AK15: 0.06175962 | AL15: 0.044431662 | AM15: 0.055122622 | AN15: 0.10168871 | AO15: 0.063369812 | AP15: -0.078285694 | AQ15: -0.037367127 | AR15: 0.02455082 | AS15: 0.053821179 | AT15: 0.0068565183 | AU15: 0.039943261 | AV15: 0.033225302 | AW15: 0.015659939 | AX15: 0.12523398 | AY15: -0.043143498 | AZ15: 0.036847352 | BA15: 0.15768795 | BB15: 0.1087891 | BC15: -0.038491219 | BD15: 0.007362916 | BE15: -0.046217114 | BF15: -0.056978024 | BG15: 0.01377615 | BH15: -0.034441845 | BI15: 0.026351023 | BJ15: 0.075153898 | BK15: 0.072869419 | BL15: 7.7901404e-05 | BM15: -0.062598395 | BN15: 0.066054035 | BO15: 0.016589444 | BP15: 0.051616854 | BQ15: 0.012802931 | BR15: -0.050157429 | BS15: -0.016823777 | BT15: -0.036633666 | BU15: -0.085545734 | BV15: 0.086180137 | BW15: 0.20414584 | BX15: 0.023949431 | BY15: -0.093338392 | BZ15: 0.10290647 | CA15: 0.029964009 | CB15: 0.1310914 | CC15: 0.17365171 | CD15: 0.12015208 | CE15: 0.07336812 | CF15: -0.0036268169 | CG15: 0.22573123 | CH15: 0.062885958 | CI15: -0.069336845 | CJ15: 0.0073826304 | CK15: 0.034280211 | CL15: 0.21275089 | CM15: -0.10811976 | CN15: 0.00021713491 | CO15: 0.17335999 | CP15: -0.034393215 | CQ15: 0.13960362 | CR15: 0.024374319 | CS15: 0.016910987 | CT15: 0.032216556 | CU15: -0.06317866 | CV15: -0.0061418469 | CW15: -0.027257442 | CX15: 0.017868892 | CY15: 0.055732711 | CZ15: 0.079886948 | DA15: -0.026375835 | DB15: -0.030226618 | DC15: 0.076727024 | DD15: -0.067526409 | DE15: -0.065608102 | DF15: -0.042391306 | DG15: 0.016196732 | DH15: 0.12962194 | DI15: 0.042811767 | DJ15: -0.051853853 | DK15: -0.10032893 | DL15: 0.0077378338 | DM15: 0.0017732647 | DN15: -0.067022569 | DO15: 0.15954541 | DP15: -0.040330193 | DQ15: -0.07293808 | DR15: -0.022035265 | DS15: -0.076241908 | DT15: 0.034296399 | DU15: -0.11712765 | DV15: 0.051127 | DW15: -0.060826326 | DX15: -0.11861625 | DY15: 0.10653917 | DZ15: 0.040455653 | EA15: 0.027338726 | EB15: -0.05612648 | EC15: 0.066081856 | ED15: -0.072383319 | EE15: -0.0031907205 | EF15: 0.065700991
A16: 107 | B16: 9 | C16: -0.20787478 | D16: 0.40819498 | E16: -0.0028301766 | F16: 0.12425979 | G16: 0.10901251 | H16: 0.072848056 | I16: 0.057530619 | J16: -0.068694033 | K16: 0.017925105 | L16: 0.031027151 | M16: -0.1948764 | N16: 0.36698761 | O16: 0.079826861 | P16: 0.061979735 | Q16: 0.096618173 | R16: 0.019182762 | S16: -0.042415183 | T16: -0.023226785 | U16: 0.048651516 | V16: -0.10431618 | W16: 0.078373488 | X16: 0.073678278 | Y16: -0.0042874471 | Z16: -0.020075795 | AA16: -0.043487636 | AB16: -0.071016126 | AC16: -0.041040523 | AD16: 0.034811172 | AE16: 0.051534992 | AF16: 0.015008623 | AG16: -0.013290753 | AH16: -0.0317654 | AI16: 0.049078043 | AJ16: -0.0070259661 | AK16: 0.064421401 | AL16: 0.048688933 | AM16: 0.066076731 | AN16: 0.1064562 | AO16: 0.061424672 | AP16: -0.077798368 | AQ16: -0.0384662 | AR16: 0.03249276 | AS16: 0.065068225 | AT16: 0.0039394694 | AU16: 0.041826838 | AV16: 0.023608876 | AW16: 0.03925293 | AX16: 0.10082977 | AY16: -0.034673712 | AZ16: 0.046826876 | BA16: 0.1599907 | BB16: 0.13247474 | BC16: -0.039636816 | BD16: 0.0062821844 | BE16: -0.044139137 | BF16: -0.054584963 | BG16: 0.019331207 | BH16: 0.013775614 | BI16: 0.025620094 | BJ16: 0.081428119 | BK16: 0.1047732 | BL16: -0.0084142574 | BM16: -0.069805825 | BN16: 0.06719797 | BO16: 0.015960319 | BP16: 0.057750061 | BQ16: 0.016478016 | BR16: -0.026296848 | BS16: -0.013191573 | BT16: -0.038066078 | BU16: -0.10153657 | BV16: 0.094510468 | BW16: 0.22394491 | BX16: 0.024078272 | BY16: -0.11899471 | BZ16: 0.11152585 | CA16: 0.02743217 | CB16: 0.13930874 | CC16: 0.044388153 | CD16: 0.15507127 | CE16: 0.09361423 | CF16: -0.014696063 | CG16: 0.14619604 | CH16: 0.041697415 | CI16: -0.05834475 | CJ16: 0.027800423 | CK16: 0.070731881 | CL16: 0.24393816 | CM16: -0.11305584 | CN16: 0.0096090478 | CO16: 0.20954752 | CP16: -0.030684439 | CQ16: 0.16844978 | CR16: 0.025228657 | CS16: 0.021807009 | CT16: 0.048903526 | CU16: -0.063434654 | CV16: -0.016751084 | CW16: -0.031673114 | CX16: 0.0066867777 | CY16: 0.058554306 | CZ16: 0.10263326 | DA16: -0.029804794 | DB16: -0.04271217 | DC16: 0.063740659 | DD16: -0.074371115 | DE16: -0.056325913 | DF16: -0.023146433 | DG16: 0.014452948 | DH16: 0.13714776 | DI16: 0.047829608 | DJ16: -0.029141406 | DK16: -0.096254625 | DL16: 0.0013659721 | DM16: 0.038134996 | DN16: -0.056707577 | DO16: 0.16959095 | DP16: -0.024716583 | DQ16: -0.06756052 | DR16: -0.011178168 | DS16: -0.093752065 | DT16: 0.032059492 | DU16: -0.12277205 | DV16: 0.045148984 | DW16: -0.071302574 | DX16: -0.12528471 | DY16: 0.11635433 | DZ16: 0.058810748 | EA16: 0.046661372 | EB16: -0.070875444 | EC16: 0.063532067 | ED16: -0.080284913 | EE16: -0.0043966753 | EF16: 0.042474401
A17: 120 | B17: 8 | C17: -0.20609219 | D17: 0.43958849 | E17: 0.0073790015 | F17: 0.14677181 | G17: 0.11713148 | H17: 0.10499405 | I17: 0.11372503 | J17: -0.11529907 | K17: 0.039444992 | L17: 0.03377593 | M17: -0.22694064 | N17: 0.40510801 | O17: 0.10122677 | P17: 0.076915604 | Q17: 0.10643025 | R17: 0.0019752513 | S17: -0.055132026 | T17: -0.023507589 | U17: 0.052290234 | V17: -0.1163563 | W17: 0.079141989 | X17: 0.10018597 | Y17: 0.0015005013 | Z17: -0.02160849 | AA17: -0.03520979 | AB17: -0.058334161 | AC17: -0.040799011 | AD17: 0.068619823 | AE17: 0.0594435 | AF17: 0.0084112432 | AG17: -0.022740981 | AH17: -0.035472619 | AI17: 0.030587709 | AJ17: -0.042602631 | AK17: 0.073716275 | AL17: 0.050724406 | AM17: 0.075369368 | AN17: 0.11328712 | AO17: 0.012632335 | AP17: -0.077242814 | AQ17: -0.060527137 | AR17: 0.034997281 | AS17: 0.056323562 | AT17: 0.001432682 | AU17: 0.054555507 | AV17: 0.027563054 | AW17: 0.008421888 | AX17: 0.096240559 | AY17: -0.046811981 | AZ17: 0.047980434 | BA17: 0.16280641 | BB17: 0.15327128 | BC17: -0.057764693 | BD17: 0.019411872 | BE17: -0.016297389 | BF17: -0.077417604 | BG17: -0.013153311 | BH17: -0.013519461 | BI17: 0.057449624 | BJ17: 0.089191478 | BK17: 0.11481579 | BL17: 0.0075736051 | BM17: -0.077967326 | BN17: 0.073656768 | BO17: 0.031350299 | BP17: 0.060638147 | BQ17: 0.01137651 | BR17: -0.0096463751 | BS17: -0.0041034691 | BT17: -0.033647573 | BU17: -0.1045243 | BV17: 0.10664392 | BW17: 0.22723409 | BX17: 0.0070957898 | BY17: -0.095860872 | BZ17: 0.12057816 | CA17: 0.027196784 | CB17: 0.14963316 | CC17: 0.041760252 | CD17: 0.17295974 | CE17: 0.095708074 | CF17: -0.095123349 | CG17: 0.17703461 | CH17: 0.058636447 | CI17: -0.082452914 | CJ17: 0.038321941 | CK17: 0.075742962 | CL17: 0.2871791 | CM17: -0.095493871 | CN17: 0.013630624 | CO17: 0.19808042 | CP17: -0.021609529 | CQ17: 0.17312916 | CR17: 0.02300583 | CS17: 0.011545516 | CT17: 0.058653797 | CU17: -0.074408308 | CV17: 0.0038796079 | CW17: -0.023155845 | CX17: 0.024992449 | CY17: 0.059497952 | CZ17: 0.12424884 | DA17: -0.043895859 | DB17: -0.034883011 | DC17: 0.053888322 | DD17: -0.048130589 | DE17: -0.051666263 | DF17: -0.01123137 | DG17: -0.0018392819 | DH17: 0.1634318 | DI17: 0.07018239 | DJ17: -0.045336158 | DK17: -0.10278127 | DL17: -0.0057903457 | DM17: 0.042563609 | DN17: -0.060629183 | DO17: 0.17976293 | DP17: -0.02509743 | DQ17: -0.065244348 | DR17: -0.025726439 | DS17: -0.12431616 | DT17: 0.01674319 | DU17: -0.12949296 | DV17: 0.062269791 | DW17: -0.076598913 | DX17: -0.12953898 | DY17: 0.11213845 | DZ17: 0.049212629 | EA17: 0.011817924 | EB17: -0.07378097 | EC17: 0.016425217 | ED17: -0.082855622 | EE17: 0.00019352115 | EF17: 0.047709767
A18: 137 | B18: 7 | C18: -0.18975112 | D18: 0.40188368 | E18: -0.059000657 | F18: 0.21209065 | G18: 0.13305806 | H18: 0.12853956 | I18: 0.13550018 | J18: -0.12516179 | K18: 0.03158645 | L18: 0.04667272 | M18: -0.25351319 | N18: 0.46182002 | O18: 0.10367049 | P18: 0.054569613 | Q18: 0.12173637 | R18: 0.019326199 | S18: -0.06901334 | T18: -0.0050281402 | U18: 0.028135528 | V18: -0.13125393 | W18: 0.07729628 | X18: 0.12712281 | Y18: 0.024213808 | Z18: -0.016905716 | AA18: -0.041705245 | AB18: -0.061713851 | AC18: -0.074719823 | AD18: 0.096285845 | AE18: 0.077201592 | AF18: -0.0017514919 | AG18: -0.032493116 | AH18: -0.040197461 | AI18: 0.046855541 | AJ18: -0.047393756 | AK18: 0.030152481 | AL18: 0.047527764 | AM18: 0.066643405 | AN18: 0.07929464 | AO18: 0.005427535 | AP18: -0.078278592 | AQ18: -0.076230845 | AR18: 0.061694524 | AS18: 0.085826552 | AT18: 0.029654326 | AU18: 0.064575644 | AV18: 0.035057688 | AW18: 0.024538034 | AX18: 0.10756087 | AY18: -0.042777608 | AZ18: 0.066341276 | BA18: 0.18047976 | BB18: 0.16725802 | BC18: -0.052453267 | BD18: 0.02027514 | BE18: -0.022230541 | BF18: -0.038143151 | BG18: -0.0023082369 | BH18: -0.020503853 | BI18: 0.03348758 | BJ18: 0.099531519 | BK18: 0.073455627 | BL18: 0.026352779 | BM18: -0.069782333 | BN18: 0.078208699 | BO18: 0.0084067313 | BP18: 0.062463432 | BQ18: 0.0019167841 | BR18: -0.0057481936 | BS18: -0.0039836251 | BT18: -0.013299151 | BU18: -0.11146155 | BV18: 0.11550552 | BW18: 0.26103993 | BX18: -0.015811924 | BY18: -0.062686744 | BZ18: 0.15331999 | CA18: 0.033286165 | CB18: 0.10684606 | CC18: 0.10466062 | CD18: 0.19371682 | CE18: 0.077260395 | CF18: -0.10185862 | CG18: 0.22664141 | CH18: 0.16265705 | CI18: -0.11772541 | CJ18: 0.028685007 | CK18: 0.073220034 | CL18: 0.31710861 | CM18: -0.10276961 | CN18: -0.02861759 | CO18: 0.22828209 | CP18: -0.015497672 | CQ18: 0.20974121 | CR18: 0.033743302 | CS18: 0.02812856 | CT18: 0.076870227 | CU18: -0.071648691 | CV18: 0.091040282 | CW18: -0.028328257 | CX18: -0.014078748 | CY18: 0.071432459 | CZ18: 0.13284286 | DA18: -0.04738094 | DB18: -0.045735209 | DC18: 0.049208867 | DD18: -0.0710713 | DE18: -0.039307075 | DF18: -0.035042779 | DG18: -0.0076194732 | DH18: 0.19240138 | DI18: 0.097963127 | DJ18: -0.04520404 | DK18: -0.10652726 | DL18: -0.023410528 | DM18: 0.058457164 | DN18: -0.05687526 | DO18: 0.22032021 | DP18: -0.021510335 | DQ18: -0.061955529 | DR18: -0.010451249 | DS18: -0.147722 | DT18: -0.00740739 | DU18: -0.15871482 | DV18: 0.085403284 | DW18: -0.06863695 | DX18: -0.15360298 | DY18: 0.097428037 | DZ18: 0.054630374 | EA18: -0.0063615627 | EB18: -0.09704269 | EC18: 0.0027641154 | ED18: -0.080269196 | EE18: -0.0011112877 | EF18: 0.048955017
A19: 160 | B19: 6 | C19: -0.19660027 | D19: 0.40752071 | E19: -0.054898094 | F19: 0.23617047 | G19: 0.15286434 | H19: 0.17761032 | I19: 0.13465433 | J19: -0.15623035 | K19: 0.05654097 | L19: 0.030362833 | M19: -0.26154184 | N19: 0.53237404 | O19: 0.092221383 | P19: 0.022785213 | Q19: 0.17046229 | R19: 0.041942629 | S19: -0.078696261 | T19: -0.10952586 | U19: 0.044186858 | V19: -0.11868446 | W19: 0.072415569 | X19: 0.12292315 | Y19: 0.024064305 | Z19: -0.022223239 | AA19: -0.041570185 | AB19: -0.060762351 | AC19: -0.083512867 | AD19: 0.095993378 | AE19: 0.11523187 | AF19: 0.00026256872 | AG19: -0.022136219 | AH19: -0.056557715 | AI19: 0.081770125 | AJ19: -0.05154529 | AK19: 0.0075520425 | AL19: 0.070270946 | AM19: 0.043106012 | AN19: 0.083568294 | AO19: 0.025892903 | AP19: -0.08757412 | AQ19: -0.088252757 | AR19: 0.074616898 | AS19: 0.097796955 | AT19: 0.011184593 | AU19: 0.076428716 | AV19: 0.042677296 | AW19: 0.022356168 | AX19: 0.080206414 | AY19: -0.060853235 | AZ19: 0.084032472 | BA19: 0.18699678 | BB19: 0.20180191 | BC19: -0.061071731 | BD19: -7.3706968e-05 | BE19: -0.030390671 | BF19: -0.049436517 | BG19: 0.00096322011 | BH19: -0.0020182017 | BI19: 0.025936795 | BJ19: 0.051819308 | BK19: 0.097038423 | BL19: 0.025996465 | BM19: -0.088156797 | BN19: 0.08141326 | BO19: -0.018562314 | BP19: 0.012410341 | BQ19: 0.0099340445 | BR19: 0.006675246 | BS19: -0.024256339 | BT19: 0.013193669 | BU19: -0.13067063 | BV19: 0.10008527 | BW19: 0.2959763 | BX19: -0.03639889 | BY19: -0.027675492 | BZ19: 0.068702125 | CA19: 0.035609795 | CB19: 0.12783821 | CC19: 0.022506233 | CD19: 0.2156192 | CE19: 0.088474859 | CF19: -0.11169849 | CG19: 0.26389313 | CH19: 0.15288987 | CI19: -0.16520241 | CJ19: -0.0010381871 | CK19: 0.074585989 | CL19: 0.3111517 | CM19: -0.11023588 | CN19: -0.015943691 | CO19: 0.25123563 | CP19: -0.029036522 | CQ19: 0.22201357 | CR19: 0.024299202 | CS19: 0.043774987 | CT19: 0.026421201 | CU19: -0.083436397 | CV19: 0.10197986 | CW19: -0.032192133 | CX19: 0.0011275946 | CY19: 0.073151337 | CZ19: 0.11285183 | DA19: -0.058223877 | DB19: -0.035720899 | DC19: 0.030276457 | DD19: -0.063547464 | DE19: -0.0060057102 | DF19: -0.069693047 | DG19: -0.012746475 | DH19: 0.22458978 | DI19: 0.10846144 | DJ19: -0.048514351 | DK19: -0.12144231 | DL19: -0.023313545 | DM19: 0.057300431 | DN19: -0.064294394 | DO19: 0.24926195 | DP19: -0.0040024609 | DQ19: -0.050623171 | DR19: -0.017544799 | DS19: -0.17799555 | DT19: -0.0030761272 | DU19: -0.15058192 | DV19: 0.038124131 | DW19: -0.10129597 | DX19: -0.13836513 | DY19: 0.070109578 | DZ19: 0.078537948 | EA19: -0.028079353 | EB19: -0.10624586 | EC19: -0.012190043 | ED19: -0.086159551 | EE19: 0.0073065267 | EF19: 0.016977955
A20: 192 | B20: 5 | C20: -0.20155105 | D20: 0.38202502 | E20: 0.015499988 | F20: 0.18241962 | G20: 0.15802736 | H20: 0.14393228 | I20: 0.15814956 | J20: -0.13320729 | K20: 0.037404685 | L20: 0.030695483 | M20: -0.26869383 | N20: 0.50001148 | O20: 0.099101484 | P20: 0.040028495 | Q20: 0.22482481 | R20: 0.066469633 | S20: -0.057341083 | T20: -0.10084553 | U20: 0.032237658 | V20: -0.13628806 | W20: 0.091084869 | X20: 0.15004231 | Y20: -0.0048557579 | Z20: 0.02915735 | AA20: -0.021594553 | AB20: -0.060423624 | AC20: -0.096309043 | AD20: 0.12984342 | AE20: 0.01731115 | AF20: -0.0064692815 | AG20: -0.027659219 | AH20: -0.090178201 | AI20: 0.078154545 | AJ20: -0.061990035 | AK20: -0.013595115 | AL20: 0.072893452 | AM20: 0.033095981 | AN20: 0.075470194 | AO20: 0.045285082 | AP20: -0.13173046 | AQ20: 0.027452485 | AR20: 0.013289273 | AS20: 0.11209581 | AT20: -0.0028495391 | AU20: 0.075692387 | AV20: 0.071473186 | AW20: 0.0068652682 | AX20: 0.11073255 | AY20: -0.062285594 | AZ20: 0.099804303 | BA20: 0.15133773 | BB20: 0.23121363 | BC20: -0.069885233 | BD20: 0.0083601734 | BE20: -0.038466832 | BF20: -0.0552169 | BG20: -0.051727193 | BH20: 0.071606447 | BI20: 0.023171587 | BJ20: 0.055155921 | BK20: 0.11765037 | BL20: 0.019783342 | BM20: -0.05455591 | BN20: -0.018638027 | BO20: -0.0076105449 | BP20: -0.0072822475 | BQ20: 0.015451707 | BR20: 0.012073632 | BS20: 0.0054075062 | BT20: 0.052467623 | BU20: -0.149441 | BV20: 0.13370992 | BW20: 0.34204268 | BX20: -0.052861422 | BY20: -0.043183483 | BZ20: 0.090271404 | CA20: 0.050216826 | CB20: 0.12649505 | CC20: 0.012915147 | CD20: 0.1810275 | CE20: 0.085778173 | CF20: -0.13120856 | CG20: 0.32193852 | CH20: 0.071864026 | CI20: -0.13148573 | CJ20: -0.012323838 | CK20: 0.062276752 | CL20: 0.29793491 | CM20: -0.096775806 | CN20: -0.019347978 | CO20: 0.29657331 | CP20: 0.0074243419 | CQ20: 0.082519806 | CR20: 0.025362553 | CS20: 0.022293038 | CT20: 0.028414407 | CU20: -0.094867658 | CV20: 0.092511076 | CW20: -0.025816403 | CX20: 0.0093861438 | CY20: 0.10873284 | CZ20: 0.15516165 | DA20: -0.047471893 | DB20: -0.05690271 | DC20: 0.028901161 | DD20: -0.068163012 | DE20: -0.030466569 | DF20: 0.00085912153 | DG20: -0.0042022106 | DH20: 0.27829885 | DI20: 0.13759576 | DJ20: -0.039459946 | DK20: -0.08518754 | DL20: 0.010186969 | DM20: 0.069336107 | DN20: -0.064461202 | DO20: 0.25800136 | DP20: -0.021671262 | DQ20: -0.038540311 | DR20: -0.055557992 | DS20: -0.2060811 | DT20: 0.0048293442 | DU20: -0.17637517 | DV20: -0.030192896 | DW20: -0.10354617 | DX20: -0.15386633 | DY20: 0.053618609 | DZ20: 0.090199646 | EA20: 0.014917025 | EB20: -0.10631227 | EC20: 0.034049581 | ED20: -0.074625658 | EE20: 0.0017409798 | EF20: 0.020281417
A21: 241 | B21: 4 | C21: -0.21462958 | D21: 0.12638792 | E21: -0.00027935227 | F21: 0.2034135 | G21: 0.14533186 | H21: 0.16216409 | I21: 0.14725561 | J21: -0.13674292 | K21: 0.001470296 | L21: -0.0050291533 | M21: -0.19988497 | N21: 0.58489126 | O21: 0.12978246 | P21: 0.045427193 | Q21: 0.27408345 | R21: 0.084905231 | S21: -0.036563292 | T21: -0.13112036 | U21: -0.0098246407 | V21: -0.13175049 | W21: 0.12449862 | X21: 0.20780127 | Y21: -0.01014366 | Z21: 0.039457716 | AA21: 0.019491044 | AB21: -0.065287595 | AC21: -0.15954227 | AD21: 0.12882467 | AE21: 0.010311611 | AF21: -0.033566825 | AG21: -0.044302778 | AH21: -0.10758136 | AI21: 0.079594209 | AJ21: -0.070405342 | AK21: -0.035803168 | AL21: 0.065379823 | AM21: 0.068535807 | AN21: 0.11195606 | AO21: 0.047726396 | AP21: -0.072535144 | AQ21: 0.076865507 | AR21: -0.047988141 | AS21: 0.064455869 | AT21: -0.063444048 | AU21: 0.047809632 | AV21: 0.050897568 | AW21: 0.00979103 | AX21: 0.14314769 | AY21: -0.11887619 | AZ21: 0.10850236 | BA21: 0.13959268 | BB21: 0.29451264 | BC21: -0.080046888 | BD21: 0.038219147 | BE21: -0.040588333 | BF21: -0.062289949 | BG21: -0.078525059 | BH21: 0.076321363 | BI21: 0.046273769 | BJ21: 0.022394062 | BK21: 0.072723115 | BL21: 0.0037527985 | BM21: -0.094970355 | BN21: -0.025790766 | BO21: 0.015004103 | BP21: 0.0041808023 | BQ21: 0.054542231 | BR21: 0.012323862 | BS21: 0.0058601728 | BT21: 0.060820743 | BU21: -0.17073851 | BV21: 0.019240488 | BW21: 0.40213092 | BX21: -0.077165003 | BY21: -0.014916379 | BZ21: 0.047662929 | CA21: 0.095059434 | CB21: 0.20786985 | CC21: -0.0080189543 | CD21: 0.28805606 | CE21: 0.061514882 | CF21: -0.12717048 | CG21: 0.32016678 | CH21: 0.080100321 | CI21: -0.12329335 | CJ21: -0.011956467 | CK21: 0.0085636303 | CL21: 0.36208375 | CM21: -0.11623182 | CN21: -0.011281919 | CO21: 0.33548376 | CP21: -0.096253288 | CQ21: -0.059403617 | CR21: 0.011615789 | CS21: 0.030907746 | CT21: 0.047993104 | CU21: -0.06267356 | CV21: 0.098225632 | CW21: -0.030752481 | CX21: 0.013395524 | CY21: 0.10250516 | CZ21: 0.23745137 | DA21: 0.0011922565 | DB21: -0.051624434 | DC21: 0.048309147 | DD21: -0.067027496 | DE21: -0.054719268 | DF21: 0.021560881 | DG21: 0.0078463781 | DH21: 0.081436188 | DI21: 0.17983983 | DJ21: -0.037911313 | DK21: -0.090895591 | DL21: 0.032208203 | DM21: 0.024988802 | DN21: -0.046874835 | DO21: 0.3316268 | DP21: -0.037108633 | DQ21: -0.028216052 | DR21: -0.05355699 | DS21: -0.20083947 | DT21: -0.0097086429 | DU21: -0.14861472 | DV21: -0.049664404 | DW21: -0.10353449 | DX21: -0.18596621 | DY21: 0.024595996 | DZ21: 0.098930574 | EA21: -0.024865522 | EB21: -0.10329556 | EC21: 0.014037055 | ED21: -0.082730048 | EE21: -0.021310592 | EF21: -0.018771264
A22: 321 | B22: 3 | C22: -0.2052803 | D22: 0.14242785 | E22: -0.041027532 | F22: -0.13986745 | G22: 0.23294542 | H22: 0.12417806 | I22: 0.12349317 | J22: -0.1042535 | K22: 0.02865678 | L22: 0.014273209 | M22: -0.18466279 | N22: 0.75614344 | O22: 0.14348035 | P22: 0.090630874 | Q22: 0.12727089 | R22: 0.066698293 | S22: -0.039234144 | T22: -0.10484897 | U22: 0.052488906 | V22: -0.1756249 | W22: 0.15804775 | X22: 0.25720235 | Y22: -0.069853332 | Z22: 0.023866122 | AA22: 0.0070480169 | AB22: -0.038274054 | AC22: -0.17721308 | AD22: 0.013572789 | AE22: -0.085147686 | AF22: -0.086404239 | AG22: -0.05284154 | AH22: -0.10586596 | AI22: 0.094141261 | AJ22: -0.031699849 | AK22: 0.10128856 | AL22: 0.040340967 | AM22: 0.084088903 | AN22: 0.11113281 | AO22: 0.074717373 | AP22: -0.062536354 | AQ22: 0.079426117 | AR22: -0.067924488 | AS22: 0.082810439 | AT22: 0.0010736947 | AU22: 0.033500452 | AV22: 0.05964614 | AW22: -0.030149389 | AX22: 0.1737634 | AY22: -0.16372433 | AZ22: 0.1551884 | BA22: 0.049774958 | BB22: 0.36955058 | BC22: -0.087333382 | BD22: 0.079259545 | BE22: -0.068483037 | BF22: -0.054886014 | BG22: -0.096178529 | BH22: 0.12796054 | BI22: 0.082345467 | BJ22: 0.040890332 | BK22: 0.048315241 | BL22: 0.017863882 | BM22: -0.12093964 | BN22: -0.082937899 | BO22: 0.038350063 | BP22: 0.00054100012 | BQ22: 0.027830097 | BR22: 0.020813609 | BS22: -0.016372782 | BT22: -0.088726194 | BU22: -0.10435058 | BV22: 0.00068176017 | BW22: 0.4277165 | BX22: -0.1130289 | BY22: 0.032352876 | BZ22: 0.047257736 | CA22: 0.14407874 | CB22: 0.25473926 | CC22: -0.125104 | CD22: 0.33387804 | CE22: 0.066840146 | CF22: -0.15557257 | CG22: 0.44380082 | CH22: 0.11591877 | CI22: -0.23044917 | CJ22: -0.016242848 | CK22: -0.027152497 | CL22: 0.55395437 | CM22: -0.21983249 | CN22: 0.021850307 | CO22: 0.2720595 | CP22: -0.081323106 | CQ22: -0.07446701 | CR22: -0.028422205 | CS22: 0.024439587 | CT22: 0.038262615 | CU22: -0.12023171 | CV22: 0.1122337 | CW22: -0.013499799 | CX22: 0.047285453 | CY22: 0.10451083 | CZ22: 0.26292048 | DA22: -0.0039917539 | DB22: -0.058383507 | DC22: 0.072342034 | DD22: -0.015962578 | DE22: -0.13335614 | DF22: 0.017031775 | DG22: 0.031985043 | DH22: 0.081454382 | DI22: 0.060122111 | DJ22: -0.050246006 | DK22: -0.091428405 | DL22: 0.021680326 | DM22: 0.031884709 | DN22: -0.083173707 | DO22: 0.075715816 | DP22: -0.10509906 | DQ22: -0.051850202 | DR22: -0.0712363 | DS22: -0.19705092 | DT22: -0.043681446 | DU22: -0.16154691 | DV22: 0.053370167 | DW22: -0.081415413 | DX22: -0.22244261 | DY22: -0.0081471166 | DZ22: 0.1108345 | EA22: -0.070548649 | EB22: -0.14292708 | EC22: 0.021495102 | ED22: -0.057499219 | EE22: -0.047636659 | EF22: -0.034790246
A23: 482 | B23: 2 | C23: -0.28298927 | D23: 0.25409263 | E23: -0.080941173 | F23: -0.0037402329 | G23: 0.36163212 | H23: -0.018188471 | I23: 0.14815203 | J23: -0.11487751 | K23: -0.059917885 | L23: 0.050770834 | M23: -0.14728697 | N23: 0.97590144 | O23: 0.20456438 | P23: 0.054681526 | Q23: 0.29117349 | R23: 0.062821978 | S23: -0.072572664 | T23: -0.084676176 | U23: 0.059241789 | V23: -0.2324772 | W23: 0.25954732 | X23: 0.19455646 | Y23: -0.067949922 | Z23: 0.041051967 | AA23: 0.006606292 | AB23: -0.047748945 | AC23: -0.23400862 | AD23: 0.071628868 | AE23: -0.22171324 | AF23: -0.025300492 | AG23: -0.091873658 | AH23: -0.084171585 | AI23: 0.023228267 | AJ23: 0.0056431378 | AK23: 0.1141111 | AL23: 0.13143171 | AM23: 0.007769489 | AN23: 0.2423147 | AO23: -0.0053369522 | AP23: 0.0031210994 | AQ23: 0.089424992 | AR23: -0.14613616 | AS23: -0.014706888 | AT23: 0.016951231 | AU23: 0.033145526 | AV23: -0.09675725 | AW23: -0.05202691 | AX23: 0.069838154 | AY23: -0.16314791 | AZ23: 0.078071577 | BA23: 0.053998339 | BB23: 0.56682653 | BC23: -0.17300006 | BD23: 0.12597278 | BE23: -0.086532395 | BF23: -0.060012944 | BG23: -0.044908675 | BH23: 0.20348398 | BI23: 0.12120552 | BJ23: 0.057493861 | BK23: 0.047849323 | BL23: -0.05343222 | BM23: -0.18414781 | BN23: -0.038453237 | BO23: 0.06181548 | BP23: 0.022475721 | BQ23: 0.072047901 | BR23: 0.017844321 | BS23: -0.073275389 | BT23: -0.21818668 | BU23: -0.10568527 | BV23: -0.017018951 | BW23: 0.60099753 | BX23: -0.068735089 | BY23: 0.039939449 | BZ23: 0.0076697624 | CA23: 0.20637272 | CB23: 0.31616676 | CC23: -0.084544615 | CD23: 0.19167646 | CE23: 0.059602302 | CF23: -0.18343324 | CG23: 0.29290394 | CH23: 0.18019645 | CI23: -0.059122474 | CJ23: 0.038255249 | CK23: -0.056594325 | CL23: 0.82114883 | CM23: -0.23470497 | CN23: 0.049969056 | CO23: 0.26615854 | CP23: -0.11971831 | CQ23: -0.067315098 | CR23: -0.038232839 | CS23: 0.069015371 | CT23: 0.065390215 | CU23: -0.021056596 | CV23: -0.022245137 | CW23: 0.064165112 | CX23: -0.04425408 | CY23: 0.15375033 | CZ23: 0.18199879 | DA23: -0.030982136 | DB23: -0.015955157 | DC23: 0.072416034 | DD23: -0.018407826 | DE23: -0.1414453 | DF23: 0.061942127 | DG23: 0.038270012 | DH23: 0.13922689 | DI23: 0.096040551 | DJ23: -0.087058008 | DK23: -0.091244989 | DL23: -0.056607334 | DM23: 0.046477316 | DN23: -0.11820475 | DO23: 0.12406844 | DP23: -0.038404396 | DQ23: -0.12113204 | DR23: -0.1024258 | DS23: -0.28809658 | DT23: -0.054250461 | DU23: -0.055639479 | DV23: 0.0081332536 | DW23: 0.023051821 | DX23: -0.31349321 | DY23: 0.16987683 | DZ23: -0.21717399 | EA23: -0.023448908 | EB23: -0.1382255 | EC23: -0.036584316 | ED23: 0.038900423 | EE23: -0.069212076 | EF23: -0.047782279
A24: 964 | B24: 1 | C24: -0.099113364 | D24: 0.10060991 | E24: 0.07140033 | F24: 0.075326494 | G24: 0.22960705 | H24: 0.035855797 | I24: -0.0021119332 | J24: -0.1154628 | K24: 0.053732997 | L24: 0.093799693 | M24: -0.21778567 | N24: 1.7690314 | O24: 0.23530919 | P24: 0.0017362889 | Q24: -0.0028471356 | R24: -0.027822824 | S24: -0.01105446 | T24: -0.2878166 | U24: 0.28585629 | V24: -0.098678511 | W24: -0.16456452 | X24: -0.00089887647 | Y24: -0.12031749 | Z24: -0.024394549 | AA24: 0.013547768 | AB24: -0.18425142 | AC24: -0.24616896 | AD24: 0.1011753 | AE24: -0.17526882 | AF24: -0.16570378 | AG24: -0.13873572 | AH24: -0.05669736 | AI24: -0.0088083311 | AJ24: -0.080891244 | AK24: 0.084883953 | AL24: -0.054676935 | AM24: -0.018919281 | AN24: 0.22118947 | AO24: 0.066090112 | AP24: -0.022851715 | AQ24: 0.047076973 | AR24: -0.17083341 | AS24: -0.027956077 | AT24: 0.0059286096 | AU24: 0.04409532 | AV24: -0.019522214 | AW24: 0.0049875415 | AX24: 0.028306187 | AY24: -0.44347344 | AZ24: 0.11862373 | BA24: 0.050491305 | BB24: 0.69077653 | BC24: -0.2057496 | BD24: 0.018631034 | BE24: -0.10413112 | BF24: -0.10023171 | BG24: -0.17662354 | BH24: 0.38625534 | BI24: 0.16926892 | BJ24: 0.19964003 | BK24: 0.034827647 | BL24: -0.030898612 | BM24: -0.37691636 | BN24: -0.10891326 | BO24: -0.0056244216 | BP24: -0.031794104 | BQ24: -0.064169633 | BR24: 0.042356223 | BS24: -0.0012847175 | BT24: -0.27671902 | BU24: -0.0087484923 | BV24: -0.20330415 | BW24: 1.1090121 | BX24: -0.10395503 | BY24: -0.29033687 | BZ24: 0.2588929 | CA24: 0.10002492 | CB24: 0.63969813 | CC24: -0.18246988 | CD24: 0.14430631 | CE24: 0.16556487 | CF24: -0.16513135 | CG24: 0.23727783 | CH24: 0.3542773 | CI24: -0.058508157 | CJ24: 0.05717413 | CK24: 0.031855166 | CL24: 1.14862 | CM24: -0.63643326 | CN24: 0.01491653 | CO24: 0.45247744 | CP24: -0.24933872 | CQ24: -0.17760542 | CR24: -0.096817907 | CS24: -0.026854923 | CT24: -0.11954439 | CU24: -0.072751348 | CV24: 0.015064048 | CW24: -0.0015881422 | CX24: 0.052765259 | CY24: 0.32114775 | CZ24: 0.11220663 | DA24: 0.024511204 | DB24: -0.19546067 | DC24: 0.17955312 | DD24: 0.049299773 | DE24: -0.30663608 | DF24: -0.10466498 | DG24: 0.059105834 | DH24: 0.26580268 | DI24: 0.037184908 | DJ24: -0.13248861 | DK24: -0.11968018 | DL24: -0.031748698 | DM24: 0.00041344525 | DN24: -0.14903326 | DO24: 0.11561196 | DP24: -0.14433064 | DQ24: -0.05048619 | DR24: -0.023391731 | DS24: -0.21626154 | DT24: -0.074733345 | DU24: 0.021781395 | DV24: 0.098046835 | DW24: 0.1011825 | DX24: -0.31159313 | DY24: 0.34380429 | DZ24: -0.43350658 | EA24: 0.077350922 | EB24: -0.10922877 | EC24: -0.014309919 | ED24: -0.069835154 | EE24: -0.10748066 | EF24: 0.067276677
A25: 大盤 | B25: TWII | C25: -0.017446771 | D25: 0.020701061 | E25: 0.023982129 | F25: -0.006557579 | G25: 0.03184513 | H25: 0.034348533 | I25: -0.0082549328 | J25: 0.012843524 | K25: -0.051018525 | L25: 0.00087394274 | M25: 0.023389576 | N25: 0.012988972 | O25: 0.0058545887 | P25: 0.027413207 | Q25: -0.0037129361 | R25: 0.024076614 | S25: -0.012190025 | T25: -0.039749578 | U25: -0.07315545 | V25: -0.05826023 | W25: 0.00077279757 | X25: 0.044591521 | Y25: -0.02769968 | Z25: 0.0020950059 | AA25: -0.023400551 | AB25: 0.032129371 | AC25: 0.038903273 | AD25: -0.042865382 | AE25: 0.018647195 | AF25: 0.015229768 | AG25: 0.036016604 | AH25: 0.0093546114 | AI25: 0.010748251 | AJ25: 0.013357754 | AK25: -0.0053327473 | AL25: 0.0013831358 | AM25: 0.020795928 | AN25: 0.031517702 | AO25: 0.0062417165 | AP25: 0.0061452617 | AQ25: 0.016946358 | AR25: 0.03468283 | AS25: 0.0030985886 | AT25: 0.015081347 | AU25: -0.019251209 | AV25: 0.038711513 | AW25: -0.021856951 | AX25: 0.0077743007 | AY25: 0.042397247 | AZ25: -0.026308975 | BA25: 0.0095717493 | BB25: -0.024249741 | BC25: 0.020163374 | BD25: -0.0035049988 | BE25: 0.020151935 | BF25: 0.00058133623 | BG25: -0.005219701 | BH25: -0.11587176 | BI25: 0.0087252257 | BJ25: -0.016377261 | BK25: 0.020840372 | BL25: 0.044975872 | BM25: 0.023954306 | BN25: 0.030239101 | BO25: -0.043725888 | BP25: 0.02188947 | BQ25: 0.0086274303 | BR25: -0.019192954 | BS25: 0.01973513 | BT25: 0.047694337 | BU25: 0.011454817 | BV25: 0.043228621 | BW25: -0.04274743 | BX25: -0.017811292 | BY25: -0.1511531 | BZ25: 0.124224 | CA25: -0.0045572538 | CB25: 0.06021124 | CC25: 0.085992033 | CD25: -0.0058084796 | CE25: -0.006041347 | CF25: 0.0024523244 | CG25: 0.089636252 | CH25: 0.070992733 | CI25: 0.027170643 | CJ25: 0.052468428 | CK25: 0.029480661 | CL25: 0.066825081 | CM25: -0.028772229 | CN25: 0.039462516 | CO25: -0.029031087 | CP25: 0.013983883 | CQ25: -0.032276965 | CR25: 0.0031035766 | CS25: 0.025591856 | CT25: 0.044391886 | CU25: -0.030338959 | CV25: -0.0012579765 | CW25: 0.0023363565 | CX25: -0.064264145 | CY25: 0.012909779 | CZ25: -0.12547709 | DA25: 0.011690683 | DB25: 0.0063378437 | DC25: -0.11730536 | DD25: -0.036010872 | DE25: 0.1389113 | DF25: -0.051143506 | DG25: 0.076731447 | DH25: 0.015508782 | DI25: 0.023223774 | DJ25: -0.018372876 | DK25: 0.062199014 | DL25: 0.020098304 | DM25: 0.01349894 | DN25: -0.030252213 | DO25: -0.017022836 | DP25: -0.021788523 | DQ25: 0.085745625 | DR25: 0.028106744 | DS25: -0.0023031598 | DT25: 0.058471198 | DU25: 0.067658949 | DV25: 0.0050207706 | DW25: 0.037416184 | DX25: 0.084111004 | DY25: -0.036832399 | DZ25: 0.0030917028 | EA25: -0.0019576282 | EB25: 0.026459104 | EC25: -0.024752539 | ED25: 0.034115491 | EE25: 0.021061974 | EF25: -0.020277393

Sheet 夏普比率
A1: =預測IC!A1 -> NN4
B2: Time | C2: 2013/12 | D2: 2014/01 | E2: 2014/02 | F2: 2014/03 | G2: 2014/04 | H2: 2014/05 | I2: 2014/06 | J2: 2014/07 | K2: 2014/08 | L2: 2014/09 | M2: 2014/10 | N2: 2014/11 | O2: 2014/12 | P2: 2015/01 | Q2: 2015/02 | R2: 2015/03 | S2: 2015/04 | T2: 2015/05 | U2: 2015/06 | V2: 2015/07 | W2: 2015/08 | X2: 2015/09 | Y2: 2015/10 | Z2: 2015/11 | AA2: 2015/12 | AB2: 2016/01 | AC2: 2016/02 | AD2: 2016/03 | AE2: 2016/04 | AF2: 2016/05 | AG2: 2016/06 | AH2: 2016/07 | AI2: 2016/08 | AJ2: 2016/09 | AK2: 2016/10 | AL2: 2016/11 | AM2: 2016/12 | AN2: 2017/01 | AO2: 2017/02 | AP2: 2017/03 | AQ2: 2017/04 | AR2: 2017/05 | AS2: 2017/06 | AT2: 2017/07 | AU2: 2017/08 | AV2: 2017/09 | AW2: 2017/10 | AX2: 2017/11 | AY2: 2017/12 | AZ2: 2018/01 | BA2: 2018/02 | BB2: 2018/03 | BC2: 2018/04 | BD2: 2018/05 | BE2: 2018/06 | BF2: 2018/07 | BG2: 2018/08 | BH2: 2018/09 | BI2: 2018/10 | BJ2: 2018/11 | BK2: 2018/12 | BL2: 2019/01 | BM2: 2019/02 | BN2: 2019/03 | BO2: 2019/04 | BP2: 2019/05 | BQ2: 2019/06 | BR2: 2019/07 | BS2: 2019/08 | BT2: 2019/09 | BU2: 2019/10 | BV2: 2019/11 | BW2: 2019/12 | BX2: 2020/01 | BY2: 2020/02 | BZ2: 2020/03 | CA2: 2020/04 | CB2: 2020/05 | CC2: 2020/06 | CD2: 2020/07 | CE2: 2020/08 | CF2: 2020/09 | CG2: 2020/10 | CH2: 2020/11 | CI2: 2020/12 | CJ2: 2021/01 | CK2: 2021/02 | CL2: 2021/03 | CM2: 2021/04 | CN2: 2021/05 | CO2: 2021/06 | CP2: 2021/07 | CQ2: 2021/08 | CR2: 2021/09 | CS2: 2021/10 | CT2: 2021/11 | CU2: 2021/12 | CV2: 2022/01 | CW2: 2022/02 | CX2: 2022/03 | CY2: 2022/04 | CZ2: 2022/05 | DA2: 2022/06 | DB2: 2022/07 | DC2: 2022/08 | DD2: 2022/09 | DE2: 2022/10 | DF2: 2022/11 | DG2: 2022/12 | DH2: 2023/01 | DI2: 2023/02 | DJ2: 2023/03 | DK2: 2023/04 | DL2: 2023/05 | DM2: 2023/06 | DN2: 2023/07 | DO2: 2023/08 | DP2: 2023/09 | DQ2: 2023/10 | DR2: 2023/11 | DS2: 2023/12 | DT2: 2024/01 | DU2: 2024/02 | DV2: 2024/03 | DW2: 2024/04 | DX2: 2024/05 | DY2: 2024/06 | DZ2: 2024/07 | EA2: 2024/08 | EB2: 2024/09 | EC2: 2024/10 | ED2: 2024/11 | EE2: 2024/12 | EF2: 2025/01 | EG2: 2025/02
B3: bm | C3: 0.036997014 | D3: 0.033297818 | E3: 0.015421638 | F3: 0.016456983 | G3: 0.017226211 | H3: 0.028764108 | I3: 0.024279328 | J3: 0.027316419 | K3: 0.030174005 | L3: 0.025236297 | M3: 0.032729104 | N3: 0.031554761 | O3: 0.034033302 | P3: 0.033212911 | Q3: 0.029103335 | R3: 0.026473653 | S3: 0.028295346 | T3: 0.022620728 | U3: 0.016144007 | V3: 0.025033178 | W3: 0.045784045 | X3: 0.043057814 | Y3: 0.037785746 | Z3: 0.024097455 | AA3: 0.030094427 | AB3: 0.028087063 | AC3: 0.033771067 | AD3: 0.034131704 | AE3: 0.034141409 | AF3: 0.013117941 | AG3: 0.024857354 | AH3: 0.031884444 | AI3: 0.036385761 | AJ3: 0.035948919 | AK3: 0.043482831 | AL3: 0.038462078 | AM3: 0.039410244 | AN3: 0.050743621 | AO3: 0.053684812 | AP3: 0.049314899 | AQ3: 0.032773688 | AR3: 0.028295341 | AS3: 0.028377803 | AT3: 0.023069229 | AU3: 0.029397033 | AV3: 0.031037852 | AW3: 0.026297924 | AX3: 0.026164811 | AY3: 0.032053784 | AZ3: 0.034477531 | BA3: 0.029331891 | BB3: 0.034324948 | BC3: 0.037421777 | BD3: 0.031413722 | BE3: 0.032006411 | BF3: 0.028281828 | BG3: 0.041103437 | BH3: 0.045198779 | BI3: 0.04158804 | BJ3: 0.040723406 | BK3: 0.0363277 | BL3: 0.036173192 | BM3: 0.037708588 | BN3: 0.030814038 | BO3: 0.030655856 | BP3: 0.034399632 | BQ3: 0.03486865 | BR3: 0.03632404 | BS3: 0.036164468 | BT3: 0.038668895 | BU3: 0.041103484 | BV3: 0.028684133 | BW3: 0.03521651 | BX3: 0.0407672 | BY3: 0.021603538 | BZ3: 0.030433669 | CA3: 0.037311958 | CB3: 0.027612053 | CC3: 0.019742955 | CD3: 0.0077914602 | CE3: 0.022526807 | CF3: 0.034778188 | CG3: 0.032581362 | CH3: 0.040909001 | CI3: 0.039050253 | CJ3: 0.0245619 | CK3: 0.034134462 | CL3: 0.035925938 | CM3: 0.042466042 | CN3: 0.036523907 | CO3: 0.03765915 | CP3: 0.039957834 | CQ3: -0.0045921903 | CR3: 0.01500343 | CS3: 0.022458754 | CT3: 0.040972168 | CU3: 0.038942373 | CV3: 0.043015001 | CW3: 0.0397066 | CX3: 0.039171023 | CY3: 0.034940835 | CZ3: 0.036026834 | DA3: 0.044509548 | DB3: 0.039322897 | DC3: 0.037933403 | DD3: 0.039075001 | DE3: 0.041993976 | DF3: 0.041965349 | DG3: 0.040382245 | DH3: 0.03678724 | DI3: 0.036877766 | DJ3: 0.033682094 | DK3: 0.036536443 | DL3: 0.031530556 | DM3: 0.028662238 | DN3: 0.030844743 | DO3: 0.033675364 | DP3: 0.035102178 | DQ3: 0.036708207 | DR3: 0.034114422 | DS3: 0.036715906 | DT3: 0.034828053 | DU3: 0.023365577 | DV3: 0.025240939 | DW3: 0.035159203 | DX3: 0.032304964 | DY3: 0.023258217 | DZ3: 0.028308752 | EA3: 0.031397322 | EB3: 0.037230813 | EC3: 0.03334609 | ED3: 0.034186641 | EE3: 0.025041158 | EF3: 0.034121435
B4: size | C4: -0.049660318 | D4: -0.06445346 | E4: -0.095804929 | F4: -0.076694249 | G4: -0.02651532 | H4: -0.03415165 | I4: -0.04619091 | J4: -0.046178363 | K4: -0.045931909 | L4: -0.04081179 | M4: -0.018734141 | N4: -0.035831184 | O4: -0.057022861 | P4: -0.042462624 | Q4: -0.037772239 | R4: -0.028628159 | S4: -0.030997759 | T4: -0.0067040182 | U4: -0.037956684 | V4: -0.029502006 | W4: -0.041243237 | X4: -0.054483331 | Y4: -0.057374084 | Z4: -0.050628324 | AA4: -0.042319641 | AB4: -0.03427378 | AC4: -0.038455291 | AD4: -0.032603255 | AE4: -0.034794942 | AF4: -0.0016393719 | AG4: -0.03223915 | AH4: -0.025692957 | AI4: -0.030088885 | AJ4: -0.029719525 | AK4: -0.022742981 | AL4: -0.025322144 | AM4: -0.024117366 | AN4: -0.027272205 | AO4: -0.02838312 | AP4: -0.023965544 | AQ4: -0.030304468 | AR4: -0.017736018 | AS4: -0.014939197 | AT4: -0.013608707 | AU4: -0.016423914 | AV4: -0.024039604 | AW4: -0.021378703 | AX4: -0.023051307 | AY4: -0.023942341 | AZ4: -0.015978329 | BA4: -0.029633645 | BB4: -0.036923113 | BC4: -0.022611704 | BD4: -0.02696564 | BE4: -0.030957563 | BF4: -0.018181884 | BG4: -0.015961032 | BH4: -0.021358658 | BI4: -0.018895749 | BJ4: -0.021052816 | BK4: -0.02661183 | BL4: -0.017576751 | BM4: -0.021846036 | BN4: -0.013750921 | BO4: -0.0065027888 | BP4: -0.01217171 | BQ4: 0.00022277284 | BR4: -0.005245064 | BS4: -0.012938426 | BT4: -0.01635034 | BU4: -0.0017286047 | BV4: 0.015184016 | BW4: -0.0037692826 | BX4: -0.016045217 | BY4: -0.018894587 | BZ4: -0.0041566141 | CA4: -0.0182235 | CB4: -0.022303988 | CC4: -0.041111881 | CD4: -0.032535264 | CE4: -0.030323127 | CF4: -0.061293035 | CG4: -0.0441696 | CH4: -0.026870448 | CI4: -0.017734729 | CJ4: -0.011493971 | CK4: -0.01591057 | CL4: -0.015536443 | CM4: -0.01914162 | CN4: 0.0080306048 | CO4: 0.0041846284 | CP4: -0.0074834121 | CQ4: -0.00067070377 | CR4: -0.019179488 | CS4: -0.023347226 | CT4: -0.021789124 | CU4: -0.029507372 | CV4: -0.024862939 | CW4: -0.022835803 | CX4: -0.022235555 | CY4: -0.025586671 | CZ4: -0.030230897 | DA4: -0.043223926 | DB4: -0.044724836 | DC4: -0.070760187 | DD4: -0.057609849 | DE4: -0.034042017 | DF4: -0.027183612 | DG4: -0.03505246 | DH4: -0.0084282458 | DI4: -0.036370698 | DJ4: -0.038760924 | DK4: -0.027971575 | DL4: -0.016270629 | DM4: -0.017815732 | DN4: -0.0080526822 | DO4: -0.023536384 | DP4: -0.02948732 | DQ4: -0.037657448 | DR4: -0.029648059 | DS4: -0.030189606 | DT4: -0.041055976 | DU4: -0.037310577 | DV4: -0.0089387634 | DW4: -0.018377446 | DX4: -0.030385798 | DY4: -0.033048756 | DZ4: -0.030982286 | EA4: -0.031659362 | EB4: -0.036490653 | EC4: -0.041069205 | ED4: -0.031004875 | EE4: -0.023075953 | EF4: -0.01142086
B5: mom | C5: 0.0035923216 | D5: 0.0028862197 | E5: 0.0080135072 | F5: 0.0074387136 | G5: -0.0001698489 | H5: 0.0091359421 | I5: 0.012007171 | J5: 0.0059464453 | K5: 0.016591641 | L5: 0.019201619 | M5: 0.019701815 | N5: 0.020161712 | O5: 0.013437226 | P5: 0.017638047 | Q5: 0.013117422 | R5: 0.013456746 | S5: 0.016544046 | T5: 0.015881273 | U5: 0.025940277 | V5: 0.019680642 | W5: 0.032681747 | X5: 0.028819336 | Y5: -0.036096516 | Z5: -0.0058194738 | AA5: -0.013843619 | AB5: -0.049937139 | AC5: -0.0092081627 | AD5: -0.065956475 | AE5: -0.021735146 | AF5: 0.0089724224 | AG5: -0.011832986 | AH5: -0.0029651907 | AI5: 0.0047857327 | AJ5: 0.0057367074 | AK5: 0.0073926873 | AL5: -0.0018742539 | AM5: -0.0019525231 | AN5: -0.0036238169 | AO5: -0.009160306 | AP5: 0.0025415011 | AQ5: 0.0038483729 | AR5: 0.0034029775 | AS5: 0.00085747229 | AT5: 0.0081789277 | AU5: 0.010057968 | AV5: 0.011137854 | AW5: 0.013378268 | AX5: 0.011884825 | AY5: -6.6054212e-06 | AZ5: 0.0078238779 | BA5: 0.0069892355 | BB5: 0.0071871697 | BC5: -0.0023924144 | BD5: 0.00072638542 | BE5: -0.0022265343 | BF5: -0.0010446614 | BG5: -0.020710825 | BH5: -0.044325198 | BI5: -0.014765945 | BJ5: -0.022277758 | BK5: -0.023506676 | BL5: -0.016596138 | BM5: -0.037766406 | BN5: -0.010040541 | BO5: -0.0074939665 | BP5: 0.0033714478 | BQ5: 0.006820516 | BR5: 0.0055997292 | BS5: 0.015475741 | BT5: 0.0025051396 | BU5: 0.0069054049 | BV5: 0.0067595126 | BW5: 0.0053854478 | BX5: -0.00051415041 | BY5: -0.0042217786 | BZ5: 0.0013635264 | CA5: 0.012340118 | CB5: 0.016161382 | CC5: 0.0021700747 | CD5: 0.0083982369 | CE5: 0.0029924757 | CF5: -0.00083356639 | CG5: -0.00074006182 | CH5: -0.011915383 | CI5: -0.014454668 | CJ5: -0.0072598372 | CK5: -0.0012941788 | CL5: 0.0094434035 | CM5: 0.0051140346 | CN5: 0.0028732793 | CO5: 0.017240476 | CP5: 0.011414218 | CQ5: 0.009006764 | CR5: -0.0020834521 | CS5: -0.021705771 | CT5: -0.0053317796 | CU5: -0.0036870143 | CV5: -0.037795651 | CW5: -0.013894147 | CX5: 0.0066294897 | CY5: -0.0082669791 | CZ5: 0.0016345621 | DA5: 0.00040989739 | DB5: 0.0044160125 | DC5: 0.026999677 | DD5: 0.009318786 | DE5: -0.0077970743 | DF5: -0.0081874226 | DG5: 0.0047082208 | DH5: -0.013667003 | DI5: -0.0070506889 | DJ5: -0.0017588579 | DK5: 0.0033090688 | DL5: 0.0048628678 | DM5: 0.0036150951 | DN5: 0.0062882036 | DO5: 0.0035527335 | DP5: 0.0025222761 | DQ5: -0.010664816 | DR5: 0.010994664 | DS5: -0.0006449021 | DT5: 0.00023512509 | DU5: 0.0073690346 | DV5: 0.0067783152 | DW5: -0.0037712346 | DX5: 0.0011055016 | DY5: 0.003386789 | DZ5: 0.0032550462 | EA5: 0.0062664248 | EB5: -0.017112768 | EC5: -0.020886644 | ED5: -0.0092848105 | EE5: -0.011958727 | EF5: -0.014122559
A6: 選絕對值最大 | C6: {=MATCH(MAX(ABS(C3:C5)), ABS(C3:C5), 0)} -> 2 | D6: {=MATCH(MAX(ABS(D3:D5)), ABS(D3:D5), 0)} -> 2 | E6: {=MATCH(MAX(ABS(E3:E5)), ABS(E3:E5), 0)} -> 2 | F6: {=MATCH(MAX(ABS(F3:F5)), ABS(F3:F5), 0)} -> 2 | G6: {=MATCH(MAX(ABS(G3:G5)), ABS(G3:G5), 0)} -> 2 | H6: {=MATCH(MAX(ABS(H3:H5)), ABS(H3:H5), 0)} -> 2 | I6: {=MATCH(MAX(ABS(I3:I5)), ABS(I3:I5), 0)} -> 2 | J6: {=MATCH(MAX(ABS(J3:J5)), ABS(J3:J5), 0)} -> 2 | ... EG6: {=MATCH(MAX(ABS(EG3:EG5)), ABS(EG3:EG5), 0)} -> 1
C7: =IF(C6=1,"bm",IF(C6=2,"size",IF(C6=3,"mom"))) -> size | D7: =IF(D6=1,"bm",IF(D6=2,"size",IF(D6=3,"mom"))) -> size | E7: =IF(E6=1,"bm",IF(E6=2,"size",IF(E6=3,"mom"))) -> size | F7: =IF(F6=1,"bm",IF(F6=2,"size",IF(F6=3,"mom"))) -> size | G7: =IF(G6=1,"bm",IF(G6=2,"size",IF(G6=3,"mom"))) -> size | H7: =IF(H6=1,"bm",IF(H6=2,"size",IF(H6=3,"mom"))) -> size | I7: =IF(I6=1,"bm",IF(I6=2,"size",IF(I6=3,"mom"))) -> size | J7: =IF(J6=1,"bm",IF(J6=2,"size",IF(J6=3,"mom"))) -> size | ... EG7: =IF(EG6=1,"bm",IF(EG6=2,"size",IF(EG6=3,"mom"))) -> bm
C8: =IF(C6=1,C3,IF(C6=2,C4,IF(C6=3,C5))) -> -0.049660318 | D8: =IF(D6=1,D3,IF(D6=2,D4,IF(D6=3,D5))) -> -0.06445346 | E8: =IF(E6=1,E3,IF(E6=2,E4,IF(E6=3,E5))) -> -0.095804929 | F8: =IF(F6=1,F3,IF(F6=2,F4,IF(F6=3,F5))) -> -0.076694249 | G8: =IF(G6=1,G3,IF(G6=2,G4,IF(G6=3,G5))) -> -0.02651532 | H8: =IF(H6=1,H3,IF(H6=2,H4,IF(H6=3,H5))) -> -0.03415165 | I8: =IF(I6=1,I3,IF(I6=2,I4,IF(I6=3,I5))) -> -0.04619091 | J8: =IF(J6=1,J3,IF(J6=2,J4,IF(J6=3,J5))) -> -0.046178363 | ... EG8: =IF(EG6=1,EG3,IF(EG6=2,EG4,IF(EG6=3,EG5))) -> 0
A10: 投資組合 | C10: 公司數 | D10: 964
A11: 等第 | B11: 分數 | C11: 2014/01 | D11: 2014/02 | E11: 2014/03 | F11: 2014/04 | G11: 2014/05 | H11: 2014/06 | I11: 2014/07 | J11: 2014/08 | K11: 2014/09 | L11: 2014/10 | M11: 2014/11 | N11: 2014/12 | O11: 2015/01 | P11: 2015/02 | Q11: 2015/03 | R11: 2015/04 | S11: 2015/05 | T11: 2015/06 | U11: 2015/07 | V11: 2015/08 | W11: 2015/09 | X11: 2015/10 | Y11: 2015/11 | Z11: 2015/12 | AA11: 2016/01 | AB11: 2016/02 | AC11: 2016/03 | AD11: 2016/04 | AE11: 2016/05 | AF11: 2016/06 | AG11: 2016/07 | AH11: 2016/08 | AI11: 2016/09 | AJ11: 2016/10 | AK11: 2016/11 | AL11: 2016/12 | AM11: 2017/01 | AN11: 2017/02 | AO11: 2017/03 | AP11: 2017/04 | AQ11: 2017/05 | AR11: 2017/06 | AS11: 2017/07 | AT11: 2017/08 | AU11: 2017/09 | AV11: 2017/10 | AW11: 2017/11 | AX11: 2017/12 | AY11: 2018/01 | AZ11: 2018/02 | BA11: 2018/03 | BB11: 2018/04 | BC11: 2018/05 | BD11: 2018/06 | BE11: 2018/07 | BF11: 2018/08 | BG11: 2018/09 | BH11: 2018/10 | BI11: 2018/11 | BJ11: 2018/12 | BK11: 2019/01 | BL11: 2019/02 | BM11: 2019/03 | BN11: 2019/04 | BO11: 2019/05 | BP11: 2019/06 | BQ11: 2019/07 | BR11: 2019/08 | BS11: 2019/09 | BT11: 2019/10 | BU11: 2019/11 | BV11: 2019/12 | BW11: 2020/01 | BX11: 2020/02 | BY11: 2020/03 | BZ11: 2020/04 | CA11: 2020/05 | CB11: 2020/06 | CC11: 2020/07 | CD11: 2020/08 | CE11: 2020/09 | CF11: 2020/10 | CG11: 2020/11 | CH11: 2020/12 | CI11: 2021/01 | CJ11: 2021/02 | CK11: 2021/03 | CL11: 2021/04 | CM11: 2021/05 | CN11: 2021/06 | CO11: 2021/07 | CP11: 2021/08 | CQ11: 2021/09 | CR11: 2021/10 | CS11: 2021/11 | CT11: 2021/12 | CU11: 2022/01 | CV11: 2022/02 | CW11: 2022/03 | CX11: 2022/04 | CY11: 2022/05 | CZ11: 2022/06 | DA11: 2022/07 | DB11: 2022/08 | DC11: 2022/09 | DD11: 2022/10 | DE11: 2022/11 | DF11: 2022/12 | DG11: 2023/01 | DH11: 2023/02 | DI11: 2023/03 | DJ11: 2023/04 | DK11: 2023/05 | DL11: 2023/06 | DM11: 2023/07 | DN11: 2023/08 | DO11: 2023/09 | DP11: 2023/10 | DQ11: 2023/11 | DR11: 2023/12 | DS11: 2024/01 | DT11: 2024/02 | DU11: 2024/03 | DV11: 2024/04 | DW11: 2024/05 | DX11: 2024/06 | DY11: 2024/07 | DZ11: 2024/08 | EA11: 2024/09 | EB11: 2024/10 | EC11: 2024/11 | ED11: 2024/12 | EE11: 2025/01 | EF11: 2025/02 | EG11: 平均值 | EH11: 標準差 | EI11: 夏普比率
A12: 10 | B12: 96 | C12: 0.084653347 | D12: 0.11468863 | E12: 0.048026823 | F12: 0.013421104 | G12: 0.011724668 | H12: 0.038530512 | I12: 0.012809789 | J12: -0.029408123 | K12: 0.01877438 | L12: -0.041890941 | M12: -0.015551804 | N12: 0.069326987 | O12: 0.017240739 | P12: 0.00022997129 | Q12: 0.035269885 | R12: 0.0066628838 | S12: -0.016472395 | T12: -0.043243489 | U12: -0.016178599 | V12: 0.0062044701 | W12: 0.022278442 | X12: 0.02707389 | Y12: 0.015440368 | Z12: 0.0051659076 | AA12: -0.011512546 | AB12: -0.01073333 | AC12: 0.0051673798 | AD12: 0.0025304298 | AE12: -0.058316963 | AF12: 0.020432151 | AG12: 0.012079128 | AH12: 0.013405805 | AI12: 0.019506051 | AJ12: 0.012983748 | AK12: 0.048123704 | AL12: 0.017859003 | AM12: 0.030086116 | AN12: 0.069233234 | AO12: 0.002228793 | AP12: -0.033718345 | AQ12: -0.0076219364 | AR12: 0.013526259 | AS12: 0.019099718 | AT12: 0.013834905 | AU12: 0.020708659 | AV12: -0.041360085 | AW12: 0.00062147702 | AX12: 0.043598467 | AY12: 0.024955293 | AZ12: -0.0023000261 | BA12: 0.071276156 | BB12: 0.0057853949 | BC12: 0.012272789 | BD12: 0.013630557 | BE12: 0.01860881 | BF12: 0.067792352 | BG12: 0.033670862 | BH12: 0.01422336 | BI12: 0.050021253 | BJ12: -0.00079599332 | BK12: -0.021284665 | BL12: 0.024709246 | BM12: -0.050305685 | BN12: 0.011516536 | BO12: 0.02424631 | BP12: -0.010508985 | BQ12: 0.01389675 | BR12: -0.0022610085 | BS12: 0.018863293 | BT12: 0.022031469 | BU12: 0.0087815171 | BV12: 0.023062456 | BW12: -0.029483769 | BX12: 0.011477162 | BY12: -0.0333708 | BZ12: 0.045356946 | CA12: -0.034400287 | CB12: 0.0019432421 | CC12: 0.065566613 | CD12: 0.044258489 | CE12: 0.15400701 | CF12: 0.0040778953 | CG12: 0.0003086485 | CH12: 0.063297372 | CI12: -0.034655912 | CJ12: 0.01544518 | CK12: 0.012803144 | CL12: 0.11801561 | CM12: -0.015219726 | CN12: -0.027083701 | CO12: -0.027266127 | CP12: 0.045299021 | CQ12: -0.062684347 | CR12: 0.048146625 | CS12: -0.01450965 | CT12: -0.00082403602 | CU12: 0.035623716 | CV12: 0.0081126264 | CW12: 0.0055479247 | CX12: 0.060989883 | CY12: -0.0059829422 | CZ12: 0.077792327 | DA12: 0.0056037841 | DB12: 0.088981816 | DC12: 0.011472973 | DD12: -0.039091997 | DE12: 0.0011981084 | DF12: -0.0068345257 | DG12: -0.00094770894 | DH12: -0.003822682 | DI12: -0.054443173 | DJ12: 0.015118208 | DK12: -0.015945953 | DL12: -0.00035467602 | DM12: -0.0048403492 | DN12: 0.042410365 | DO12: 0.022599734 | DP12: 0.03258445 | DQ12: -0.03386212 | DR12: 0.018778943 | DS12: -0.035726155 | DT12: 0.025117616 | DU12: -0.057230283 | DV12: 0.048550824 | DW12: 0.043725564 | DX12: -0.050152081 | DY12: 0.053145311 | DZ12: 0.0062271493 | EA12: 0.051097633 | EB12: 0.0028283268 | EC12: -0.0098063813 | ED12: -0.060508153 | EE12: 0.011917096 | EF12: 0.039233348 | EG12: =AVERAGE(C12:EF12) -> 0.012224183 | EH12: =STDEV(C12:EF12) -> 0.03632697 | EI12: =EG12/EH12 -> 0.33650433
A13: 20 | B13: 48 | C13: 0.10411275 | D13: 0.12374503 | E13: 0.069861556 | F13: -0.01145524 | G13: 0.015744426 | H13: 0.029989632 | I13: 0.029130595 | J13: -0.043899227 | K13: -0.0013673068 | L13: -0.0060251613 | M13: 0.0077086563 | N13: 0.099806917 | O13: 0.039789292 | P13: 0.016791628 | Q13: 0.073224368 | R13: 0.014159944 | S13: -0.012243671 | T13: -0.052899803 | U13: 0.0015970162 | V13: -0.020094328 | W13: 0.031103088 | X13: 0.053276895 | Y13: 0.013920993 | Z13: 0.020583761 | AA13: -0.016440619 | AB13: -0.015001573 | AC13: 0.0080314398 | AD13: 0.020440228 | AE13: -0.065719382 | AF13: 0.031940464 | AG13: 0.0032823102 | AH13: 0.0096413392 | AI13: 0.01206755 | AJ13: -0.01628047 | AK13: 0.065987913 | AL13: 0.023151429 | AM13: 0.046282444 | AN13: 0.10533024 | AO13: 0.0093111879 | AP13: -0.05955084 | AQ13: -0.0060492888 | AR13: 0.010689186 | AS13: 0.041313118 | AT13: 0.040463088 | AU13: 0.040976126 | AV13: -0.0094754726 | AW13: 0.0040800136 | AX13: 0.067153788 | AY13: 0.017564346 | AZ13: -0.0081034675 | BA13: 0.07982912 | BB13: 0.026046346 | BC13: 0.011283767 | BD13: 0.0033444284 | BE13: 0.027391806 | BF13: 0.083929415 | BG13: 0.046566462 | BH13: 0.0084757298 | BI13: 0.052409132 | BJ13: -0.016847086 | BK13: -0.018391025 | BL13: 0.03194786 | BM13: -0.053371769 | BN13: 0.011052542 | BO13: 0.030878716 | BP13: 0.0094326957 | BQ13: 0.041653064 | BR13: -0.0066814175 | BS13: 0.0074194718 | BT13: 0.038343506 | BU13: 0.017706555 | BV13: 0.020653597 | BW13: 0.0017632378 | BX13: 0.021078068 | BY13: -0.014512398 | BZ13: 0.076138123 | CA13: -0.033531566 | CB13: -0.0065958267 | CC13: 0.12011817 | CD13: 0.055256048 | CE13: 0.18382784 | CF13: 0.018228941 | CG13: 0.0075602687 | CH13: 0.058334612 | CI13: -0.051853509 | CJ13: -0.003106088 | CK13: 0.032045269 | CL13: 0.081453366 | CM13: -0.010296804 | CN13: -0.026887566 | CO13: -0.013457459 | CP13: 0.06972654 | CQ13: -0.071178865 | CR13: 0.064380649 | CS13: 0.0039476507 | CT13: 0.0080707993 | CU13: 0.037161402 | CV13: -0.0029533122 | CW13: 0.0059770309 | CX13: 0.060033255 | CY13: -0.01311874 | CZ13: 0.05722422 | DA13: -0.0055836769 | DB13: 0.10623532 | DC13: 0.023540999 | DD13: -0.051406654 | DE13: 0.0059289571 | DF13: -0.028518797 | DG13: -0.0016306572 | DH13: 0.011295768 | DI13: -0.045977025 | DJ13: 0.0059835846 | DK13: 0.012409074 | DL13: -0.016300246 | DM13: -0.006658869 | DN13: 0.011499578 | DO13: 0.046891412 | DP13: 0.048786636 | DQ13: -0.033966462 | DR13: 0.013771209 | DS13: -0.038887628 | DT13: 0.05083126 | DU13: -0.033006159 | DV13: 0.079620144 | DW13: 0.04441779 | DX13: -0.06452338 | DY13: 0.056981339 | DZ13: 0.018302124 | EA13: 0.062118677 | EB13: 0.021373218 | EC13: -0.018776004 | ED13: -0.065682094 | EE13: 0.0079525936 | EF13: 0.066577215 | EG13: =AVERAGE(C13:EF13) -> 0.017978749 | EH13: =STDEV(C13:EF13) -> 0.042571185 | EI13: =EG13/EH13 -> 0.42232203
A14: 50 | B14: 19 | C14: 0.11994149 | D14: 0.22230845 | E14: 0.098768248 | F14: 0.034542464 | G14: 0.085148762 | H14: 0.059587806 | I14: 0.077114962 | J14: -0.10509439 | K14: 0.012451162 | L14: -0.0084804476 | M14: 0.0049945201 | N14: 0.20483258 | O14: 0.039642308 | P14: 0.047779764 | Q14: 0.058237946 | R14: -0.014151796 | S14: 0.0385341 | T14: -0.06984148 | U14: 0.03657913 | V14: -0.038375546 | W14: 0.074008159 | X14: 0.053581709 | Y14: -0.016762663 | Z14: 0.021252201 | AA14: -0.0026273998 | AB14: -0.027335979 | AC14: -0.029292084 | AD14: 0.069874592 | AE14: -0.0040189068 | AF14: 0.040420703 | AG14: 0.006390201 | AH14: 0.0052502779 | AI14: 0.072072951 | AJ14: 0.015059036 | AK14: 0.076911431 | AL14: 0.03796919 | AM14: 0.061242166 | AN14: 0.098594667 | AO14: 0.060905705 | AP14: -0.069976525 | AQ14: -0.00036796774 | AR14: 0.03764584 | AS14: 0.085376986 | AT14: 0.03450658 | AU14: 0.039991649 | AV14: -0.018682885 | AW14: -0.018362932 | AX14: 0.13695103 | AY14: 0.015068119 | AZ14: -0.053348569 | BA14: 0.096337325 | BB14: 0.10189834 | BC14: -0.009820999 | BD14: 0.043327782 | BE14: 0.043787063 | BF14: 0.040770522 | BG14: 0.041374264 | BH14: 0.0053427556 | BI14: 0.050185213 | BJ14: -0.020017224 | BK14: -0.0055937517 | BL14: 0.059737767 | BM14: -0.046278325 | BN14: 0.020936538 | BO14: 0.033609046 | BP14: 0.015673733 | BQ14: 0.015843524 | BR14: -0.02792943 | BS14: -0.041493955 | BT14: 0.074012962 | BU14: -0.0088548354 | BV14: 0.025727182 | BW14: 0.012507948 | BX14: 0.05497076 | BY14: -0.0065962934 | BZ14: 0.060034057 | CA14: -0.024465266 | CB14: 0.022127617 | CC14: 0.12059616 | CD14: 0.047921841 | CE14: 0.1705553 | CF14: -0.020310217 | CG14: 0.13892668 | CH14: 0.064661392 | CI14: -0.10588478 | CJ14: -0.028667855 | CK14: 0.014016364 | CL14: 0.062269955 | CM14: 0.03204001 | CN14: -0.023026689 | CO14: -0.07358772 | CP14: 0.099809331 | CQ14: -0.0322279 | CR14: 0.062640655 | CS14: -0.0038161133 | CT14: 0.019100577 | CU14: -0.043917103 | CV14: 0.022745715 | CW14: -0.0033983825 | CX14: 0.036299409 | CY14: -0.02875912 | CZ14: 0.064063563 | DA14: -0.024304289 | DB14: 0.10460744 | DC14: 0.014753761 | DD14: -0.053899967 | DE14: 0.0053842996 | DF14: -0.035856631 | DG14: 0.011446556 | DH14: 0.0047748372 | DI14: -0.05859782 | DJ14: 0.015897592 | DK14: 0.019071063 | DL14: -0.015165162 | DM14: 0.0055042691 | DN14: 0.042662496 | DO14: 0.041375645 | DP14: 0.043539716 | DQ14: -0.056019286 | DR14: 0.052622519 | DS14: -0.035044906 | DT14: 0.11767251 | DU14: -0.068795273 | DV14: 0.10826235 | DW14: 0.098344367 | DX14: -0.10193151 | DY14: 0.0742587 | DZ14: 0.035031 | EA14: 0.10752548 | EB14: 0.033177333 | EC14: -0.01929146 | ED14: -0.10262971 | EE14: 0.018867157 | EF14: 0.06995642 | EG14: =AVERAGE(C14:EF14) -> 0.025218076 | EH14: =STDEV(C14:EF14) -> 0.058326888 | EI14: =EG14/EH14 -> 0.43235765
A15: 100 | B15: 10 | C15: 0.22764466 | D15: 0.37270922 | E15: 0.06204568 | F15: 0.090303713 | G15: 0.096605591 | H15: 0.1188437 | I15: 0.12672874 | J15: -0.06452469 | K15: -0.0042103664 | L15: 0.012967085 | M15: 0.025497709 | N15: 0.33030934 | O15: 0.046103493 | P15: 0.052983283 | Q15: 0.10037535 | R15: 0.016755436 | S15: -0.043033934 | T15: -0.066800125 | U15: 0.046790243 | V15: -0.085680882 | W15: 0.10254359 | X15: 0.078436412 | Y15: -0.024188619 | Z15: -0.023656419 | AA15: 0.046586124 | AB15: -0.022166401 | AC15: -0.04005513 | AD15: 0.081713375 | AE15: 0.047286476 | AF15: 0.065819612 | AG15: -0.0097453106 | AH15: -0.033604373 | AI15: 0.085430111 | AJ15: 0.00946486 | AK15: 0.06175962 | AL15: 0.044431662 | AM15: 0.055122622 | AN15: 0.10168871 | AO15: 0.063369812 | AP15: -0.078285694 | AQ15: -0.037367127 | AR15: 0.090293855 | AS15: 0.053821179 | AT15: 0.065254991 | AU15: 0.039943261 | AV15: -0.047226818 | AW15: 0.015659939 | AX15: 0.12523398 | AY15: 0.028017064 | AZ15: -0.09132328 | BA15: 0.15768795 | BB15: 0.1087891 | BC15: 0.062155144 | BD15: 0.053043274 | BE15: 0.048442721 | BF15: 0.047662979 | BG15: 0.0024895387 | BH15: 0.034441845 | BI15: 0.068586659 | BJ15: -0.011265027 | BK15: 0.00082375227 | BL15: 0.059403871 | BM15: -0.048219004 | BN15: 0.04014257 | BO15: 0.027734476 | BP15: 0.014184221 | BQ15: 0.012802931 | BR15: -0.050157429 | BS15: -0.016823777 | BT15: 0.089060206 | BU15: 0.01947642 | BV15: 0.058914968 | BW15: -0.03594589 | BX15: 0.028635895 | BY15: -0.061694091 | BZ15: 0.10290647 | CA15: -0.018592021 | CB15: 0.015056894 | CC15: 0.17365171 | CD15: 0.08909452 | CE15: 0.07336812 | CF15: -0.0036268169 | CG15: 0.22573123 | CH15: 0.062885958 | CI15: -0.038798415 | CJ15: -0.087044356 | CK15: 0.056672646 | CL15: 0.031421975 | CM15: 0.074631116 | CN15: -0.042634116 | CO15: -0.12944902 | CP15: 0.12753584 | CQ15: 0.02496336 | CR15: 0.024374319 | CS15: 0.016910987 | CT15: 0.007394575 | CU15: -0.06317866 | CV15: -0.0061418469 | CW15: -0.01248466 | CX15: 0.024039607 | CY15: -0.042470673 | CZ15: 0.079886948 | DA15: -0.026375835 | DB15: 0.097048242 | DC15: 0.076727024 | DD15: -0.067526409 | DE15: 0.024948715 | DF15: -0.042391306 | DG15: 0.016196732 | DH15: -0.018709011 | DI15: -0.011718449 | DJ15: 0.047566622 | DK15: 0.10177483 | DL15: 0.062635494 | DM15: -0.023808547 | DN15: 0.043996497 | DO15: 0.046296727 | DP15: 0.023735602 | DQ15: -0.07293808 | DR15: 0.070010567 | DS15: -0.076241908 | DT15: 0.034296399 | DU15: -0.11712765 | DV15: 0.13976836 | DW15: 0.025538627 | DX15: -0.11861625 | DY15: 0.14360957 | DZ15: 0.040455653 | EA15: 0.10917693 | EB15: 0.048518573 | EC15: -0.017785518 | ED15: -0.11335706 | EE15: -0.016245415 | EF15: 0.065700991 | EG15: =AVERAGE(C15:EF15) -> 0.032002321 | EH15: =STDEV(C15:EF15) -> 0.077309796 | EI15: =EG15/EH15 -> 0.41394911
A16: 107 | B16: 9 | C16: 0.20787478 | D16: 0.40819498 | E16: 0.065006577 | F16: 0.12425979 | G16: 0.10901251 | H16: 0.072848056 | I16: 0.1117923 | J16: -0.068694033 | K16: 0.017925105 | L16: 0.031027151 | M16: 0.040334455 | N16: 0.36698761 | O16: 0.015621092 | P16: 0.061979735 | Q16: 0.096618173 | R16: 0.019182762 | S16: -0.042415183 | T16: -0.06721906 | U16: 0.048651516 | V16: -0.10431618 | W16: 0.10166568 | X16: 0.073678278 | Y16: -0.0042874471 | Z16: -0.020075795 | AA16: 0.050225527 | AB16: -0.032295414 | AC16: -0.041040523 | AD16: 0.053136056 | AE16: 0.051534992 | AF16: 0.063685843 | AG16: -0.0083019076 | AH16: -0.0317654 | AI16: 0.049078043 | AJ16: -0.0070259661 | AK16: 0.064421401 | AL16: 0.048688933 | AM16: 0.066076731 | AN16: 0.1064562 | AO16: 0.061424672 | AP16: -0.077798368 | AQ16: -0.0384662 | AR16: 0.10329118 | AS16: 0.065068225 | AT16: 0.049547155 | AU16: 0.041826838 | AV16: -0.0090725068 | AW16: 0.03925293 | AX16: 0.10082977 | AY16: 0.03381259 | AZ16: -0.10490964 | BA16: 0.1599907 | BB16: 0.13247474 | BC16: 0.067121466 | BD16: 0.035936712 | BE16: 0.051410994 | BF16: 0.064268054 | BG16: 0.013473282 | BH16: -0.013775614 | BI16: 0.041443808 | BJ16: -0.020503816 | BK16: 0.0029719903 | BL16: 0.070623566 | BM16: -0.039497985 | BN16: 0.047905833 | BO16: 0.02189036 | BP16: 0.020843184 | BQ16: 0.016478016 | BR16: -0.026296848 | BS16: -0.013191573 | BT16: 0.085483191 | BU16: 0.05776511 | BV16: 0.060711239 | BW16: -0.065740927 | BX16: 0.031559238 | BY16: -0.050563733 | BZ16: 0.11152585 | CA16: -0.02971439 | CB16: -0.001428045 | CC16: 0.044388153 | CD16: 0.08775109 | CE16: 0.09361423 | CF16: -0.014696063 | CG16: 0.14619604 | CH16: 0.041697415 | CI16: -0.038709882 | CJ16: -0.045523551 | CK16: 0.076472984 | CL16: 0.015878682 | CM16: 0.088988628 | CN16: -0.033057515 | CO16: -0.18245195 | CP16: 0.13663169 | CQ16: 0.02033378 | CR16: 0.025228657 | CS16: 0.021807009 | CT16: 0.0050674065 | CU16: -0.063434654 | CV16: -0.016751084 | CW16: -0.0091941595 | CX16: 0.012240285 | CY16: -0.049117049 | CZ16: 0.10263326 | DA16: -0.029804794 | DB16: 0.098017283 | DC16: 0.063740659 | DD16: -0.074371115 | DE16: 0.034444372 | DF16: -0.023146433 | DG16: 0.014452948 | DH16: -0.019129343 | DI16: -0.013233426 | DJ16: 0.051753221 | DK16: 0.13359436 | DL16: 0.065113036 | DM16: -0.03033095 | DN16: 0.042437853 | DO16: 0.053221908 | DP16: 0.019841949 | DQ16: -0.06756052 | DR16: 0.055191252 | DS16: -0.093752065 | DT16: 0.032059492 | DU16: -0.12277205 | DV16: 0.13695373 | DW16: 0.04091773 | DX16: -0.12528471 | DY16: 0.15757213 | DZ16: 0.058810748 | EA16: 0.13979902 | EB16: 0.078610639 | EC16: -0.024937997 | ED16: -0.11541675 | EE16: -0.023090712 | EF16: 0.042474401 | EG16: =AVERAGE(C16:EF16) -> 0.031482595 | EH16: =STDEV(C16:EF16) -> 0.079538381 | EI16: =EG16/EH16 -> 0.39581639
A17: 120 | B17: 8 | C17: 0.20609219 | D17: 0.43958849 | E17: 0.079589849 | F17: 0.14677181 | G17: 0.11713148 | H17: 0.10499405 | I17: 0.067489655 | J17: -0.11529907 | K17: 0.039444992 | L17: 0.03377593 | M17: 0.064932035 | N17: 0.40510801 | O17: 0.024632055 | P17: 0.076915604 | Q17: 0.10643025 | R17: 0.0019752513 | S17: -0.055132026 | T17: -0.071202015 | U17: 0.052290234 | V17: -0.1163563 | W17: 0.11960398 | X17: 0.10018597 | Y17: 0.0015005013 | Z17: -0.02160849 | AA17: 0.062254197 | AB17: -0.044538303 | AC17: -0.040799011 | AD17: 0.049777375 | AE17: 0.0594435 | AF17: 0.06142931 | AG17: -0.0013516708 | AH17: -0.035472619 | AI17: 0.030587709 | AJ17: -0.042602631 | AK17: 0.073716275 | AL17: 0.050724406 | AM17: 0.075369368 | AN17: 0.11328712 | AO17: 0.012632335 | AP17: -0.077242814 | AQ17: -0.060527137 | AR17: 0.11393071 | AS17: 0.056323562 | AT17: 0.052267806 | AU17: 0.054555507 | AV17: -0.021205903 | AW17: 0.008421888 | AX17: 0.096240559 | AY17: 0.027423697 | AZ17: -0.1251576 | BA17: 0.16280641 | BB17: 0.15327128 | BC17: 0.083863195 | BD17: 0.022356482 | BE17: 0.077350242 | BF17: 0.055197497 | BG17: -0.035394236 | BH17: 0.013519461 | BI17: 0.087111945 | BJ17: -0.0098580643 | BK17: -0.013822952 | BL17: 0.077482967 | BM17: -0.029059011 | BN17: 0.046915526 | BO17: 0.035179615 | BP17: 0.03599598 | BQ17: 0.01137651 | BR17: -0.0096463751 | BS17: -0.0041034691 | BT17: 0.10941638 | BU17: 0.071127819 | BV17: 0.070210303 | BW17: -0.080431713 | BX17: 0.028822965 | BY17: -0.084245468 | BZ17: 0.12057816 | CA17: -0.027934832 | CB17: -0.010477707 | CC17: 0.041760252 | CD17: 0.064105945 | CE17: 0.095708074 | CF17: -0.095123349 | CG17: 0.17703461 | CH17: 0.058636447 | CI17: -0.014531185 | CJ17: -0.050742321 | CK17: 0.091738573 | CL17: -0.0094263448 | CM17: 0.13456934 | CN17: -0.026718061 | CO17: -0.20253863 | CP17: 0.14815927 | CQ17: -0.051907103 | CR17: 0.02300583 | CS17: 0.011545516 | CT17: 0.049260056 | CU17: -0.074408308 | CV17: 0.0038796079 | CW17: -0.019761854 | CX17: 0.010772395 | CY17: -0.049383299 | CZ17: 0.12424884 | DA17: -0.043895859 | DB17: 0.10427163 | DC17: 0.053888322 | DD17: -0.048130589 | DE17: 0.043723416 | DF17: -0.01123137 | DG17: -0.0018392819 | DH17: -0.038726651 | DI17: -0.0052932443 | DJ17: 0.0571465 | DK17: 0.15603643 | DL17: 0.073515601 | DM17: -0.052252911 | DN17: 0.035489033 | DO17: 0.05345137 | DP17: -0.016518508 | DQ17: -0.065244348 | DR17: 0.055884815 | DS17: -0.12431616 | DT17: 0.01674319 | DU17: -0.12949296 | DV17: 0.1177654 | DW17: 0.048681483 | DX17: -0.12953898 | DY17: 0.1072829 | DZ17: 0.049212629 | EA17: 0.16457152 | EB17: 0.087100349 | EC17: -0.020361159 | ED17: -0.12832444 | EE17: -0.02541336 | EF17: 0.047709767 | EG17: =AVERAGE(C17:EF17) -> 0.031251715 | EH17: =STDEV(C17:EF17) -> 0.088565557 | EI17: =EG17/EH17 -> 0.35286533
A18: 137 | B18: 7 | C18: 0.18975112 | D18: 0.40188368 | E18: 0.05343935 | F18: 0.21209065 | G18: 0.13305806 | H18: 0.12853956 | I18: 0.054952663 | J18: -0.12516179 | K18: 0.03158645 | L18: 0.04667272 | M18: 0.079702577 | N18: 0.46182002 | O18: 0.024323875 | P18: 0.054569613 | Q18: 0.12173637 | R18: 0.019326199 | S18: -0.06901334 | T18: -0.05424444 | U18: 0.028135528 | V18: -0.13125393 | W18: 0.13791724 | X18: 0.12712281 | Y18: 0.024213808 | Z18: -0.016905716 | AA18: 0.054804498 | AB18: -0.062644805 | AC18: -0.074719823 | AD18: 0.072443789 | AE18: 0.077201592 | AF18: 0.031873418 | AG18: -0.0086183644 | AH18: -0.040197461 | AI18: 0.046855541 | AJ18: -0.047393756 | AK18: 0.030152481 | AL18: 0.047527764 | AM18: 0.066643405 | AN18: 0.07929464 | AO18: 0.005427535 | AP18: -0.078278592 | AQ18: -0.076230845 | AR18: 0.12454551 | AS18: 0.085826552 | AT18: 0.04332565 | AU18: 0.064575644 | AV18: -0.028768756 | AW18: 0.024538034 | AX18: 0.10756087 | AY18: 0.034783279 | AZ18: -0.14840908 | BA18: 0.18047976 | BB18: 0.16725802 | BC18: 0.083201573 | BD18: -0.024016272 | BE18: 0.068361213 | BF18: 0.045884536 | BG18: -0.016806241 | BH18: 0.020503853 | BI18: 0.10900001 | BJ18: 0.0059560641 | BK18: -0.058003244 | BL18: 0.081157674 | BM18: -0.028081356 | BN18: 0.05277439 | BO18: 0.020227496 | BP18: 0.04685754 | BQ18: 0.0019167841 | BR18: -0.0057481936 | BS18: -0.0039836251 | BT18: 0.11523675 | BU18: 0.080677444 | BV18: 0.080923395 | BW18: -0.085311087 | BX18: 0.019018475 | BY18: -0.12307498 | BZ18: 0.15331999 | CA18: -0.016076544 | CB18: -0.024577357 | CC18: 0.10466062 | CD18: 0.050445795 | CE18: 0.077260395 | CF18: -0.10185862 | CG18: 0.22664141 | CH18: 0.16265705 | CI18: -0.03886914 | CJ18: -0.062313678 | CK18: 0.090667784 | CL18: -0.030989545 | CM18: 0.14364854 | CN18: -0.035086254 | CO18: -0.23157388 | CP18: 0.16283911 | CQ18: -0.038242676 | CR18: 0.033743302 | CS18: 0.02812856 | CT18: 0.090515429 | CU18: -0.071648691 | CV18: 0.091040282 | CW18: -0.0084560856 | CX18: 0.061560186 | CY18: -0.051357414 | CZ18: 0.13284286 | DA18: -0.04738094 | DB18: 0.11811472 | DC18: 0.049208867 | DD18: -0.0710713 | DE18: 0.049173445 | DF18: -0.035042779 | DG18: -0.0076194732 | DH18: -0.028038013 | DI18: -0.016114629 | DJ18: 0.050654511 | DK18: 0.15851363 | DL18: 0.081397743 | DM18: -0.066508141 | DN18: -0.016722064 | DO18: 0.042104908 | DP18: -0.020604686 | DQ18: -0.061955529 | DR18: 0.076840655 | DS18: -0.147722 | DT18: -0.00740739 | DU18: -0.15871482 | DV18: 0.10564061 | DW18: 0.081908692 | DX18: -0.15360298 | DY18: 0.13683311 | DZ18: 0.054630374 | EA18: 0.19894575 | EB18: 0.099846378 | EC18: -0.019600516 | ED18: -0.11047802 | EE18: -0.013853754 | EF18: 0.048955017 | EG18: =AVERAGE(C18:EF18) -> 0.033358542 | EH18: =STDEV(C18:EF18) -> 0.098073908 | EI18: =EG18/EH18 -> 0.34013676
A19: 160 | B19: 6 | C19: 0.19660027 | D19: 0.40752071 | E19: 0.065814207 | F19: 0.23617047 | G19: 0.15286434 | H19: 0.17761032 | I19: 0.047463405 | J19: -0.15623035 | K19: 0.05654097 | L19: 0.030362833 | M19: 0.086210339 | N19: 0.53237404 | O19: -0.019797434 | P19: 0.022785213 | Q19: 0.17046229 | R19: 0.041942629 | S19: -0.078696261 | T19: -0.027154278 | U19: 0.044186858 | V19: -0.11868446 | W19: 0.14662099 | X19: 0.12292315 | Y19: 0.024064305 | Z19: -0.022223239 | AA19: 0.047300122 | AB19: -0.051718753 | AC19: -0.083512867 | AD19: 0.023997457 | AE19: 0.11523187 | AF19: 0.038785667 | AG19: 0.019297545 | AH19: -0.056557715 | AI19: 0.081770125 | AJ19: -0.05154529 | AK19: 0.0075520425 | AL19: 0.070270946 | AM19: 0.043106012 | AN19: 0.083568294 | AO19: 0.025892903 | AP19: -0.08757412 | AQ19: -0.088252757 | AR19: 0.15351756 | AS19: 0.097796955 | AT19: 0.049294982 | AU19: 0.076428716 | AV19: -0.050033021 | AW19: 0.022356168 | AX19: 0.080206414 | AY19: 0.02952897 | AZ19: -0.18687962 | BA19: 0.18699678 | BB19: 0.20180191 | BC19: 0.064055486 | BD19: -0.0032343926 | BE19: 0.051131874 | BF19: 0.013570974 | BG19: -0.016343658 | BH19: 0.0020182017 | BI19: 0.12779863 | BJ19: 0.021707302 | BK19: -0.051749526 | BL19: 0.079964658 | BM19: -0.031786265 | BN19: 0.067252647 | BO19: 0.025728961 | BP19: 0.062818808 | BQ19: 0.0099340445 | BR19: 0.006675246 | BS19: -0.024256339 | BT19: 0.14163268 | BU19: 0.075936251 | BV19: 0.093655241 | BW19: -0.10896696 | BX19: 0.034087785 | BY19: -0.10764974 | BZ19: 0.068702125 | CA19: -0.029328755 | CB19: -0.048041169 | CC19: 0.022506233 | CD19: 0.087664948 | CE19: 0.088474859 | CF19: -0.11169849 | CG19: 0.26389313 | CH19: 0.15288987 | CI19: -0.037066946 | CJ19: -0.0619405 | CK19: 0.10396772 | CL19: -0.04324028 | CM19: 0.17534764 | CN19: -0.076932655 | CO19: -0.2724544 | CP19: 0.1590326 | CQ19: -0.032394608 | CR19: 0.024299202 | CS19: 0.043774987 | CT19: 0.12262043 | CU19: -0.083436397 | CV19: 0.10197986 | CW19: -0.021901808 | CX19: 0.057634726 | CY19: -0.07092187 | CZ19: 0.11285183 | DA19: -0.058223877 | DB19: 0.14796185 | DC19: 0.030276457 | DD19: -0.063547464 | DE19: 0.054024955 | DF19: -0.069693047 | DG19: -0.012746475 | DH19: -0.00015698313 | DI19: 0.0036664244 | DJ19: 0.080499602 | DK19: 0.12414459 | DL19: 0.070167408 | DM19: -0.081952255 | DN19: 0.0024751231 | DO19: 0.055126563 | DP19: 0.027838014 | DQ19: -0.050623171 | DR19: 0.075962353 | DS19: -0.17799555 | DT19: -0.0030761272 | DU19: -0.15058192 | DV19: 0.11152471 | DW19: 0.060609139 | DX19: -0.13836513 | DY19: 0.13924868 | DZ19: 0.078537948 | EA19: 0.23304583 | EB19: 0.02177277 | EC19: -0.03132511 | ED19: -0.15093532 | EE19: 0.012634043 | EF19: 0.016977955 | EG19: =AVERAGE(C19:EF19) -> 0.033775334 | EH19: =STDEV(C19:EF19) -> 0.10744983 | EI19: =EG19/EH19 -> 0.31433586
A20: 192 | B20: 5 | C20: 0.20155105 | D20: 0.38202502 | E20: 0.05733635 | F20: 0.18241962 | G20: 0.15802736 | H20: 0.14393228 | I20: 0.027935542 | J20: -0.13320729 | K20: 0.037404685 | L20: 0.030695483 | M20: 0.10013341 | N20: 0.50001148 | O20: -0.11011453 | P20: 0.040028495 | Q20: 0.22482481 | R20: 0.066469633 | S20: -0.057341083 | T20: 0.015662911 | U20: 0.032237658 | V20: -0.13628806 | W20: 0.17308538 | X20: 0.15004231 | Y20: -0.0048557579 | Z20: 0.02915735 | AA20: 0.066961979 | AB20: -0.032898545 | AC20: -0.096309043 | AD20: 0.026987304 | AE20: 0.01731115 | AF20: 0.039044678 | AG20: -0.0062417404 | AH20: -0.090178201 | AI20: 0.078154545 | AJ20: -0.061990035 | AK20: -0.013595115 | AL20: 0.072893452 | AM20: 0.033095981 | AN20: 0.075470194 | AO20: 0.045285082 | AP20: -0.13173046 | AQ20: 0.027452485 | AR20: 0.170049 | AS20: 0.11209581 | AT20: 0.0058587738 | AU20: 0.075692387 | AV20: -0.054625714 | AW20: 0.0068652682 | AX20: 0.11073255 | AY20: 0.038674698 | AZ20: -0.21380243 | BA20: 0.15133773 | BB20: 0.23121363 | BC20: 0.070605568 | BD20: -0.053429813 | BE20: -0.0059467971 | BF20: 0.0056885823 | BG20: -0.0069261427 | BH20: -0.071606447 | BI20: 0.13174527 | BJ20: 0.021629512 | BK20: -0.059233168 | BL20: 0.086292231 | BM20: -0.047468551 | BN20: 0.11855724 | BO20: -0.038461718 | BP20: 0.060407521 | BQ20: 0.015451707 | BR20: 0.012073632 | BS20: 0.0054075062 | BT20: 0.14780303 | BU20: 0.098754949 | BV20: 0.11591833 | BW20: -0.13550325 | BX20: 0.030693637 | BY20: -0.10523397 | BZ20: 0.090271404 | CA20: -0.040102728 | CB20: -0.03825195 | CC20: 0.012915147 | CD20: 0.096064648 | CE20: 0.085778173 | CF20: -0.13120856 | CG20: 0.32193852 | CH20: 0.071864026 | CI20: -0.030394674 | CJ20: -0.12344032 | CK20: 0.090978397 | CL20: -0.092184934 | CM20: 0.18905117 | CN20: 0.022159411 | CO20: -0.41597134 | CP20: 0.19203121 | CQ20: -0.023118045 | CR20: 0.025362553 | CS20: 0.022293038 | CT20: 0.090474037 | CU20: -0.094867658 | CV20: 0.092511076 | CW20: 0.0099530629 | CX20: 0.090298551 | CY20: -0.012479733 | CZ20: 0.15516165 | DA20: -0.047471893 | DB20: 0.07696807 | DC20: 0.028901161 | DD20: -0.068163012 | DE20: -0.026749864 | DF20: 0.00085912153 | DG20: -0.0042022106 | DH20: -0.010975412 | DI20: -0.022876732 | DJ20: 0.08127702 | DK20: 0.084953981 | DL20: 0.075826636 | DM20: 0.0092836503 | DN20: 0.058019207 | DO20: 0.065815802 | DP20: 0.0098305314 | DQ20: -0.038540311 | DR20: 0.07851266 | DS20: -0.2060811 | DT20: 0.0048293442 | DU20: -0.17637517 | DV20: 0.12934547 | DW20: 0.069060204 | DX20: -0.15386633 | DY20: 0.12159146 | DZ20: 0.090199646 | EA20: 0.29368998 | EB20: 0.039067633 | EC20: 0.022976412 | ED20: -0.17691886 | EE20: 0.0023672309 | EF20: 0.020281417 | EG20: =AVERAGE(C20:EF20) -> 0.031945674 | EH20: =STDEV(C20:EF20) -> 0.11491063 | EI20: =EG20/EH20 -> 0.27800451
A21: 241 | B21: 4 | C21: 0.21462958 | D21: 0.12638792 | E21: -0.01369017 | F21: 0.2034135 | G21: 0.14533186 | H21: 0.16216409 | I21: 0.014111278 | J21: -0.13674292 | K21: 0.001470296 | L21: -0.0050291533 | M21: 0.07566065 | N21: 0.58489126 | O21: -0.13927749 | P21: 0.045427193 | Q21: 0.27408345 | R21: 0.084905231 | S21: -0.036563292 | T21: -0.014040364 | U21: -0.0098246407 | V21: -0.13175049 | W21: 0.15778848 | X21: 0.20780127 | Y21: -0.01014366 | Z21: 0.039457716 | AA21: 0.028033456 | AB21: -0.021955944 | AC21: -0.15954227 | AD21: -0.025933276 | AE21: 0.010311611 | AF21: 0.05312561 | AG21: -0.010570753 | AH21: -0.10758136 | AI21: 0.079594209 | AJ21: -0.070405342 | AK21: -0.035803168 | AL21: 0.065379823 | AM21: 0.068535807 | AN21: 0.11195606 | AO21: 0.047726396 | AP21: -0.072535144 | AQ21: 0.076865507 | AR21: 0.20518228 | AS21: 0.064455869 | AT21: -0.0024929113 | AU21: 0.047809632 | AV21: -0.05552078 | AW21: 0.00979103 | AX21: 0.14314769 | AY21: 0.047021291 | AZ21: -0.25491127 | BA21: 0.13959268 | BB21: 0.29451264 | BC21: 0.038321148 | BD21: -0.021750863 | BE21: 0.0063505334 | BF21: 0.0035771002 | BG21: 0.036635189 | BH21: -0.076321363 | BI21: 0.1659696 | BJ21: 0.023579026 | BK21: -0.06844988 | BL21: 0.14272109 | BM21: -0.040795286 | BN21: 0.063647948 | BO21: -0.063857236 | BP21: 0.10450913 | BQ21: 0.054542231 | BR21: 0.012323862 | BS21: 0.0058601728 | BT21: 0.13224469 | BU21: 0.13549646 | BV21: 0.142143 | BW21: -0.1466792 | BX21: -0.0029908193 | BY21: -0.050379851 | BZ21: 0.047662929 | CA21: -0.060517603 | CB21: -0.063421391 | CC21: -0.0080189543 | CD21: 0.084423551 | CE21: 0.061514882 | CF21: -0.12717048 | CG21: 0.32016678 | CH21: 0.080100321 | CI21: -0.080499616 | CJ21: -0.085627757 | CK21: 0.12705055 | CL21: -0.13389042 | CM21: 0.22550299 | CN21: 0.03053889 | CO21: -0.51486525 | CP21: 0.22270006 | CQ21: -0.022912194 | CR21: 0.011615789 | CS21: 0.030907746 | CT21: 0.082292873 | CU21: -0.06267356 | CV21: 0.098225632 | CW21: 0.065005417 | CX21: 0.10212218 | CY21: -0.0084819164 | CZ21: 0.23745137 | DA21: 0.0011922565 | DB21: 0.071461214 | DC21: 0.048309147 | DD21: -0.067027496 | DE21: 0.012238109 | DF21: 0.021560881 | DG21: 0.0078463781 | DH21: 0.01407682 | DI21: 0.034407478 | DJ21: 0.073302792 | DK21: 0.13950271 | DL21: 0.098364939 | DM21: -0.02983412 | DN21: 0.071197612 | DO21: 0.082445792 | DP21: 0.024266155 | DQ21: -0.028216052 | DR21: 0.050170859 | DS21: -0.20083947 | DT21: -0.0097086429 | DU21: -0.14861472 | DV21: 0.14027598 | DW21: 0.12824787 | DX21: -0.18596621 | DY21: 0.16673097 | DZ21: 0.098930574 | EA21: 0.26605683 | EB21: 0.0084081462 | EC21: 0.027188932 | ED21: -0.054498856 | EE21: 0.014428852 | EF21: -0.018771264 | EG21: =AVERAGE(C21:EF21) -> 0.034546902 | EH21: =STDEV(C21:EF21) -> 0.12312916 | EI21: =EG21/EH21 -> 0.2805745
A22: 321 | B22: 3 | C22: 0.2052803 | D22: 0.14242785 | E22: -0.017355099 | F22: -0.13986745 | G22: 0.23294542 | H22: 0.12417806 | I22: 0.017437343 | J22: -0.1042535 | K22: 0.02865678 | L22: 0.014273209 | M22: -0.22515861 | N22: 0.75614344 | O22: -0.066442332 | P22: 0.090630874 | Q22: 0.12727089 | R22: 0.066698293 | S22: -0.039234144 | T22: -0.020238612 | U22: 0.052488906 | V22: -0.1756249 | W22: 0.20748027 | X22: 0.25720235 | Y22: -0.069853332 | Z22: 0.023866122 | AA22: 0.11812061 | AB22: 0.0038652301 | AC22: -0.17721308 | AD22: -0.018593749 | AE22: -0.085147686 | AF22: 0.047182316 | AG22: -0.045973813 | AH22: -0.10586596 | AI22: 0.094141261 | AJ22: -0.031699849 | AK22: 0.10128856 | AL22: 0.040340967 | AM22: 0.084088903 | AN22: 0.11113281 | AO22: 0.074717373 | AP22: -0.062536354 | AQ22: 0.079426117 | AR22: 0.25053268 | AS22: 0.082810439 | AT22: -0.025136362 | AU22: 0.033500452 | AV22: -0.059813177 | AW22: -0.030149389 | AX22: 0.1737634 | AY22: 0.071733385 | AZ22: -0.15490378 | BA22: 0.049774958 | BB22: 0.36955058 | BC22: -0.13083694 | BD22: -0.022174181 | BE22: 0.022216183 | BF22: 0.013638817 | BG22: 0.046279512 | BH22: -0.12796054 | BI22: 0.11108872 | BJ22: 0.054996415 | BK22: -0.041839636 | BL22: 0.16178034 | BM22: -0.0024304832 | BN22: -0.015327552 | BO22: -0.050484429 | BP22: 0.07483555 | BQ22: 0.027830097 | BR22: 0.020813609 | BS22: -0.016372782 | BT22: 0.1305307 | BU22: 0.21294877 | BV22: 0.15854397 | BW22: -0.1746685 | BX22: 0.036637446 | BY22: -0.0047467864 | BZ22: 0.047257736 | CA22: -0.027490078 | CB22: -0.14899328 | CC22: -0.125104 | CD22: 0.095518543 | CE22: 0.066840146 | CF22: -0.15557257 | CG22: 0.44380082 | CH22: 0.11591877 | CI22: -0.11777975 | CJ22: -0.10337951 | CK22: 0.036163343 | CL22: -0.2406518 | CM22: 0.320432 | CN22: -0.0085467718 | CO22: -0.64995647 | CP22: 0.25940856 | CQ22: -0.017159616 | CR22: -0.028422205 | CS22: 0.024439587 | CT22: 0.058232521 | CU22: -0.12023171 | CV22: 0.1122337 | CW22: 0.036451253 | CX22: 0.0037495933 | CY22: -0.0079888258 | CZ22: 0.26292048 | DA22: -0.0039917539 | DB22: 0.054041622 | DC22: 0.072342034 | DD22: -0.015962578 | DE22: -0.005491758 | DF22: 0.017031775 | DG22: 0.031985043 | DH22: 0.013945346 | DI22: 0.063560999 | DJ22: 0.042776922 | DK22: 0.17913471 | DL22: 0.12494165 | DM22: -0.063466051 | DN22: 0.046763328 | DO22: 0.1234375 | DP22: 0.010227258 | DQ22: -0.051850202 | DR22: -0.0060925526 | DS22: -0.19705092 | DT22: -0.043681446 | DU22: -0.16154691 | DV22: 0.12570512 | DW22: 0.078389724 | DX22: -0.22244261 | DY22: 0.11995602 | DZ22: 0.1108345 | EA22: 0.14035616 | EB22: -0.080596728 | EC22: 0.088085447 | ED22: -0.077413567 | EE22: 0.033446304 | EF22: -0.034790246 | EG22: =AVERAGE(C22:EF22) -> 0.026924343 | EH22: =STDEV(C22:EF22) -> 0.14625772 | EI22: =EG22/EH22 -> 0.18408835
A23: 482 | B23: 2 | C23: 0.28298927 | D23: 0.25409263 | E23: 0.13300519 | F23: -0.0037402329 | G23: 0.36163212 | H23: -0.018188471 | I23: -0.036386489 | J23: -0.11487751 | K23: -0.059917885 | L23: 0.050770834 | M23: -0.26256935 | N23: 0.97590144 | O23: -0.12289971 | P23: 0.054681526 | Q23: 0.29117349 | R23: 0.062821978 | S23: -0.072572664 | T23: -0.00037336921 | U23: 0.059241789 | V23: -0.2324772 | W23: 0.33161915 | X23: 0.19455646 | Y23: -0.067949922 | Z23: 0.041051967 | AA23: 0.15164933 | AB23: 0.030991385 | AC23: -0.23400862 | AD23: -0.0029952916 | AE23: -0.22171324 | AF23: 0.06690626 | AG23: -0.0020576771 | AH23: -0.084171585 | AI23: 0.023228267 | AJ23: 0.0056431378 | AK23: 0.1141111 | AL23: 0.13143171 | AM23: 0.007769489 | AN23: 0.2423147 | AO23: -0.0053369522 | AP23: 0.0031210994 | AQ23: 0.089424992 | AR23: 0.33674404 | AS23: -0.014706888 | AT23: -0.041427722 | AU23: 0.033145526 | AV23: -0.027638994 | AW23: -0.05202691 | AX23: 0.069838154 | AY23: 0.17023398 | AZ23: -0.063753617 | BA23: 0.053998339 | BB23: 0.56682653 | BC23: -0.30082825 | BD23: 0.094830881 | BE23: -0.071430762 | BF23: -0.022846991 | BG23: 0.074761471 | BH23: -0.20348398 | BI23: 0.19111208 | BJ23: 0.10400332 | BK23: 0.0020341083 | BL23: 0.1495343 | BM23: 0.069495462 | BN23: -0.0069471708 | BO23: 0.036524942 | BP23: 0.098266399 | BQ23: 0.072047901 | BR23: 0.017844321 | BS23: -0.073275389 | BT23: 0.14364981 | BU23: 0.20568774 | BV23: 0.11346757 | BW23: -0.20215233 | BX23: -0.0082131197 | BY23: -0.010205693 | BZ23: 0.0076697624 | CA23: -0.0756532 | CB23: -0.2176142 | CC23: -0.084544615 | CD23: 0.14124194 | CE23: 0.059602302 | CF23: -0.18343324 | CG23: 0.29290394 | CH23: 0.18019645 | CI23: -0.30989942 | CJ23: -0.019875368 | CK23: 0.096116995 | CL23: -0.40866101 | CM23: 0.38673295 | CN23: -0.053005178 | CO23: -0.90892329 | CP23: 0.31136074 | CQ23: 0.02470227 | CR23: -0.038232839 | CS23: 0.069015371 | CT23: 0.045662542 | CU23: -0.021056596 | CV23: -0.022245137 | CW23: 0.10090133 | CX23: -0.088716994 | CY23: 0.022046531 | CZ23: 0.18199879 | DA23: -0.030982136 | DB23: 0.018747066 | DC23: 0.072416034 | DD23: -0.018407826 | DE23: -0.009395226 | DF23: 0.061942127 | DG23: 0.038270012 | DH23: 0.055413447 | DI23: 0.053479597 | DJ23: -0.033824576 | DK23: 0.27783322 | DL23: 0.21610106 | DM23: -0.019497305 | DN23: 0.006497196 | DO23: 0.1640913 | DP23: 0.047088233 | DQ23: -0.12113204 | DR23: -0.089886003 | DS23: -0.28809658 | DT23: -0.054250461 | DU23: -0.055639479 | DV23: 0.27627161 | DW23: 0.14122823 | DX23: -0.31349321 | DY23: -0.053926225 | DZ23: -0.21717399 | EA23: -0.02875878 | EB23: -0.06275344 | EC23: 0.093644533 | ED23: -0.091425905 | EE23: 0.059050684 | EF23: -0.047782279 | EG23: =AVERAGE(C23:EF23) -> 0.025798074 | EH23: =STDEV(C23:EF23) -> 0.19109655 | EI23: =EG23/EH23 -> 0.13500021
A24: 964 | B24: 1 | C24: 0.099113364 | D24: 0.10060991 | E24: 0.2845125 | F24: 0.075326494 | G24: 0.22960705 | H24: 0.035855797 | I24: 0.016927089 | J24: -0.1154628 | K24: 0.053732997 | L24: 0.093799693 | M24: -0.46302754 | N24: 1.7690314 | O24: -0.24427786 | P24: 0.0017362889 | Q24: -0.0028471356 | R24: -0.027822824 | S24: -0.01105446 | T24: 0.12369104 | U24: 0.28585629 | V24: -0.098678511 | W24: 0.49571199 | X24: -0.00089887647 | Y24: -0.12031749 | Z24: -0.024394549 | AA24: 0.094359583 | AB24: 0.30039379 | AC24: -0.24616896 | AD24: -0.059922147 | AE24: -0.17526882 | AF24: 0.02252201 | AG24: 0.10590047 | AH24: -0.05669736 | AI24: -0.0088083311 | AJ24: -0.080891244 | AK24: 0.084883953 | AL24: -0.054676935 | AM24: -0.018919281 | AN24: 0.22118947 | AO24: 0.066090112 | AP24: -0.022851715 | AQ24: 0.047076973 | AR24: 0.0096392566 | AS24: -0.027956077 | AT24: 0.030459207 | AU24: 0.04409532 | AV24: -0.087151952 | AW24: 0.0049875415 | AX24: 0.028306187 | AY24: 0.16812729 | AZ24: 0.037867074 | BA24: 0.050491305 | BB24: 0.69077653 | BC24: -0.80321601 | BD24: 0.18559522 | BE24: -0.046064354 | BF24: 0.087651336 | BG24: 0.026835966 | BH24: -0.38625534 | BI24: 0.22362911 | BJ24: 0.0033483158 | BK24: 0.0040235469 | BL24: 0.31716429 | BM24: -0.08478294 | BN24: 0.0068493418 | BO24: -0.16110969 | BP24: 0.12335118 | BQ24: -0.064169633 | BR24: 0.042356223 | BS24: -0.0012847175 | BT24: 0.1162707 | BU24: 0.22832663 | BV24: 0.10772845 | BW24: -0.061835884 | BX24: -0.13296006 | BY24: 0.10974567 | BZ24: 0.2588929 | CA24: -0.11522168 | CB24: 0.20876197 | CC24: -0.18246988 | CD24: 0.029953526 | CE24: 0.16556487 | CF24: -0.16513135 | CG24: 0.23727783 | CH24: 0.3542773 | CI24: 0.32845182 | CJ24: 0.013109485 | CK24: 0.093530079 | CL24: 0.14175533 | CM24: 0.54958711 | CN24: -0.10773877 | CO24: -0.77665322 | CP24: 0.1603442 | CQ24: 0.16018965 | CR24: -0.096817907 | CS24: -0.026854923 | CT24: 0.096419008 | CU24: -0.072751348 | CV24: 0.015064048 | CW24: 0.17511717 | CX24: 0.055207194 | CY24: -0.080066905 | CZ24: 0.11220663 | DA24: 0.024511204 | DB24: -0.016501866 | DC24: 0.17955312 | DD24: 0.049299773 | DE24: -0.17606276 | DF24: -0.10466498 | DG24: 0.059105834 | DH24: 0.00084652507 | DI24: 0.14187546 | DJ24: 0.021081471 | DK24: 0.33950921 | DL24: 0.21310443 | DM24: -0.14143953 | DN24: 0.23333457 | DO24: 0.1854408 | DP24: 0.11437343 | DQ24: -0.05048619 | DR24: -0.02051563 | DS24: -0.21626154 | DT24: -0.074733345 | DU24: 0.021781395 | DV24: 0.1582247 | DW24: 0.10885709 | DX24: -0.31159313 | DY24: -0.0032398766 | DZ24: -0.43350658 | EA24: -0.054920184 | EB24: -0.029582176 | EC24: 0.14364347 | ED24: -0.056172845 | EE24: 0.11342944 | EF24: 0.067276677 | EG24: =AVERAGE(C24:EF24) -> 0.04166681 | EH24: =STDEV(C24:EF24) -> 0.24630108 | EI24: =EG24/EH24 -> 0.16917023
A25: 大盤 | B25: TWII | C25: -0.017446771 | D25: 0.020701061 | E25: 0.023982129 | F25: -0.006557579 | G25: 0.03184513 | H25: 0.034348533 | I25: -0.0082549328 | J25: 0.012843524 | K25: -0.051018525 | L25: 0.00087394274 | M25: 0.023389576 | N25: 0.012988972 | O25: 0.0058545887 | P25: 0.027413207 | Q25: -0.0037129361 | R25: 0.024076614 | S25: -0.012190025 | T25: -0.039749578 | U25: -0.07315545 | V25: -0.05826023 | W25: 0.00077279757 | X25: 0.044591521 | Y25: -0.02769968 | Z25: 0.0020950059 | AA25: -0.023400551 | AB25: 0.032129371 | AC25: 0.038903273 | AD25: -0.042865382 | AE25: 0.018647195 | AF25: 0.015229768 | AG25: 0.036016604 | AH25: 0.0093546114 | AI25: 0.010748251 | AJ25: 0.013357754 | AK25: -0.0053327473 | AL25: 0.0013831358 | AM25: 0.020795928 | AN25: 0.031517702 | AO25: 0.0062417165 | AP25: 0.0061452617 | AQ25: 0.016946358 | AR25: 0.03468283 | AS25: 0.0030985886 | AT25: 0.015081347 | AU25: -0.019251209 | AV25: 0.038711513 | AW25: -0.021856951 | AX25: 0.0077743007 | AY25: 0.042397247 | AZ25: -0.026308975 | BA25: 0.0095717493 | BB25: -0.024249741 | BC25: 0.020163374 | BD25: -0.0035049988 | BE25: 0.020151935 | BF25: 0.00058133623 | BG25: -0.005219701 | BH25: -0.11587176 | BI25: 0.0087252257 | BJ25: -0.016377261 | BK25: 0.020840372 | BL25: 0.044975872 | BM25: 0.023954306 | BN25: 0.030239101 | BO25: -0.043725888 | BP25: 0.02188947 | BQ25: 0.0086274303 | BR25: -0.019192954 | BS25: 0.01973513 | BT25: 0.047694337 | BU25: 0.011454817 | BV25: 0.043228621 | BW25: -0.04274743 | BX25: -0.017811292 | BY25: -0.1511531 | BZ25: 0.124224 | CA25: -0.0045572538 | CB25: 0.06021124 | CC25: 0.085992033 | CD25: -0.0058084796 | CE25: -0.006041347 | CF25: 0.0024523244 | CG25: 0.089636252 | CH25: 0.070992733 | CI25: 0.027170643 | CJ25: 0.052468428 | CK25: 0.029480661 | CL25: 0.066825081 | CM25: -0.028772229 | CN25: 0.039462516 | CO25: -0.029031087 | CP25: 0.013983883 | CQ25: -0.032276965 | CR25: 0.0031035766 | CS25: 0.025591856 | CT25: 0.044391886 | CU25: -0.030338959 | CV25: -0.0012579765 | CW25: 0.0023363565 | CX25: -0.064264145 | CY25: 0.012909779 | CZ25: -0.12547709 | DA25: 0.011690683 | DB25: 0.0063378437 | DC25: -0.11730536 | DD25: -0.036010872 | DE25: 0.1389113 | DF25: -0.051143506 | DG25: 0.076731447 | DH25: 0.015508782 | DI25: 0.023223774 | DJ25: -0.018372876 | DK25: 0.062199014 | DL25: 0.020098304 | DM25: 0.01349894 | DN25: -0.030252213 | DO25: -0.017022836 | DP25: -0.021788523 | DQ25: 0.085745625 | DR25: 0.028106744 | DS25: -0.0023031598 | DT25: 0.058471198 | DU25: 0.067658949 | DV25: 0.0050207706 | DW25: 0.037416184 | DX25: 0.084111004 | DY25: -0.036832399 | DZ25: 0.0030917028 | EA25: -0.0019576282 | EB25: 0.026459104 | EC25: -0.024752539 | ED25: 0.034115491 | EE25: 0.021061974 | EF25: -0.020277393 | EG25: =AVERAGE(C25:EF25) -> 0.0073485376 | EH25: =STDEV(C25:EF25) -> 0.04227637 | EI25: =EG25/EH25 -> 0.1738214

Sheet NN4再投資累積報酬
A1: NN4
B2: Time | C2: 2013/12 | D2: 2014/01 | E2: 2014/02 | F2: 2014/03 | G2: 2014/04 | H2: 2014/05 | I2: 2014/06 | J2: 2014/07 | K2: 2014/08 | L2: 2014/09 | M2: 2014/10 | N2: 2014/11 | O2: 2014/12 | P2: 2015/01 | Q2: 2015/02 | R2: 2015/03 | S2: 2015/04 | T2: 2015/05 | U2: 2015/06 | V2: 2015/07 | W2: 2015/08 | X2: 2015/09 | Y2: 2015/10 | Z2: 2015/11 | AA2: 2015/12 | AB2: 2016/01 | AC2: 2016/02 | AD2: 2016/03 | AE2: 2016/04 | AF2: 2016/05 | AG2: 2016/06 | AH2: 2016/07 | AI2: 2016/08 | AJ2: 2016/09 | AK2: 2016/10 | AL2: 2016/11 | AM2: 2016/12 | AN2: 2017/01 | AO2: 2017/02 | AP2: 2017/03 | AQ2: 2017/04 | AR2: 2017/05 | AS2: 2017/06 | AT2: 2017/07 | AU2: 2017/08 | AV2: 2017/09 | AW2: 2017/10 | AX2: 2017/11 | AY2: 2017/12 | AZ2: 2018/01 | BA2: 2018/02 | BB2: 2018/03 | BC2: 2018/04 | BD2: 2018/05 | BE2: 2018/06 | BF2: 2018/07 | BG2: 2018/08 | BH2: 2018/09 | BI2: 2018/10 | BJ2: 2018/11 | BK2: 2018/12 | BL2: 2019/01 | BM2: 2019/02 | BN2: 2019/03 | BO2: 2019/04 | BP2: 2019/05 | BQ2: 2019/06 | BR2: 2019/07 | BS2: 2019/08 | BT2: 2019/09 | BU2: 2019/10 | BV2: 2019/11 | BW2: 2019/12 | BX2: 2020/01 | BY2: 2020/02 | BZ2: 2020/03 | CA2: 2020/04 | CB2: 2020/05 | CC2: 2020/06 | CD2: 2020/07 | CE2: 2020/08 | CF2: 2020/09 | CG2: 2020/10 | CH2: 2020/11 | CI2: 2020/12 | CJ2: 2021/01 | CK2: 2021/02 | CL2: 2021/03 | CM2: 2021/04 | CN2: 2021/05 | CO2: 2021/06 | CP2: 2021/07 | CQ2: 2021/08 | CR2: 2021/09 | CS2: 2021/10 | CT2: 2021/11 | CU2: 2021/12 | CV2: 2022/01 | CW2: 2022/02 | CX2: 2022/03 | CY2: 2022/04 | CZ2: 2022/05 | DA2: 2022/06 | DB2: 2022/07 | DC2: 2022/08 | DD2: 2022/09 | DE2: 2022/10 | DF2: 2022/11 | DG2: 2022/12 | DH2: 2023/01 | DI2: 2023/02 | DJ2: 2023/03 | DK2: 2023/04 | DL2: 2023/05 | DM2: 2023/06 | DN2: 2023/07 | DO2: 2023/08 | DP2: 2023/09 | DQ2: 2023/10 | DR2: 2023/11 | DS2: 2023/12 | DT2: 2024/01 | DU2: 2024/02 | DV2: 2024/03 | DW2: 2024/04 | DX2: 2024/05 | DY2: 2024/06 | DZ2: 2024/07 | EA2: 2024/08 | EB2: 2024/09 | EC2: 2024/10 | ED2: 2024/11 | EE2: 2024/12 | EF2: 2025/01 | EG2: 2025/02
B3: bm | C3: 0.053380691 | D3: 0.019098755 | E3: 0.038903147 | F3: 0.006802408 | G3: 0.012291163 | H3: 0.017075401 | I3: 0.043437455 | J3: 0.022794386 | K3: 0.025884099 | L3: 0.03705984 | M3: 0.025352443 | N3: 0.022137836 | O3: 0.049354821 | P3: 0.0360782 | Q3: 0.0060449373 | R3: 0.0033859401 | S3: -0.0020781485 | T3: -0.022465851 | U3: -0.015456527 | V3: -0.00097821467 | W3: -0.011060316 | X3: -0.00067155808 | Y3: -0.017966148 | Z3: -0.025221735 | AA3: 0.034736544 | AB3: -0.017717708 | AC3: -0.012529988 | AD3: 0.0084126927 | AE3: 0.0031373762 | AF3: 0.018776387 | AG3: -0.043333326 | AH3: 0.021684444 | AI3: 0.042865973 | AJ3: 0.040528882 | AK3: 0.042677276 | AL3: 0.042865951 | AM3: 0.047705099 | AN3: 0.044681475 | AO3: 0.049907289 | AP3: 0.047438353 | AQ3: 0.033652849 | AR3: 0.018763172 | AS3: 0.040618647 | AT3: 0.019566406 | AU3: 0.030446794 | AV3: 0.019622993 | AW3: 0.029586772 | AX3: 0.031509295 | AY3: 0.014002978 | AZ3: 0.0063738404 | BA3: 0.010355084 | BB3: 0.0051876255 | BC3: 0.0078440113 | BD3: 0.0084061269 | BE3: -0.0050238539 | BF3: 0.023039479 | BG3: 0.0095878113 | BH3: -0.084409468 | BI3: 0.023758147 | BJ3: 0.020965053 | BK3: 0.016576048 | BL3: 0.011380131 | BM3: 0.0089813527 | BN3: 0.0098703858 | BO3: -0.0013130086 | BP3: 0.016382337 | BQ3: 0.047462419 | BR3: 0.032633718 | BS3: 0.054500699 | BT3: 0.012507681 | BU3: 0.017222486 | BV3: 0.012570482 | BW3: -0.0049899798 | BX3: -0.0015832115 | BY3: -0.0016474293 | BZ3: 0.036023159 | CA3: 0.019331902 | CB3: 0.012768192 | CC3: 0.0012653216 | CD3: 0.036446176 | CE3: 0.010827552 | CF3: 0.0081559047 | CG3: 0.001104167 | CH3: 0.035072215 | CI3: 0.024559047 | CJ3: 0.020746624 | CK3: 0.009461537 | CL3: 0.0057826559 | CM3: -0.020046353 | CN3: 0.0049867467 | CO3: 0.010287073 | CP3: 0.0091046616 | CQ3: 0.016216964 | CR3: 0.023265561 | CS3: 0.0158605 | CT3: 0.010978778 | CU3: 0.036009509 | CV3: 0.034486167 | CW3: 0.022519557 | CX3: 0.019207012 | CY3: 0.024746167 | CZ3: 0.031119177 | DA3: 0.039866019 | DB3: 0.03700773 | DC3: 0.019792236 | DD3: 0.025975974 | DE3: 0.028975984 | DF3: 0.043441508 | DG3: 0.030526776 | DH3: 0.024306972 | DI3: 0.029352387 | DJ3: 0.03992869 | DK3: 0.025980398 | DL3: 0.025819797 | DM3: 0.022522526 | DN3: 0.018935321 | DO3: 0.015926205 | DP3: 0.024080398 | DQ3: 0.025253983 | DR3: 0.017146798 | DS3: 0.03688072 | DT3: 0.026786022 | DU3: 0.026876723 | DV3: 0.026783179 | DW3: 0.016589746 | DX3: 0.028465604 | DY3: 0.03151679 | DZ3: 0.011472784 | EA3: 0.039311234 | EB3: 0.011679307 | EC3: 0.029493488 | ED3: 0.014745266 | EE3: 0.02212207 | EF3: 0.033925179
B4: size | C4: 0.099771723 | D4: -0.048145149 | E4: -0.022423536 | F4: -0.03092359 | G4: -0.041859966 | H4: -0.027551875 | I4: -0.028741911 | J4: -0.036191553 | K4: -0.033944845 | L4: -0.037480712 | M4: -0.038226228 | N4: -0.028931739 | O4: -0.036612466 | P4: -0.038424995 | Q4: -0.024131393 | R4: -0.035332572 | S4: -0.028889749 | T4: -0.028651971 | U4: -0.030279767 | V4: -0.02720996 | W4: -0.027900077 | X4: -0.028770851 | Y4: -0.03207811 | Z4: -0.030241664 | AA4: -0.03021602 | AB4: -0.028631076 | AC4: -0.027421203 | AD4: -0.028836533 | AE4: -0.030896399 | AF4: -0.029104374 | AG4: -0.028324617 | AH4: -0.020311087 | AI4: -0.034272376 | AJ4: -0.033625115 | AK4: -0.027353102 | AL4: -0.027455468 | AM4: -0.028936265 | AN4: -0.024949074 | AO4: -0.034107022 | AP4: -0.033338342 | AQ4: -0.021358797 | AR4: -0.026061825 | AS4: -0.029215205 | AT4: -0.026710503 | AU4: -0.030300269 | AV4: -0.032673545 | AW4: -0.027749334 | AX4: -0.026509466 | AY4: -0.033140793 | AZ4: -0.027217986 | BA4: -0.030951863 | BB4: -0.033691503 | BC4: -0.031448625 | BD4: -0.031621113 | BE4: -0.032706749 | BF4: -0.030923545 | BG4: -0.03195487 | BH4: -0.030400252 | BI4: -0.031127494 | BJ4: -0.030582078 | BK4: -0.032318864 | BL4: -0.031555992 | BM4: -0.03169376 | BN4: -0.012288306 | BO4: -0.023035662 | BP4: -0.035096336 | BQ4: -0.030655 | BR4: -0.011176202 | BS4: -0.033343028 | BT4: -0.026367433 | BU4: -0.036507525 | BV4: -0.033560742 | BW4: -0.024210105 | BX4: -0.033166561 | BY4: -0.032165386 | BZ4: -0.035884105 | CA4: -0.032357048 | CB4: -0.024709199 | CC4: -0.028877668 | CD4: -0.026096851 | CE4: -0.031489693 | CF4: -0.030856378 | CG4: -0.030586652 | CH4: -0.031124169 | CI4: -0.030887619 | CJ4: -0.03313582 | CK4: -0.031962626 | CL4: -0.0314424 | CM4: -0.030555531 | CN4: -0.03157983 | CO4: -0.030647209 | CP4: -0.030090014 | CQ4: -0.03185311 | CR4: -0.029662993 | CS4: -0.030695755 | CT4: -0.02313577 | CU4: -0.027380981 | CV4: -0.028338037 | CW4: -0.03222578 | CX4: -0.027984483 | CY4: -0.028027313 | CZ4: -0.025761629 | DA4: -0.028369945 | DB4: -0.033535846 | DC4: -0.031756718 | DD4: -0.031705938 | DE4: -0.029670332 | DF4: -0.030024087 | DG4: -0.027606867 | DH4: -0.029870637 | DI4: -0.029808983 | DJ4: -0.030160911 | DK4: -0.029925931 | DL4: -0.030308904 | DM4: -0.028274259 | DN4: -0.027238119 | DO4: -0.028595686 | DP4: -0.026695834 | DQ4: -0.027433051 | DR4: -0.028683912 | DS4: -0.028039401 | DT4: -0.028481074 | DU4: -0.028131839 | DV4: -0.028057404 | DW4: -0.026179386 | DX4: -0.02758223 | DY4: -0.029751539 | DZ4: -0.023914756 | EA4: -0.026012249 | EB4: -0.02659614 | EC4: -0.028463233 | ED4: -0.024121465 | EE4: -0.035137765 | EF4: -0.03114395
B5: mom | C5: -0.0028657506 | D5: -0.0069339015 | E5: -0.0053875917 | F5: -0.0050763469 | G5: -0.0075573726 | H5: -0.0057500093 | I5: -0.0068604206 | J5: -0.0064445543 | K5: -0.0072415825 | L5: -0.0074818125 | M5: -0.0057027275 | N5: 0.012163333 | O5: 0.021172851 | P5: 0.0044824411 | Q5: 0.0027122241 | R5: -0.0045487876 | S5: -0.0027382763 | T5: 0.0053517525 | U5: -0.0066941008 | V5: 0.0023452155 | W5: 0.00081899657 | X5: -0.0038575775 | Y5: -0.003401346 | Z5: -0.0043022791 | AA5: -0.010302481 | AB5: -0.0085672205 | AC5: -0.016086685 | AD5: -0.01153013 | AE5: -0.0092503801 | AF5: -0.0052100425 | AG5: -0.0067270645 | AH5: -0.004258275 | AI5: -0.0037179599 | AJ5: -0.0030319714 | AK5: -0.0045918752 | AL5: -0.0050076684 | AM5: -0.0080656121 | AN5: 0.001068754 | AO5: -0.0059967521 | AP5: -0.0061906483 | AQ5: -0.00085457828 | AR5: -0.0036546465 | AS5: -0.0030794814 | AT5: 0.017204531 | AU5: -0.010902966 | AV5: 0.0112829 | AW5: -0.007904117 | AX5: -0.011263063 | AY5: -0.0005223045 | AZ5: 0.0085165314 | BA5: -0.00030747673 | BB5: -0.0072396048 | BC5: 0.0011019472 | BD5: -0.015344121 | BE5: -0.0055029336 | BF5: -0.0047479346 | BG5: -0.0083916401 | BH5: -0.0068760309 | BI5: 7.6195021e-05 | BJ5: -0.0020668169 | BK5: -0.011106087 | BL5: -0.012728592 | BM5: -0.0039286776 | BN5: -0.00059765868 | BO5: -0.0060457494 | BP5: -0.0094306832 | BQ5: 0.00015003682 | BR5: 0.00041660958 | BS5: -0.00080116763 | BT5: -0.0034547495 | BU5: -0.0064658378 | BV5: -0.0088213878 | BW5: -0.0047403104 | BX5: -0.0021907545 | BY5: -0.002759198 | BZ5: -0.0029730485 | CA5: -0.017626945 | CB5: -0.018505253 | CC5: -0.0089888945 | CD5: -0.0065797777 | CE5: 0.0044988636 | CF5: -0.0049164481 | CG5: -0.0011630631 | CH5: -0.0024271582 | CI5: -0.0062176655 | CJ5: 0.0053816773 | CK5: -0.0067625879 | CL5: -0.0092751253 | CM5: 0.003406229 | CN5: -0.001753664 | CO5: 0.0027562631 | CP5: -0.0045939274 | CQ5: -0.0049152453 | CR5: 0.00098757504 | CS5: -0.005571878 | CT5: -0.00010985811 | CU5: -0.0039590937 | CV5: 1.2909717e-05 | CW5: -0.0033259171 | CX5: -0.001488457 | CY5: -0.002202491 | CZ5: 3.4225348e-05 | DA5: -0.0015060748 | DB5: -0.0035330171 | DC5: -0.0038886347 | DD5: -0.0047214343 | DE5: -0.0055942605 | DF5: -0.019860882 | DG5: -0.0053180065 | DH5: -0.0042921891 | DI5: -0.01564867 | DJ5: 0.0022675006 | DK5: -0.0090083564 | DL5: -0.0038728507 | DM5: -0.0013934468 | DN5: -0.0030848102 | DO5: 0.00276296 | DP5: -0.0061495178 | DQ5: -0.0043366211 | DR5: -0.0079563092 | DS5: -0.0035810128 | DT5: -0.00020724919 | DU5: -0.0056763785 | DV5: -0.0037179622 | DW5: -0.0070113302 | DX5: -0.0071585495 | DY5: -0.0033162229 | DZ5: -0.0019952012 | EA5: -0.002544669 | EB5: -0.0044937851 | EC5: -0.0046182843 | ED5: -0.0063655591 | EE5: -0.0059092026 | EF5: -0.0066195657
A6: 選絕對值最大 | C6: {=MATCH(MAX(ABS(C3:C5)), ABS(C3:C5), 0)} -> 2 | D6: {=MATCH(MAX(ABS(D3:D5)), ABS(D3:D5), 0)} -> 2 | E6: {=MATCH(MAX(ABS(E3:E5)), ABS(E3:E5), 0)} -> 1 | F6: {=MATCH(MAX(ABS(F3:F5)), ABS(F3:F5), 0)} -> 2 | G6: {=MATCH(MAX(ABS(G3:G5)), ABS(G3:G5), 0)} -> 2 | H6: {=MATCH(MAX(ABS(H3:H5)), ABS(H3:H5), 0)} -> 2 | I6: {=MATCH(MAX(ABS(I3:I5)), ABS(I3:I5), 0)} -> 1 | J6: {=MATCH(MAX(ABS(J3:J5)), ABS(J3:J5), 0)} -> 2 | ... EG6: {=MATCH(MAX(ABS(EG3:EG5)), ABS(EG3:EG5), 0)} -> 1
C7: =IF(C6=1,"bm",IF(C6=2,"size",IF(C6=3,"mom"))) -> size | D7: =IF(D6=1,"bm",IF(D6=2,"size",IF(D6=3,"mom"))) -> size | E7: =IF(E6=1,"bm",IF(E6=2,"size",IF(E6=3,"mom"))) -> bm | F7: =IF(F6=1,"bm",IF(F6=2,"size",IF(F6=3,"mom"))) -> size | G7: =IF(G6=1,"bm",IF(G6=2,"size",IF(G6=3,"mom"))) -> size | H7: =IF(H6=1,"bm",IF(H6=2,"size",IF(H6=3,"mom"))) -> size | I7: =IF(I6=1,"bm",IF(I6=2,"size",IF(I6=3,"mom"))) -> bm | J7: =IF(J6=1,"bm",IF(J6=2,"size",IF(J6=3,"mom"))) -> size | ... EG7: =IF(EG6=1,"bm",IF(EG6=2,"size",IF(EG6=3,"mom"))) -> bm
C8: =IF(C6=1,C3,IF(C6=2,C4,IF(C6=3,C5))) -> 0.099771723 | D8: =IF(D6=1,D3,IF(D6=2,D4,IF(D6=3,D5))) -> -0.048145149 | E8: =IF(E6=1,E3,IF(E6=2,E4,IF(E6=3,E5))) -> 0.038903147 | F8: =IF(F6=1,F3,IF(F6=2,F4,IF(F6=3,F5))) -> -0.03092359 | G8: =IF(G6=1,G3,IF(G6=2,G4,IF(G6=3,G5))) -> -0.041859966 | H8: =IF(H6=1,H3,IF(H6=2,H4,IF(H6=3,H5))) -> -0.027551875 | I8: =IF(I6=1,I3,IF(I6=2,I4,IF(I6=3,I5))) -> 0.043437455 | J8: =IF(J6=1,J3,IF(J6=2,J4,IF(J6=3,J5))) -> -0.036191553 | ... EG8: =IF(EG6=1,EG3,IF(EG6=2,EG4,IF(EG6=3,EG5))) -> 0
A10: 投資組合 | C10: 公司數 | D10: 964
A11: 家數 | B11: 等第 | C11: 2014/01 | D11: 2014/02 | E11: 2014/03 | F11: 2014/04 | G11: 2014/05 | H11: 2014/06 | I11: 2014/07 | J11: 2014/08 | K11: 2014/09 | L11: 2014/10 | M11: 2014/11 | N11: 2014/12 | O11: 2015/01 | P11: 2015/02 | Q11: 2015/03 | R11: 2015/04 | S11: 2015/05 | T11: 2015/06 | U11: 2015/07 | V11: 2015/08 | W11: 2015/09 | X11: 2015/10 | Y11: 2015/11 | Z11: 2015/12 | AA11: 2016/01 | AB11: 2016/02 | AC11: 2016/03 | AD11: 2016/04 | AE11: 2016/05 | AF11: 2016/06 | AG11: 2016/07 | AH11: 2016/08 | AI11: 2016/09 | AJ11: 2016/10 | AK11: 2016/11 | AL11: 2016/12 | AM11: 2017/01 | AN11: 2017/02 | AO11: 2017/03 | AP11: 2017/04 | AQ11: 2017/05 | AR11: 2017/06 | AS11: 2017/07 | AT11: 2017/08 | AU11: 2017/09 | AV11: 2017/10 | AW11: 2017/11 | AX11: 2017/12 | AY11: 2018/01 | AZ11: 2018/02 | BA11: 2018/03 | BB11: 2018/04 | BC11: 2018/05 | BD11: 2018/06 | BE11: 2018/07 | BF11: 2018/08 | BG11: 2018/09 | BH11: 2018/10 | BI11: 2018/11 | BJ11: 2018/12 | BK11: 2019/01 | BL11: 2019/02 | BM11: 2019/03 | BN11: 2019/04 | BO11: 2019/05 | BP11: 2019/06 | BQ11: 2019/07 | BR11: 2019/08 | BS11: 2019/09 | BT11: 2019/10 | BU11: 2019/11 | BV11: 2019/12 | BW11: 2020/01 | BX11: 2020/02 | BY11: 2020/03 | BZ11: 2020/04 | CA11: 2020/05 | CB11: 2020/06 | CC11: 2020/07 | CD11: 2020/08 | CE11: 2020/09 | CF11: 2020/10 | CG11: 2020/11 | CH11: 2020/12 | CI11: 2021/01 | CJ11: 2021/02 | CK11: 2021/03 | CL11: 2021/04 | CM11: 2021/05 | CN11: 2021/06 | CO11: 2021/07 | CP11: 2021/08 | CQ11: 2021/09 | CR11: 2021/10 | CS11: 2021/11 | CT11: 2021/12 | CU11: 2022/01 | CV11: 2022/02 | CW11: 2022/03 | CX11: 2022/04 | CY11: 2022/05 | CZ11: 2022/06 | DA11: 2022/07 | DB11: 2022/08 | DC11: 2022/09 | DD11: 2022/10 | DE11: 2022/11 | DF11: 2022/12 | DG11: 2023/01 | DH11: 2023/02 | DI11: 2023/03 | DJ11: 2023/04 | DK11: 2023/05 | DL11: 2023/06 | DM11: 2023/07 | DN11: 2023/08 | DO11: 2023/09 | DP11: 2023/10 | DQ11: 2023/11 | DR11: 2023/12 | DS11: 2024/01 | DT11: 2024/02 | DU11: 2024/03 | DV11: 2024/04 | DW11: 2024/05 | DX11: 2024/06 | DY11: 2024/07 | DZ11: 2024/08 | EA11: 2024/09 | EB11: 2024/10 | EC11: 2024/11 | ED11: 2024/12 | EE11: 2025/01 | EF11: 2025/02
A12: 96 | B12: 10等分 | C12: {=PRODUCT(1 + 預測IC!$C12:C12) - 1} -> -0.084653347 | D12: {=PRODUCT(1 + 預測IC!$C12:D12) - 1} -> 0.020326506 | E12: {=PRODUCT(1 + 預測IC!$C12:E12) - 1} -> 0.013435192 | F12: {=PRODUCT(1 + 預測IC!$C12:F12) - 1} -> 0.027036611 | G12: {=PRODUCT(1 + 預測IC!$C12:G12) - 1} -> 0.039078274 | H12: {=PRODUCT(1 + 預測IC!$C12:H12) - 1} -> 0.079114493 | I12: {=PRODUCT(1 + 預測IC!$C12:I12) - 1} -> 0.1182906 | J12: {=PRODUCT(1 + 預測IC!$C12:J12) - 1} -> 0.08540377 | ... EF12: {=PRODUCT(1 + 預測IC!$C12:EF12) - 1} -> 3.5370536
A13: 48 | B13: 20等分 | C13: {=PRODUCT(1 + 預測IC!$C13:C13) - 1} -> -0.10411275 | D13: {=PRODUCT(1 + 預測IC!$C13:D13) - 1} -> 0.0067488433 | E13: {=PRODUCT(1 + 預測IC!$C13:E13) - 1} -> -0.027980589 | F13: {=PRODUCT(1 + 預測IC!$C13:F13) - 1} -> -0.039115304 | G13: {=PRODUCT(1 + 預測IC!$C13:G13) - 1} -> -0.023986726 | H13: {=PRODUCT(1 + 預測IC!$C13:H13) - 1} -> 0.0052835527 | I13: {=PRODUCT(1 + 預測IC!$C13:I13) - 1} -> 0.038139097 | J13: {=PRODUCT(1 + 預測IC!$C13:J13) - 1} -> -0.0074344067 | ... EF13: {=PRODUCT(1 + 預測IC!$C13:EF13) - 1} -> 6.8342327
A14: 19 | B14: 50等分 | C14: {=PRODUCT(1 + 預測IC!$C14:C14) - 1} -> -0.11994149 | D14: {=PRODUCT(1 + 預測IC!$C14:D14) - 1} -> 0.075702952 | E14: {=PRODUCT(1 + 預測IC!$C14:E14) - 1} -> 0.024579155 | F14: {=PRODUCT(1 + 預測IC!$C14:F14) - 1} -> 0.059970644 | G14: {=PRODUCT(1 + 預測IC!$C14:G14) - 1} -> 0.15022583 | H14: {=PRODUCT(1 + 預測IC!$C14:H14) - 1} -> 0.21876527 | I14: {=PRODUCT(1 + 預測IC!$C14:I14) - 1} -> 0.27213178 | J14: {=PRODUCT(1 + 預測IC!$C14:J14) - 1} -> 0.13843787 | ... EF14: {=PRODUCT(1 + 預測IC!$C14:EF14) - 1} -> 11.664833
A15: 10 | B15: 100等分 | C15: {=PRODUCT(1 + 預測IC!$C15:C15) - 1} -> -0.22764466 | D15: {=PRODUCT(1 + 預測IC!$C15:D15) - 1} -> 0.060219295 | E15: {=PRODUCT(1 + 預測IC!$C15:E15) - 1} -> 0.049406726 | F15: {=PRODUCT(1 + 預測IC!$C15:F15) - 1} -> 0.14417205 | G15: {=PRODUCT(1 + 預測IC!$C15:G15) - 1} -> 0.25470547 | H15: {=PRODUCT(1 + 預測IC!$C15:H15) - 1} -> 0.40381931 | I15: {=PRODUCT(1 + 預測IC!$C15:I15) - 1} -> 0.4858465 | J15: {=PRODUCT(1 + 預測IC!$C15:J15) - 1} -> 0.38997272 | ... EF15: {=PRODUCT(1 + 預測IC!$C15:EF15) - 1} -> 10.001276
A16: 9 | B16: 107等分 | C16: {=PRODUCT(1 + 預測IC!$C16:C16) - 1} -> -0.20787478 | D16: {=PRODUCT(1 + 預測IC!$C16:D16) - 1} -> 0.11546676 | E16: {=PRODUCT(1 + 預測IC!$C16:E16) - 1} -> 0.11230979 | F16: {=PRODUCT(1 + 預測IC!$C16:F16) - 1} -> 0.25052517 | G16: {=PRODUCT(1 + 預測IC!$C16:G16) - 1} -> 0.38684806 | H16: {=PRODUCT(1 + 預測IC!$C16:H16) - 1} -> 0.48787725 | I16: {=PRODUCT(1 + 預測IC!$C16:I16) - 1} -> 0.57347575 | J16: {=PRODUCT(1 + 預測IC!$C16:J16) - 1} -> 0.46538735 | ... EF16: {=PRODUCT(1 + 預測IC!$C16:EF16) - 1} -> 13.696279
A17: 8 | B17: 120等分 | C17: {=PRODUCT(1 + 預測IC!$C17:C17) - 1} -> -0.20609219 | D17: {=PRODUCT(1 + 預測IC!$C17:D17) - 1} -> 0.14290055 | E17: {=PRODUCT(1 + 預測IC!$C17:E17) - 1} -> 0.15133401 | F17: {=PRODUCT(1 + 預測IC!$C17:F17) - 1} -> 0.32031739 | G17: {=PRODUCT(1 + 預測IC!$C17:G17) - 1} -> 0.47496812 | H17: {=PRODUCT(1 + 預測IC!$C17:H17) - 1} -> 0.62983101 | I17: {=PRODUCT(1 + 預測IC!$C17:I17) - 1} -> 0.81518358 | J17: {=PRODUCT(1 + 預測IC!$C17:J17) - 1} -> 0.6058946 | ... EF17: {=PRODUCT(1 + 預測IC!$C17:EF17) - 1} -> 15.167935
A18: 7 | B18: 137等分 | C18: {=PRODUCT(1 + 預測IC!$C18:C18) - 1} -> -0.18975112 | D18: {=PRODUCT(1 + 預測IC!$C18:D18) - 1} -> 0.13587468 | E18: {=PRODUCT(1 + 預測IC!$C18:E18) - 1} -> 0.068857327 | F18: {=PRODUCT(1 + 預測IC!$C18:F18) - 1} -> 0.29555197 | G18: {=PRODUCT(1 + 預測IC!$C18:G18) - 1} -> 0.4679356 | H18: {=PRODUCT(1 + 預測IC!$C18:H18) - 1} -> 0.6566234 | I18: {=PRODUCT(1 + 預測IC!$C18:I18) - 1} -> 0.88109617 | J18: {=PRODUCT(1 + 預測IC!$C18:J18) - 1} -> 0.6456548 | ... EF18: {=PRODUCT(1 + 預測IC!$C18:EF18) - 1} -> 21.588623
A19: 6 | B19: 160等分 | C19: {=PRODUCT(1 + 預測IC!$C19:C19) - 1} -> -0.19660027 | D19: {=PRODUCT(1 + 預測IC!$C19:D19) - 1} -> 0.13080177 | E19: {=PRODUCT(1 + 預測IC!$C19:E19) - 1} -> 0.068722904 | F19: {=PRODUCT(1 + 預測IC!$C19:F19) - 1} -> 0.32112369 | G19: {=PRODUCT(1 + 預測IC!$C19:G19) - 1} -> 0.52307639 | H19: {=PRODUCT(1 + 預測IC!$C19:H19) - 1} -> 0.79359048 | I19: {=PRODUCT(1 + 預測IC!$C19:I19) - 1} -> 1.0351052 | J19: {=PRODUCT(1 + 預測IC!$C19:J19) - 1} -> 0.71716 | ... EF19: {=PRODUCT(1 + 預測IC!$C19:EF19) - 1} -> 14.188416
A20: 5 | B20: 192等分 | C20: {=PRODUCT(1 + 預測IC!$C20:C20) - 1} -> -0.20155105 | D20: {=PRODUCT(1 + 預測IC!$C20:D20) - 1} -> 0.10347643 | E20: {=PRODUCT(1 + 預測IC!$C20:E20) - 1} -> 0.1205803 | F20: {=PRODUCT(1 + 預測IC!$C20:F20) - 1} -> 0.32499613 | G20: {=PRODUCT(1 + 預測IC!$C20:G20) - 1} -> 0.53438178 | H20: {=PRODUCT(1 + 預測IC!$C20:H20) - 1} -> 0.75522885 | I20: {=PRODUCT(1 + 預測IC!$C20:I20) - 1} -> 1.0328175 | J20: {=PRODUCT(1 + 預測IC!$C20:J20) - 1} -> 0.7620314 | ... EF20: {=PRODUCT(1 + 預測IC!$C20:EF20) - 1} -> 16.794473
A21: 4 | B21: 241等分 | C21: {=PRODUCT(1 + 預測IC!$C21:C21) - 1} -> -0.21462958 | D21: {=PRODUCT(1 + 預測IC!$C21:D21) - 1} -> -0.11536825 | E21: {=PRODUCT(1 + 預測IC!$C21:E21) - 1} -> -0.11561537 | F21: {=PRODUCT(1 + 預測IC!$C21:F21) - 1} -> 0.064280398 | G21: {=PRODUCT(1 + 預測IC!$C21:G21) - 1} -> 0.21895425 | H21: {=PRODUCT(1 + 預測IC!$C21:H21) - 1} -> 0.41662485 | I21: {=PRODUCT(1 + 預測IC!$C21:I21) - 1} -> 0.6252308 | J21: {=PRODUCT(1 + 預測IC!$C21:J21) - 1} -> 0.40299201 | ... EF21: {=PRODUCT(1 + 預測IC!$C21:EF21) - 1} -> 9.8456916
A22: 3 | B22: 321等分 | C22: {=PRODUCT(1 + 預測IC!$C22:C22) - 1} -> -0.2052803 | D22: {=PRODUCT(1 + 預測IC!$C22:D22) - 1} -> -0.092090081 | E22: {=PRODUCT(1 + 預測IC!$C22:E22) - 1} -> -0.12933938 | F22: {=PRODUCT(1 + 預測IC!$C22:F22) - 1} -> -0.25111646 | G22: {=PRODUCT(1 + 預測IC!$C22:G22) - 1} -> -0.076667472 | H22: {=PRODUCT(1 + 預測IC!$C22:H22) - 1} -> 0.037990173 | I22: {=PRODUCT(1 + 預測IC!$C22:I22) - 1} -> 0.16617487 | J22: {=PRODUCT(1 + 預測IC!$C22:J22) - 1} -> 0.044597054 | ... EF22: {=PRODUCT(1 + 預測IC!$C22:EF22) - 1} -> 2.7975549
A23: 2 | B23: 482等分 | C23: {=PRODUCT(1 + 預測IC!$C23:C23) - 1} -> -0.28298927 | D23: {=PRODUCT(1 + 預測IC!$C23:D23) - 1} -> -0.10080212 | E23: {=PRODUCT(1 + 預測IC!$C23:E23) - 1} -> -0.17358425 | F23: {=PRODUCT(1 + 預測IC!$C23:F23) - 1} -> -0.17667524 | G23: {=PRODUCT(1 + 預測IC!$C23:G23) - 1} -> 0.12106544 | H23: {=PRODUCT(1 + 預測IC!$C23:H23) - 1} -> 0.10067497 | I23: {=PRODUCT(1 + 預測IC!$C23:I23) - 1} -> 0.2637422 | J23: {=PRODUCT(1 + 預測IC!$C23:J23) - 1} -> 0.11856665 | ... EF23: {=PRODUCT(1 + 預測IC!$C23:EF23) - 1} -> 2.6232649
A24: 1 | B24: 964等分 | C24: {=PRODUCT(1 + 預測IC!$C24:C24) - 1} -> -0.099113364 | D24: {=PRODUCT(1 + 預測IC!$C24:D24) - 1} -> -0.0084752382 | E24: {=PRODUCT(1 + 預測IC!$C24:E24) - 1} -> 0.062319957 | F24: {=PRODUCT(1 + 預測IC!$C24:F24) - 1} -> 0.14234079 | G24: {=PRODUCT(1 + 預測IC!$C24:G24) - 1} -> 0.4046303 | H24: {=PRODUCT(1 + 預測IC!$C24:H24) - 1} -> 0.45499444 | I24: {=PRODUCT(1 + 預測IC!$C24:I24) - 1} -> 0.45192158 | J24: {=PRODUCT(1 + 預測IC!$C24:J24) - 1} -> 0.28427866 | ... EF24: {=PRODUCT(1 + 預測IC!$C24:EF24) - 1} -> -0.77072113
A25: 大盤 | B25: TWII | C25: -0.017446771 | D25: 0.020701061 | E25: 0.023982129 | F25: -0.006557579 | G25: 0.03184513 | H25: 0.034348533 | I25: -0.0082549328 | J25: 0.012843524 | K25: -0.051018525 | L25: 0.00087394274 | M25: 0.023389576 | N25: 0.012988972 | O25: 0.0058545887 | P25: 0.027413207 | Q25: -0.0037129361 | R25: 0.024076614 | S25: -0.012190025 | T25: -0.039749578 | U25: -0.07315545 | V25: -0.05826023 | W25: 0.00077279757 | X25: 0.044591521 | Y25: -0.02769968 | Z25: 0.0020950059 | AA25: -0.023400551 | AB25: 0.032129371 | AC25: 0.038903273 | AD25: -0.042865382 | AE25: 0.018647195 | AF25: 0.015229768 | AG25: 0.036016604 | AH25: 0.0093546114 | AI25: 0.010748251 | AJ25: 0.013357754 | AK25: -0.0053327473 | AL25: 0.0013831358 | AM25: 0.020795928 | AN25: 0.031517702 | AO25: 0.0062417165 | AP25: 0.0061452617 | AQ25: 0.016946358 | AR25: 0.03468283 | AS25: 0.0030985886 | AT25: 0.015081347 | AU25: -0.019251209 | AV25: 0.038711513 | AW25: -0.021856951 | AX25: 0.0077743007 | AY25: 0.042397247 | AZ25: -0.026308975 | BA25: 0.0095717493 | BB25: -0.024249741 | BC25: 0.020163374 | BD25: -0.0035049988 | BE25: 0.020151935 | BF25: 0.00058133623 | BG25: -0.005219701 | BH25: -0.11587176 | BI25: 0.0087252257 | BJ25: -0.016377261 | BK25: 0.020840372 | BL25: 0.044975872 | BM25: 0.023954306 | BN25: 0.030239101 | BO25: -0.043725888 | BP25: 0.02188947 | BQ25: 0.0086274303 | BR25: -0.019192954 | BS25: 0.01973513 | BT25: 0.047694337 | BU25: 0.011454817 | BV25: 0.043228621 | BW25: -0.04274743 | BX25: -0.017811292 | BY25: -0.1511531 | BZ25: 0.124224 | CA25: -0.0045572538 | CB25: 0.06021124 | CC25: 0.085992033 | CD25: -0.0058084796 | CE25: -0.006041347 | CF25: 0.0024523244 | CG25: 0.089636252 | CH25: 0.070992733 | CI25: 0.027170643 | CJ25: 0.052468428 | CK25: 0.029480661 | CL25: 0.066825081 | CM25: -0.028772229 | CN25: 0.039462516 | CO25: -0.029031087 | CP25: 0.013983883 | CQ25: -0.032276965 | CR25: 0.0031035766 | CS25: 0.025591856 | CT25: 0.044391886 | CU25: -0.030338959 | CV25: -0.0012579765 | CW25: 0.0023363565 | CX25: -0.064264145 | CY25: 0.012909779 | CZ25: -0.12547709 | DA25: 0.011690683 | DB25: 0.0063378437 | DC25: -0.11730536 | DD25: -0.036010872 | DE25: 0.1389113 | DF25: -0.051143506 | DG25: 0.076731447 | DH25: 0.015508782 | DI25: 0.023223774 | DJ25: -0.018372876 | DK25: 0.062199014 | DL25: 0.020098304 | DM25: 0.01349894 | DN25: -0.030252213 | DO25: -0.017022836 | DP25: -0.021788523 | DQ25: 0.085745625 | DR25: 0.028106744 | DS25: -0.0023031598 | DT25: 0.058471198 | DU25: 0.067658949 | DV25: 0.0050207706 | DW25: 0.037416184 | DX25: 0.084111004 | DY25: -0.036832399 | DZ25: 0.0030917028 | EA25: -0.0019576282 | EB25: 0.026459104 | EC25: -0.024752539 | ED25: 0.034115491 | EE25: 0.021061974 | EF25: -0.020277393

Sheet 勝率
A1: =預測IC!A1 -> NN4
B2: Time | C2: 2013/12 | D2: 2014/01 | E2: 2014/02 | F2: 2014/03 | G2: 2014/04 | H2: 2014/05 | I2: 2014/06 | J2: 2014/07 | K2: 2014/08 | L2: 2014/09 | M2: 2014/10 | N2: 2014/11 | O2: 2014/12 | P2: 2015/01 | Q2: 2015/02 | R2: 2015/03 | S2: 2015/04 | T2: 2015/05 | U2: 2015/06 | V2: 2015/07 | W2: 2015/08 | X2: 2015/09 | Y2: 2015/10 | Z2: 2015/11 | AA2: 2015/12 | AB2: 2016/01 | AC2: 2016/02 | AD2: 2016/03 | AE2: 2016/04 | AF2: 2016/05 | AG2: 2016/06 | AH2: 2016/07 | AI2: 2016/08 | AJ2: 2016/09 | AK2: 2016/10 | AL2: 2016/11 | AM2: 2016/12 | AN2: 2017/01 | AO2: 2017/02 | AP2: 2017/03 | AQ2: 2017/04 | AR2: 2017/05 | AS2: 2017/06 | AT2: 2017/07 | AU2: 2017/08 | AV2: 2017/09 | AW2: 2017/10 | AX2: 2017/11 | AY2: 2017/12 | AZ2: 2018/01 | BA2: 2018/02 | BB2: 2018/03 | BC2: 2018/04 | BD2: 2018/05 | BE2: 2018/06 | BF2: 2018/07 | BG2: 2018/08 | BH2: 2018/09 | BI2: 2018/10 | BJ2: 2018/11 | BK2: 2018/12 | BL2: 2019/01 | BM2: 2019/02 | BN2: 2019/03 | BO2: 2019/04 | BP2: 2019/05 | BQ2: 2019/06 | BR2: 2019/07 | BS2: 2019/08 | BT2: 2019/09 | BU2: 2019/10 | BV2: 2019/11 | BW2: 2019/12 | BX2: 2020/01 | BY2: 2020/02 | BZ2: 2020/03 | CA2: 2020/04 | CB2: 2020/05 | CC2: 2020/06 | CD2: 2020/07 | CE2: 2020/08 | CF2: 2020/09 | CG2: 2020/10 | CH2: 2020/11 | CI2: 2020/12 | CJ2: 2021/01 | CK2: 2021/02 | CL2: 2021/03 | CM2: 2021/04 | CN2: 2021/05 | CO2: 2021/06 | CP2: 2021/07 | CQ2: 2021/08 | CR2: 2021/09 | CS2: 2021/10 | CT2: 2021/11 | CU2: 2021/12 | CV2: 2022/01 | CW2: 2022/02 | CX2: 2022/03 | CY2: 2022/04 | CZ2: 2022/05 | DA2: 2022/06 | DB2: 2022/07 | DC2: 2022/08 | DD2: 2022/09 | DE2: 2022/10 | DF2: 2022/11 | DG2: 2022/12 | DH2: 2023/01 | DI2: 2023/02 | DJ2: 2023/03 | DK2: 2023/04 | DL2: 2023/05 | DM2: 2023/06 | DN2: 2023/07 | DO2: 2023/08 | DP2: 2023/09 | DQ2: 2023/10 | DR2: 2023/11 | DS2: 2023/12 | DT2: 2024/01 | DU2: 2024/02 | DV2: 2024/03 | DW2: 2024/04 | DX2: 2024/05 | DY2: 2024/06 | DZ2: 2024/07 | EA2: 2024/08 | EB2: 2024/09 | EC2: 2024/10 | ED2: 2024/11 | EE2: 2024/12 | EF2: 2025/01 | EG2: 2025/02
B3: bm | C3: 0.036997014 | D3: 0.033297818 | E3: 0.015421638 | F3: 0.016456983 | G3: 0.017226211 | H3: 0.028764108 | I3: 0.024279328 | J3: 0.027316419 | K3: 0.030174005 | L3: 0.025236297 | M3: 0.032729104 | N3: 0.031554761 | O3: 0.034033302 | P3: 0.033212911 | Q3: 0.029103335 | R3: 0.026473653 | S3: 0.028295346 | T3: 0.022620728 | U3: 0.016144007 | V3: 0.025033178 | W3: 0.045784045 | X3: 0.043057814 | Y3: 0.037785746 | Z3: 0.024097455 | AA3: 0.030094427 | AB3: 0.028087063 | AC3: 0.033771067 | AD3: 0.034131704 | AE3: 0.034141409 | AF3: 0.013117941 | AG3: 0.024857354 | AH3: 0.031884444 | AI3: 0.036385761 | AJ3: 0.035948919 | AK3: 0.043482831 | AL3: 0.038462078 | AM3: 0.039410244 | AN3: 0.050743621 | AO3: 0.053684812 | AP3: 0.049314899 | AQ3: 0.032773688 | AR3: 0.028295341 | AS3: 0.028377803 | AT3: 0.023069229 | AU3: 0.029397033 | AV3: 0.031037852 | AW3: 0.026297924 | AX3: 0.026164811 | AY3: 0.032053784 | AZ3: 0.034477531 | BA3: 0.029331891 | BB3: 0.034324948 | BC3: 0.037421777 | BD3: 0.031413722 | BE3: 0.032006411 | BF3: 0.028281828 | BG3: 0.041103437 | BH3: 0.045198779 | BI3: 0.04158804 | BJ3: 0.040723406 | BK3: 0.0363277 | BL3: 0.036173192 | BM3: 0.037708588 | BN3: 0.030814038 | BO3: 0.030655856 | BP3: 0.034399632 | BQ3: 0.03486865 | BR3: 0.03632404 | BS3: 0.036164468 | BT3: 0.038668895 | BU3: 0.041103484 | BV3: 0.028684133 | BW3: 0.03521651 | BX3: 0.0407672 | BY3: 0.021603538 | BZ3: 0.030433669 | CA3: 0.037311958 | CB3: 0.027612053 | CC3: 0.019742955 | CD3: 0.0077914602 | CE3: 0.022526807 | CF3: 0.034778188 | CG3: 0.032581362 | CH3: 0.040909001 | CI3: 0.039050253 | CJ3: 0.0245619 | CK3: 0.034134462 | CL3: 0.035925938 | CM3: 0.042466042 | CN3: 0.036523907 | CO3: 0.03765915 | CP3: 0.039957834 | CQ3: -0.0045921903 | CR3: 0.01500343 | CS3: 0.022458754 | CT3: 0.040972168 | CU3: 0.038942373 | CV3: 0.043015001 | CW3: 0.0397066 | CX3: 0.039171023 | CY3: 0.034940835 | CZ3: 0.036026834 | DA3: 0.044509548 | DB3: 0.039322897 | DC3: 0.037933403 | DD3: 0.039075001 | DE3: 0.041993976 | DF3: 0.041965349 | DG3: 0.040382245 | DH3: 0.03678724 | DI3: 0.036877766 | DJ3: 0.033682094 | DK3: 0.036536443 | DL3: 0.031530556 | DM3: 0.028662238 | DN3: 0.030844743 | DO3: 0.033675364 | DP3: 0.035102178 | DQ3: 0.036708207 | DR3: 0.034114422 | DS3: 0.036715906 | DT3: 0.034828053 | DU3: 0.023365577 | DV3: 0.025240939 | DW3: 0.035159203 | DX3: 0.032304964 | DY3: 0.023258217 | DZ3: 0.028308752 | EA3: 0.031397322 | EB3: 0.037230813 | EC3: 0.03334609 | ED3: 0.034186641 | EE3: 0.025041158 | EF3: 0.034121435
B4: size | C4: -0.049660318 | D4: -0.06445346 | E4: -0.095804929 | F4: -0.076694249 | G4: -0.02651532 | H4: -0.03415165 | I4: -0.04619091 | J4: -0.046178363 | K4: -0.045931909 | L4: -0.04081179 | M4: -0.018734141 | N4: -0.035831184 | O4: -0.057022861 | P4: -0.042462624 | Q4: -0.037772239 | R4: -0.028628159 | S4: -0.030997759 | T4: -0.0067040182 | U4: -0.037956684 | V4: -0.029502006 | W4: -0.041243237 | X4: -0.054483331 | Y4: -0.057374084 | Z4: -0.050628324 | AA4: -0.042319641 | AB4: -0.03427378 | AC4: -0.038455291 | AD4: -0.032603255 | AE4: -0.034794942 | AF4: -0.0016393719 | AG4: -0.03223915 | AH4: -0.025692957 | AI4: -0.030088885 | AJ4: -0.029719525 | AK4: -0.022742981 | AL4: -0.025322144 | AM4: -0.024117366 | AN4: -0.027272205 | AO4: -0.02838312 | AP4: -0.023965544 | AQ4: -0.030304468 | AR4: -0.017736018 | AS4: -0.014939197 | AT4: -0.013608707 | AU4: -0.016423914 | AV4: -0.024039604 | AW4: -0.021378703 | AX4: -0.023051307 | AY4: -0.023942341 | AZ4: -0.015978329 | BA4: -0.029633645 | BB4: -0.036923113 | BC4: -0.022611704 | BD4: -0.02696564 | BE4: -0.030957563 | BF4: -0.018181884 | BG4: -0.015961032 | BH4: -0.021358658 | BI4: -0.018895749 | BJ4: -0.021052816 | BK4: -0.02661183 | BL4: -0.017576751 | BM4: -0.021846036 | BN4: -0.013750921 | BO4: -0.0065027888 | BP4: -0.01217171 | BQ4: 0.00022277284 | BR4: -0.005245064 | BS4: -0.012938426 | BT4: -0.01635034 | BU4: -0.0017286047 | BV4: 0.015184016 | BW4: -0.0037692826 | BX4: -0.016045217 | BY4: -0.018894587 | BZ4: -0.0041566141 | CA4: -0.0182235 | CB4: -0.022303988 | CC4: -0.041111881 | CD4: -0.032535264 | CE4: -0.030323127 | CF4: -0.061293035 | CG4: -0.0441696 | CH4: -0.026870448 | CI4: -0.017734729 | CJ4: -0.011493971 | CK4: -0.01591057 | CL4: -0.015536443 | CM4: -0.01914162 | CN4: 0.0080306048 | CO4: 0.0041846284 | CP4: -0.0074834121 | CQ4: -0.00067070377 | CR4: -0.019179488 | CS4: -0.023347226 | CT4: -0.021789124 | CU4: -0.029507372 | CV4: -0.024862939 | CW4: -0.022835803 | CX4: -0.022235555 | CY4: -0.025586671 | CZ4: -0.030230897 | DA4: -0.043223926 | DB4: -0.044724836 | DC4: -0.070760187 | DD4: -0.057609849 | DE4: -0.034042017 | DF4: -0.027183612 | DG4: -0.03505246 | DH4: -0.0084282458 | DI4: -0.036370698 | DJ4: -0.038760924 | DK4: -0.027971575 | DL4: -0.016270629 | DM4: -0.017815732 | DN4: -0.0080526822 | DO4: -0.023536384 | DP4: -0.02948732 | DQ4: -0.037657448 | DR4: -0.029648059 | DS4: -0.030189606 | DT4: -0.041055976 | DU4: -0.037310577 | DV4: -0.0089387634 | DW4: -0.018377446 | DX4: -0.030385798 | DY4: -0.033048756 | DZ4: -0.030982286 | EA4: -0.031659362 | EB4: -0.036490653 | EC4: -0.041069205 | ED4: -0.031004875 | EE4: -0.023075953 | EF4: -0.01142086
B5: mom | C5: 0.0035923216 | D5: 0.0028862197 | E5: 0.0080135072 | F5: 0.0074387136 | G5: -0.0001698489 | H5: 0.0091359421 | I5: 0.012007171 | J5: 0.0059464453 | K5: 0.016591641 | L5: 0.019201619 | M5: 0.019701815 | N5: 0.020161712 | O5: 0.013437226 | P5: 0.017638047 | Q5: 0.013117422 | R5: 0.013456746 | S5: 0.016544046 | T5: 0.015881273 | U5: 0.025940277 | V5: 0.019680642 | W5: 0.032681747 | X5: 0.028819336 | Y5: -0.036096516 | Z5: -0.0058194738 | AA5: -0.013843619 | AB5: -0.049937139 | AC5: -0.0092081627 | AD5: -0.065956475 | AE5: -0.021735146 | AF5: 0.0089724224 | AG5: -0.011832986 | AH5: -0.0029651907 | AI5: 0.0047857327 | AJ5: 0.0057367074 | AK5: 0.0073926873 | AL5: -0.0018742539 | AM5: -0.0019525231 | AN5: -0.0036238169 | AO5: -0.009160306 | AP5: 0.0025415011 | AQ5: 0.0038483729 | AR5: 0.0034029775 | AS5: 0.00085747229 | AT5: 0.0081789277 | AU5: 0.010057968 | AV5: 0.011137854 | AW5: 0.013378268 | AX5: 0.011884825 | AY5: -6.6054212e-06 | AZ5: 0.0078238779 | BA5: 0.0069892355 | BB5: 0.0071871697 | BC5: -0.0023924144 | BD5: 0.00072638542 | BE5: -0.0022265343 | BF5: -0.0010446614 | BG5: -0.020710825 | BH5: -0.044325198 | BI5: -0.014765945 | BJ5: -0.022277758 | BK5: -0.023506676 | BL5: -0.016596138 | BM5: -0.037766406 | BN5: -0.010040541 | BO5: -0.0074939665 | BP5: 0.0033714478 | BQ5: 0.006820516 | BR5: 0.0055997292 | BS5: 0.015475741 | BT5: 0.0025051396 | BU5: 0.0069054049 | BV5: 0.0067595126 | BW5: 0.0053854478 | BX5: -0.00051415041 | BY5: -0.0042217786 | BZ5: 0.0013635264 | CA5: 0.012340118 | CB5: 0.016161382 | CC5: 0.0021700747 | CD5: 0.0083982369 | CE5: 0.0029924757 | CF5: -0.00083356639 | CG5: -0.00074006182 | CH5: -0.011915383 | CI5: -0.014454668 | CJ5: -0.0072598372 | CK5: -0.0012941788 | CL5: 0.0094434035 | CM5: 0.0051140346 | CN5: 0.0028732793 | CO5: 0.017240476 | CP5: 0.011414218 | CQ5: 0.009006764 | CR5: -0.0020834521 | CS5: -0.021705771 | CT5: -0.0053317796 | CU5: -0.0036870143 | CV5: -0.037795651 | CW5: -0.013894147 | CX5: 0.0066294897 | CY5: -0.0082669791 | CZ5: 0.0016345621 | DA5: 0.00040989739 | DB5: 0.0044160125 | DC5: 0.026999677 | DD5: 0.009318786 | DE5: -0.0077970743 | DF5: -0.0081874226 | DG5: 0.0047082208 | DH5: -0.013667003 | DI5: -0.0070506889 | DJ5: -0.0017588579 | DK5: 0.0033090688 | DL5: 0.0048628678 | DM5: 0.0036150951 | DN5: 0.0062882036 | DO5: 0.0035527335 | DP5: 0.0025222761 | DQ5: -0.010664816 | DR5: 0.010994664 | DS5: -0.0006449021 | DT5: 0.00023512509 | DU5: 0.0073690346 | DV5: 0.0067783152 | DW5: -0.0037712346 | DX5: 0.0011055016 | DY5: 0.003386789 | DZ5: 0.0032550462 | EA5: 0.0062664248 | EB5: -0.017112768 | EC5: -0.020886644 | ED5: -0.0092848105 | EE5: -0.011958727 | EF5: -0.014122559
A6: 選絕對值最大 | C6: {=MATCH(MAX(ABS(C3:C5)), ABS(C3:C5), 0)} -> 2 | D6: {=MATCH(MAX(ABS(D3:D5)), ABS(D3:D5), 0)} -> 2 | E6: {=MATCH(MAX(ABS(E3:E5)), ABS(E3:E5), 0)} -> 2 | F6: {=MATCH(MAX(ABS(F3:F5)), ABS(F3:F5), 0)} -> 2 | G6: {=MATCH(MAX(ABS(G3:G5)), ABS(G3:G5), 0)} -> 2 | H6: {=MATCH(MAX(ABS(H3:H5)), ABS(H3:H5), 0)} -> 2 | I6: {=MATCH(MAX(ABS(I3:I5)), ABS(I3:I5), 0)} -> 2 | J6: {=MATCH(MAX(ABS(J3:J5)), ABS(J3:J5), 0)} -> 2 | ... EG6: {=MATCH(MAX(ABS(EG3:EG5)), ABS(EG3:EG5), 0)} -> 1
C7: =IF(C6=1,"bm",IF(C6=2,"size",IF(C6=3,"mom"))) -> size | D7: =IF(D6=1,"bm",IF(D6=2,"size",IF(D6=3,"mom"))) -> size | E7: =IF(E6=1,"bm",IF(E6=2,"size",IF(E6=3,"mom"))) -> size | F7: =IF(F6=1,"bm",IF(F6=2,"size",IF(F6=3,"mom"))) -> size | G7: =IF(G6=1,"bm",IF(G6=2,"size",IF(G6=3,"mom"))) -> size | H7: =IF(H6=1,"bm",IF(H6=2,"size",IF(H6=3,"mom"))) -> size | I7: =IF(I6=1,"bm",IF(I6=2,"size",IF(I6=3,"mom"))) -> size | J7: =IF(J6=1,"bm",IF(J6=2,"size",IF(J6=3,"mom"))) -> size | ... EG7: =IF(EG6=1,"bm",IF(EG6=2,"size",IF(EG6=3,"mom"))) -> bm
C8: =IF(C6=1,C3,IF(C6=2,C4,IF(C6=3,C5))) -> -0.049660318 | D8: =IF(D6=1,D3,IF(D6=2,D4,IF(D6=3,D5))) -> -0.06445346 | E8: =IF(E6=1,E3,IF(E6=2,E4,IF(E6=3,E5))) -> -0.095804929 | F8: =IF(F6=1,F3,IF(F6=2,F4,IF(F6=3,F5))) -> -0.076694249 | G8: =IF(G6=1,G3,IF(G6=2,G4,IF(G6=3,G5))) -> -0.02651532 | H8: =IF(H6=1,H3,IF(H6=2,H4,IF(H6=3,H5))) -> -0.03415165 | I8: =IF(I6=1,I3,IF(I6=2,I4,IF(I6=3,I5))) -> -0.04619091 | J8: =IF(J6=1,J3,IF(J6=2,J4,IF(J6=3,J5))) -> -0.046178363 | ... EG8: =IF(EG6=1,EG3,IF(EG6=2,EG4,IF(EG6=3,EG5))) -> 0
A10: 投資組合 | C10: 公司數 | D10: 964
A11: 等第 | B11: 分數 | C11: 2014/01 | D11: 2014/02 | E11: 2014/03 | F11: 2014/04 | G11: 2014/05 | H11: 2014/06 | I11: 2014/07 | J11: 2014/08 | K11: 2014/09 | L11: 2014/10 | M11: 2014/11 | N11: 2014/12 | O11: 2015/01 | P11: 2015/02 | Q11: 2015/03 | R11: 2015/04 | S11: 2015/05 | T11: 2015/06 | U11: 2015/07 | V11: 2015/08 | W11: 2015/09 | X11: 2015/10 | Y11: 2015/11 | Z11: 2015/12 | AA11: 2016/01 | AB11: 2016/02 | AC11: 2016/03 | AD11: 2016/04 | AE11: 2016/05 | AF11: 2016/06 | AG11: 2016/07 | AH11: 2016/08 | AI11: 2016/09 | AJ11: 2016/10 | AK11: 2016/11 | AL11: 2016/12 | AM11: 2017/01 | AN11: 2017/02 | AO11: 2017/03 | AP11: 2017/04 | AQ11: 2017/05 | AR11: 2017/06 | AS11: 2017/07 | AT11: 2017/08 | AU11: 2017/09 | AV11: 2017/10 | AW11: 2017/11 | AX11: 2017/12 | AY11: 2018/01 | AZ11: 2018/02 | BA11: 2018/03 | BB11: 2018/04 | BC11: 2018/05 | BD11: 2018/06 | BE11: 2018/07 | BF11: 2018/08 | BG11: 2018/09 | BH11: 2018/10 | BI11: 2018/11 | BJ11: 2018/12 | BK11: 2019/01 | BL11: 2019/02 | BM11: 2019/03 | BN11: 2019/04 | BO11: 2019/05 | BP11: 2019/06 | BQ11: 2019/07 | BR11: 2019/08 | BS11: 2019/09 | BT11: 2019/10 | BU11: 2019/11 | BV11: 2019/12 | BW11: 2020/01 | BX11: 2020/02 | BY11: 2020/03 | BZ11: 2020/04 | CA11: 2020/05 | CB11: 2020/06 | CC11: 2020/07 | CD11: 2020/08 | CE11: 2020/09 | CF11: 2020/10 | CG11: 2020/11 | CH11: 2020/12 | CI11: 2021/01 | CJ11: 2021/02 | CK11: 2021/03 | CL11: 2021/04 | CM11: 2021/05 | CN11: 2021/06 | CO11: 2021/07 | CP11: 2021/08 | CQ11: 2021/09 | CR11: 2021/10 | CS11: 2021/11 | CT11: 2021/12 | CU11: 2022/01 | CV11: 2022/02 | CW11: 2022/03 | CX11: 2022/04 | CY11: 2022/05 | CZ11: 2022/06 | DA11: 2022/07 | DB11: 2022/08 | DC11: 2022/09 | DD11: 2022/10 | DE11: 2022/11 | DF11: 2022/12 | DG11: 2023/01 | DH11: 2023/02 | DI11: 2023/03 | DJ11: 2023/04 | DK11: 2023/05 | DL11: 2023/06 | DM11: 2023/07 | DN11: 2023/08 | DO11: 2023/09 | DP11: 2023/10 | DQ11: 2023/11 | DR11: 2023/12 | DS11: 2024/01 | DT11: 2024/02 | DU11: 2024/03 | DV11: 2024/04 | DW11: 2024/05 | DX11: 2024/06 | DY11: 2024/07 | DZ11: 2024/08 | EA11: 2024/09 | EB11: 2024/10 | EC11: 2024/11 | ED11: 2024/12 | EE11: 2025/01 | EF11: 2025/02 | EG11: SUM | EH11: 勝率
A12: 10 | B12: 96 | C12: =IF(預測IC!C12>預測IC!C$25,1,0) -> 0 | D12: =IF(預測IC!D12>預測IC!D$25,1,0) -> 1 | E12: =IF(預測IC!E12>預測IC!E$25,1,0) -> 0 | F12: =IF(預測IC!F12>預測IC!F$25,1,0) -> 1 | G12: =IF(預測IC!G12>預測IC!G$25,1,0) -> 0 | H12: =IF(預測IC!H12>預測IC!H$25,1,0) -> 1 | I12: =IF(預測IC!I12>預測IC!I$25,1,0) -> 1 | J12: =IF(預測IC!J12>預測IC!J$25,1,0) -> 0 | ... EF12: =IF(預測IC!EF12>預測IC!EF$25,1,0) -> 1 | EG12: =SUM(C12:EF12) -> 70 | EH12: =SUM(C12:EE12)/134 -> 0.51492537
A13: 20 | B13: 48 | C13: =IF(預測IC!C13>預測IC!C$25,1,0) -> 0 | D13: =IF(預測IC!D13>預測IC!D$25,1,0) -> 1 | E13: =IF(預測IC!E13>預測IC!E$25,1,0) -> 0 | F13: =IF(預測IC!F13>預測IC!F$25,1,0) -> 0 | G13: =IF(預測IC!G13>預測IC!G$25,1,0) -> 0 | H13: =IF(預測IC!H13>預測IC!H$25,1,0) -> 0 | I13: =IF(預測IC!I13>預測IC!I$25,1,0) -> 1 | J13: =IF(預測IC!J13>預測IC!J$25,1,0) -> 0 | ... EF13: =IF(預測IC!EF13>預測IC!EF$25,1,0) -> 1 | EG13: =SUM(C13:EF13) -> 72 | EH13: =SUM(C13:EE13)/134 -> 0.52985075
A14: 50 | B14: 19 | C14: =IF(預測IC!C14>預測IC!C$25,1,0) -> 0 | D14: =IF(預測IC!D14>預測IC!D$25,1,0) -> 1 | E14: =IF(預測IC!E14>預測IC!E$25,1,0) -> 0 | F14: =IF(預測IC!F14>預測IC!F$25,1,0) -> 1 | G14: =IF(預測IC!G14>預測IC!G$25,1,0) -> 1 | H14: =IF(預測IC!H14>預測IC!H$25,1,0) -> 1 | I14: =IF(預測IC!I14>預測IC!I$25,1,0) -> 1 | J14: =IF(預測IC!J14>預測IC!J$25,1,0) -> 0 | ... EF14: =IF(預測IC!EF14>預測IC!EF$25,1,0) -> 1 | EG14: =SUM(C14:EF14) -> 78 | EH14: =SUM(C14:EE14)/134 -> 0.57462687
A15: 100 | B15: 10 | C15: =IF(預測IC!C15>預測IC!C$25,1,0) -> 0 | D15: =IF(預測IC!D15>預測IC!D$25,1,0) -> 1 | E15: =IF(預測IC!E15>預測IC!E$25,1,0) -> 0 | F15: =IF(預測IC!F15>預測IC!F$25,1,0) -> 1 | G15: =IF(預測IC!G15>預測IC!G$25,1,0) -> 1 | H15: =IF(預測IC!H15>預測IC!H$25,1,0) -> 1 | I15: =IF(預測IC!I15>預測IC!I$25,1,0) -> 1 | J15: =IF(預測IC!J15>預測IC!J$25,1,0) -> 0 | ... EF15: =IF(預測IC!EF15>預測IC!EF$25,1,0) -> 1 | EG15: =SUM(C15:EF15) -> 70 | EH15: =SUM(C15:EE15)/134 -> 0.51492537
A16: 107 | B16: 9 | C16: =IF(預測IC!C16>預測IC!C$25,1,0) -> 0 | D16: =IF(預測IC!D16>預測IC!D$25,1,0) -> 1 | E16: =IF(預測IC!E16>預測IC!E$25,1,0) -> 0 | F16: =IF(預測IC!F16>預測IC!F$25,1,0) -> 1 | G16: =IF(預測IC!G16>預測IC!G$25,1,0) -> 1 | H16: =IF(預測IC!H16>預測IC!H$25,1,0) -> 1 | I16: =IF(預測IC!I16>預測IC!I$25,1,0) -> 1 | J16: =IF(預測IC!J16>預測IC!J$25,1,0) -> 0 | ... EF16: =IF(預測IC!EF16>預測IC!EF$25,1,0) -> 1 | EG16: =SUM(C16:EF16) -> 71 | EH16: =SUM(C16:EE16)/134 -> 0.52238806
A17: 120 | B17: 8 | C17: =IF(預測IC!C17>預測IC!C$25,1,0) -> 0 | D17: =IF(預測IC!D17>預測IC!D$25,1,0) -> 1 | E17: =IF(預測IC!E17>預測IC!E$25,1,0) -> 0 | F17: =IF(預測IC!F17>預測IC!F$25,1,0) -> 1 | G17: =IF(預測IC!G17>預測IC!G$25,1,0) -> 1 | H17: =IF(預測IC!H17>預測IC!H$25,1,0) -> 1 | I17: =IF(預測IC!I17>預測IC!I$25,1,0) -> 1 | J17: =IF(預測IC!J17>預測IC!J$25,1,0) -> 0 | ... EF17: =IF(預測IC!EF17>預測IC!EF$25,1,0) -> 1 | EG17: =SUM(C17:EF17) -> 73 | EH17: =SUM(C17:EE17)/134 -> 0.53731343
A18: 137 | B18: 7 | C18: =IF(預測IC!C18>預測IC!C$25,1,0) -> 0 | D18: =IF(預測IC!D18>預測IC!D$25,1,0) -> 1 | E18: =IF(預測IC!E18>預測IC!E$25,1,0) -> 0 | F18: =IF(預測IC!F18>預測IC!F$25,1,0) -> 1 | G18: =IF(預測IC!G18>預測IC!G$25,1,0) -> 1 | H18: =IF(預測IC!H18>預測IC!H$25,1,0) -> 1 | I18: =IF(預測IC!I18>預測IC!I$25,1,0) -> 1 | J18: =IF(預測IC!J18>預測IC!J$25,1,0) -> 0 | ... EF18: =IF(預測IC!EF18>預測IC!EF$25,1,0) -> 1 | EG18: =SUM(C18:EF18) -> 77 | EH18: =SUM(C18:EE18)/134 -> 0.56716418
A19: 160 | B19: 6 | C19: =IF(預測IC!C19>預測IC!C$25,1,0) -> 0 | D19: =IF(預測IC!D19>預測IC!D$25,1,0) -> 1 | E19: =IF(預測IC!E19>預測IC!E$25,1,0) -> 0 | F19: =IF(預測IC!F19>預測IC!F$25,1,0) -> 1 | G19: =IF(預測IC!G19>預測IC!G$25,1,0) -> 1 | H19: =IF(預測IC!H19>預測IC!H$25,1,0) -> 1 | I19: =IF(預測IC!I19>預測IC!I$25,1,0) -> 1 | J19: =IF(預測IC!J19>預測IC!J$25,1,0) -> 0 | ... EF19: =IF(預測IC!EF19>預測IC!EF$25,1,0) -> 1 | EG19: =SUM(C19:EF19) -> 72 | EH19: =SUM(C19:EE19)/134 -> 0.52985075
A20: 192 | B20: 5 | C20: =IF(預測IC!C20>預測IC!C$25,1,0) -> 0 | D20: =IF(預測IC!D20>預測IC!D$25,1,0) -> 1 | E20: =IF(預測IC!E20>預測IC!E$25,1,0) -> 0 | F20: =IF(預測IC!F20>預測IC!F$25,1,0) -> 1 | G20: =IF(預測IC!G20>預測IC!G$25,1,0) -> 1 | H20: =IF(預測IC!H20>預測IC!H$25,1,0) -> 1 | I20: =IF(預測IC!I20>預測IC!I$25,1,0) -> 1 | J20: =IF(預測IC!J20>預測IC!J$25,1,0) -> 0 | ... EF20: =IF(預測IC!EF20>預測IC!EF$25,1,0) -> 1 | EG20: =SUM(C20:EF20) -> 72 | EH20: =SUM(C20:EE20)/134 -> 0.52985075
A21: 241 | B21: 4 | C21: =IF(預測IC!C21>預測IC!C$25,1,0) -> 0 | D21: =IF(預測IC!D21>預測IC!D$25,1,0) -> 1 | E21: =IF(預測IC!E21>預測IC!E$25,1,0) -> 0 | F21: =IF(預測IC!F21>預測IC!F$25,1,0) -> 1 | G21: =IF(預測IC!G21>預測IC!G$25,1,0) -> 1 | H21: =IF(預測IC!H21>預測IC!H$25,1,0) -> 1 | I21: =IF(預測IC!I21>預測IC!I$25,1,0) -> 1 | J21: =IF(預測IC!J21>預測IC!J$25,1,0) -> 0 | ... EF21: =IF(預測IC!EF21>預測IC!EF$25,1,0) -> 1 | EG21: =SUM(C21:EF21) -> 69 | EH21: =SUM(C21:EE21)/134 -> 0.50746269
A22: 321 | B22: 3 | C22: =IF(預測IC!C22>預測IC!C$25,1,0) -> 0 | D22: =IF(預測IC!D22>預測IC!D$25,1,0) -> 1 | E22: =IF(預測IC!E22>預測IC!E$25,1,0) -> 0 | F22: =IF(預測IC!F22>預測IC!F$25,1,0) -> 0 | G22: =IF(預測IC!G22>預測IC!G$25,1,0) -> 1 | H22: =IF(預測IC!H22>預測IC!H$25,1,0) -> 1 | I22: =IF(預測IC!I22>預測IC!I$25,1,0) -> 1 | J22: =IF(預測IC!J22>預測IC!J$25,1,0) -> 0 | ... EF22: =IF(預測IC!EF22>預測IC!EF$25,1,0) -> 0 | EG22: =SUM(C22:EF22) -> 65 | EH22: =SUM(C22:EE22)/134 -> 0.48507463
A23: 482 | B23: 2 | C23: =IF(預測IC!C23>預測IC!C$25,1,0) -> 0 | D23: =IF(預測IC!D23>預測IC!D$25,1,0) -> 1 | E23: =IF(預測IC!E23>預測IC!E$25,1,0) -> 0 | F23: =IF(預測IC!F23>預測IC!F$25,1,0) -> 1 | G23: =IF(預測IC!G23>預測IC!G$25,1,0) -> 1 | H23: =IF(預測IC!H23>預測IC!H$25,1,0) -> 0 | I23: =IF(預測IC!I23>預測IC!I$25,1,0) -> 1 | J23: =IF(預測IC!J23>預測IC!J$25,1,0) -> 0 | ... EF23: =IF(預測IC!EF23>預測IC!EF$25,1,0) -> 0 | EG23: =SUM(C23:EF23) -> 64 | EH23: =SUM(C23:EE23)/134 -> 0.47761194
A24: 964 | B24: 1 | C24: =IF(預測IC!C24>預測IC!C$25,1,0) -> 0 | D24: =IF(預測IC!D24>預測IC!D$25,1,0) -> 1 | E24: =IF(預測IC!E24>預測IC!E$25,1,0) -> 1 | F24: =IF(預測IC!F24>預測IC!F$25,1,0) -> 1 | G24: =IF(預測IC!G24>預測IC!G$25,1,0) -> 1 | H24: =IF(預測IC!H24>預測IC!H$25,1,0) -> 1 | I24: =IF(預測IC!I24>預測IC!I$25,1,0) -> 1 | J24: =IF(預測IC!J24>預測IC!J$25,1,0) -> 0 | ... EF24: =IF(預測IC!EF24>預測IC!EF$25,1,0) -> 1 | EG24: =SUM(C24:EF24) -> 60 | EH24: =SUM(C24:EE24)/134 -> 0.44029851
A25: 大盤 | B25: TWII | C25: -0.017446771 | D25: 0.020701061 | E25: 0.023982129 | F25: -0.006557579 | G25: 0.03184513 | H25: 0.034348533 | I25: -0.0082549328 | J25: 0.012843524 | K25: -0.051018525 | L25: 0.00087394274 | M25: 0.023389576 | N25: 0.012988972 | O25: 0.0058545887 | P25: 0.027413207 | Q25: -0.0037129361 | R25: 0.024076614 | S25: -0.012190025 | T25: -0.039749578 | U25: -0.07315545 | V25: -0.05826023 | W25: 0.00077279757 | X25: 0.044591521 | Y25: -0.02769968 | Z25: 0.0020950059 | AA25: -0.023400551 | AB25: 0.032129371 | AC25: 0.038903273 | AD25: -0.042865382 | AE25: 0.018647195 | AF25: 0.015229768 | AG25: 0.036016604 | AH25: 0.0093546114 | AI25: 0.010748251 | AJ25: 0.013357754 | AK25: -0.0053327473 | AL25: 0.0013831358 | AM25: 0.020795928 | AN25: 0.031517702 | AO25: 0.0062417165 | AP25: 0.0061452617 | AQ25: 0.016946358 | AR25: 0.03468283 | AS25: 0.0030985886 | AT25: 0.015081347 | AU25: -0.019251209 | AV25: 0.038711513 | AW25: -0.021856951 | AX25: 0.0077743007 | AY25: 0.042397247 | AZ25: -0.026308975 | BA25: 0.0095717493 | BB25: -0.024249741 | BC25: 0.020163374 | BD25: -0.0035049988 | BE25: 0.020151935 | BF25: 0.00058133623 | BG25: -0.005219701 | BH25: -0.11587176 | BI25: 0.0087252257 | BJ25: -0.016377261 | BK25: 0.020840372 | BL25: 0.044975872 | BM25: 0.023954306 | BN25: 0.030239101 | BO25: -0.043725888 | BP25: 0.02188947 | BQ25: 0.0086274303 | BR25: -0.019192954 | BS25: 0.01973513 | BT25: 0.047694337 | BU25: 0.011454817 | BV25: 0.043228621 | BW25: -0.04274743 | BX25: -0.017811292 | BY25: -0.1511531 | BZ25: 0.124224 | CA25: -0.0045572538 | CB25: 0.06021124 | CC25: 0.085992033 | CD25: -0.0058084796 | CE25: -0.006041347 | CF25: 0.0024523244 | CG25: 0.089636252 | CH25: 0.070992733 | CI25: 0.027170643 | CJ25: 0.052468428 | CK25: 0.029480661 | CL25: 0.066825081 | CM25: -0.028772229 | CN25: 0.039462516 | CO25: -0.029031087 | CP25: 0.013983883 | CQ25: -0.032276965 | CR25: 0.0031035766 | CS25: 0.025591856 | CT25: 0.044391886 | CU25: -0.030338959 | CV25: -0.0012579765 | CW25: 0.0023363565 | CX25: -0.064264145 | CY25: 0.012909779 | CZ25: -0.12547709 | DA25: 0.011690683 | DB25: 0.0063378437 | DC25: -0.11730536 | DD25: -0.036010872 | DE25: 0.1389113 | DF25: -0.051143506 | DG25: 0.076731447 | DH25: 0.015508782 | DI25: 0.023223774 | DJ25: -0.018372876 | DK25: 0.062199014 | DL25: 0.020098304 | DM25: 0.01349894 | DN25: -0.030252213 | DO25: -0.017022836 | DP25: -0.021788523 | DQ25: 0.085745625 | DR25: 0.028106744 | DS25: -0.0023031598 | DT25: 0.058471198 | DU25: 0.067658949 | DV25: 0.0050207706 | DW25: 0.037416184 | DX25: 0.084111004 | DY25: -0.036832399 | DZ25: 0.0030917028 | EA25: -0.0019576282 | EB25: 0.026459104 | EC25: -0.024752539 | ED25: 0.034115491 | EE25: 0.021061974

Sheet 累積報酬
A1: =預測IC!A1 -> NN4
B2: Time | C2: 2013/12 | D2: 2014/01 | E2: 2014/02 | F2: 2014/03 | G2: 2014/04 | H2: 2014/05 | I2: 2014/06 | J2: 2014/07 | K2: 2014/08 | L2: 2014/09 | M2: 2014/10 | N2: 2014/11 | O2: 2014/12 | P2: 2015/01 | Q2: 2015/02 | R2: 2015/03 | S2: 2015/04 | T2: 2015/05 | U2: 2015/06 | V2: 2015/07 | W2: 2015/08 | X2: 2015/09 | Y2: 2015/10 | Z2: 2015/11 | AA2: 2015/12 | AB2: 2016/01 | AC2: 2016/02 | AD2: 2016/03 | AE2: 2016/04 | AF2: 2016/05 | AG2: 2016/06 | AH2: 2016/07 | AI2: 2016/08 | AJ2: 2016/09 | AK2: 2016/10 | AL2: 2016/11 | AM2: 2016/12 | AN2: 2017/01 | AO2: 2017/02 | AP2: 2017/03 | AQ2: 2017/04 | AR2: 2017/05 | AS2: 2017/06 | AT2: 2017/07 | AU2: 2017/08 | AV2: 2017/09 | AW2: 2017/10 | AX2: 2017/11 | AY2: 2017/12 | AZ2: 2018/01 | BA2: 2018/02 | BB2: 2018/03 | BC2: 2018/04 | BD2: 2018/05 | BE2: 2018/06 | BF2: 2018/07 | BG2: 2018/08 | BH2: 2018/09 | BI2: 2018/10 | BJ2: 2018/11 | BK2: 2018/12 | BL2: 2019/01 | BM2: 2019/02 | BN2: 2019/03 | BO2: 2019/04 | BP2: 2019/05 | BQ2: 2019/06 | BR2: 2019/07 | BS2: 2019/08 | BT2: 2019/09 | BU2: 2019/10 | BV2: 2019/11 | BW2: 2019/12 | BX2: 2020/01 | BY2: 2020/02 | BZ2: 2020/03 | CA2: 2020/04 | CB2: 2020/05 | CC2: 2020/06 | CD2: 2020/07 | CE2: 2020/08 | CF2: 2020/09 | CG2: 2020/10 | CH2: 2020/11 | CI2: 2020/12 | CJ2: 2021/01 | CK2: 2021/02 | CL2: 2021/03 | CM2: 2021/04 | CN2: 2021/05 | CO2: 2021/06 | CP2: 2021/07 | CQ2: 2021/08 | CR2: 2021/09 | CS2: 2021/10 | CT2: 2021/11 | CU2: 2021/12 | CV2: 2022/01 | CW2: 2022/02 | CX2: 2022/03 | CY2: 2022/04 | CZ2: 2022/05 | DA2: 2022/06 | DB2: 2022/07 | DC2: 2022/08 | DD2: 2022/09 | DE2: 2022/10 | DF2: 2022/11 | DG2: 2022/12 | DH2: 2023/01 | DI2: 2023/02 | DJ2: 2023/03 | DK2: 2023/04 | DL2: 2023/05 | DM2: 2023/06 | DN2: 2023/07 | DO2: 2023/08 | DP2: 2023/09 | DQ2: 2023/10 | DR2: 2023/11 | DS2: 2023/12 | DT2: 2024/01 | DU2: 2024/02 | DV2: 2024/03 | DW2: 2024/04 | DX2: 2024/05 | DY2: 2024/06 | DZ2: 2024/07 | EA2: 2024/08 | EB2: 2024/09 | EC2: 2024/10 | ED2: 2024/11 | EE2: 2024/12 | EF2: 2025/01 | EG2: 2025/02
B3: bm | C3: 0.036997014 | D3: 0.033297818 | E3: 0.015421638 | F3: 0.016456983 | G3: 0.017226211 | H3: 0.028764108 | I3: 0.024279328 | J3: 0.027316419 | K3: 0.030174005 | L3: 0.025236297 | M3: 0.032729104 | N3: 0.031554761 | O3: 0.034033302 | P3: 0.033212911 | Q3: 0.029103335 | R3: 0.026473653 | S3: 0.028295346 | T3: 0.022620728 | U3: 0.016144007 | V3: 0.025033178 | W3: 0.045784045 | X3: 0.043057814 | Y3: 0.037785746 | Z3: 0.024097455 | AA3: 0.030094427 | AB3: 0.028087063 | AC3: 0.033771067 | AD3: 0.034131704 | AE3: 0.034141409 | AF3: 0.013117941 | AG3: 0.024857354 | AH3: 0.031884444 | AI3: 0.036385761 | AJ3: 0.035948919 | AK3: 0.043482831 | AL3: 0.038462078 | AM3: 0.039410244 | AN3: 0.050743621 | AO3: 0.053684812 | AP3: 0.049314899 | AQ3: 0.032773688 | AR3: 0.028295341 | AS3: 0.028377803 | AT3: 0.023069229 | AU3: 0.029397033 | AV3: 0.031037852 | AW3: 0.026297924 | AX3: 0.026164811 | AY3: 0.032053784 | AZ3: 0.034477531 | BA3: 0.029331891 | BB3: 0.034324948 | BC3: 0.037421777 | BD3: 0.031413722 | BE3: 0.032006411 | BF3: 0.028281828 | BG3: 0.041103437 | BH3: 0.045198779 | BI3: 0.04158804 | BJ3: 0.040723406 | BK3: 0.0363277 | BL3: 0.036173192 | BM3: 0.037708588 | BN3: 0.030814038 | BO3: 0.030655856 | BP3: 0.034399632 | BQ3: 0.03486865 | BR3: 0.03632404 | BS3: 0.036164468 | BT3: 0.038668895 | BU3: 0.041103484 | BV3: 0.028684133 | BW3: 0.03521651 | BX3: 0.0407672 | BY3: 0.021603538 | BZ3: 0.030433669 | CA3: 0.037311958 | CB3: 0.027612053 | CC3: 0.019742955 | CD3: 0.0077914602 | CE3: 0.022526807 | CF3: 0.034778188 | CG3: 0.032581362 | CH3: 0.040909001 | CI3: 0.039050253 | CJ3: 0.0245619 | CK3: 0.034134462 | CL3: 0.035925938 | CM3: 0.042466042 | CN3: 0.036523907 | CO3: 0.03765915 | CP3: 0.039957834 | CQ3: -0.0045921903 | CR3: 0.01500343 | CS3: 0.022458754 | CT3: 0.040972168 | CU3: 0.038942373 | CV3: 0.043015001 | CW3: 0.0397066 | CX3: 0.039171023 | CY3: 0.034940835 | CZ3: 0.036026834 | DA3: 0.044509548 | DB3: 0.039322897 | DC3: 0.037933403 | DD3: 0.039075001 | DE3: 0.041993976 | DF3: 0.041965349 | DG3: 0.040382245 | DH3: 0.03678724 | DI3: 0.036877766 | DJ3: 0.033682094 | DK3: 0.036536443 | DL3: 0.031530556 | DM3: 0.028662238 | DN3: 0.030844743 | DO3: 0.033675364 | DP3: 0.035102178 | DQ3: 0.036708207 | DR3: 0.034114422 | DS3: 0.036715906 | DT3: 0.034828053 | DU3: 0.023365577 | DV3: 0.025240939 | DW3: 0.035159203 | DX3: 0.032304964 | DY3: 0.023258217 | DZ3: 0.028308752 | EA3: 0.031397322 | EB3: 0.037230813 | EC3: 0.03334609 | ED3: 0.034186641 | EE3: 0.025041158 | EF3: 0.034121435
B4: size | C4: -0.049660318 | D4: -0.06445346 | E4: -0.095804929 | F4: -0.076694249 | G4: -0.02651532 | H4: -0.03415165 | I4: -0.04619091 | J4: -0.046178363 | K4: -0.045931909 | L4: -0.04081179 | M4: -0.018734141 | N4: -0.035831184 | O4: -0.057022861 | P4: -0.042462624 | Q4: -0.037772239 | R4: -0.028628159 | S4: -0.030997759 | T4: -0.0067040182 | U4: -0.037956684 | V4: -0.029502006 | W4: -0.041243237 | X4: -0.054483331 | Y4: -0.057374084 | Z4: -0.050628324 | AA4: -0.042319641 | AB4: -0.03427378 | AC4: -0.038455291 | AD4: -0.032603255 | AE4: -0.034794942 | AF4: -0.0016393719 | AG4: -0.03223915 | AH4: -0.025692957 | AI4: -0.030088885 | AJ4: -0.029719525 | AK4: -0.022742981 | AL4: -0.025322144 | AM4: -0.024117366 | AN4: -0.027272205 | AO4: -0.02838312 | AP4: -0.023965544 | AQ4: -0.030304468 | AR4: -0.017736018 | AS4: -0.014939197 | AT4: -0.013608707 | AU4: -0.016423914 | AV4: -0.024039604 | AW4: -0.021378703 | AX4: -0.023051307 | AY4: -0.023942341 | AZ4: -0.015978329 | BA4: -0.029633645 | BB4: -0.036923113 | BC4: -0.022611704 | BD4: -0.02696564 | BE4: -0.030957563 | BF4: -0.018181884 | BG4: -0.015961032 | BH4: -0.021358658 | BI4: -0.018895749 | BJ4: -0.021052816 | BK4: -0.02661183 | BL4: -0.017576751 | BM4: -0.021846036 | BN4: -0.013750921 | BO4: -0.0065027888 | BP4: -0.01217171 | BQ4: 0.00022277284 | BR4: -0.005245064 | BS4: -0.012938426 | BT4: -0.01635034 | BU4: -0.0017286047 | BV4: 0.015184016 | BW4: -0.0037692826 | BX4: -0.016045217 | BY4: -0.018894587 | BZ4: -0.0041566141 | CA4: -0.0182235 | CB4: -0.022303988 | CC4: -0.041111881 | CD4: -0.032535264 | CE4: -0.030323127 | CF4: -0.061293035 | CG4: -0.0441696 | CH4: -0.026870448 | CI4: -0.017734729 | CJ4: -0.011493971 | CK4: -0.01591057 | CL4: -0.015536443 | CM4: -0.01914162 | CN4: 0.0080306048 | CO4: 0.0041846284 | CP4: -0.0074834121 | CQ4: -0.00067070377 | CR4: -0.019179488 | CS4: -0.023347226 | CT4: -0.021789124 | CU4: -0.029507372 | CV4: -0.024862939 | CW4: -0.022835803 | CX4: -0.022235555 | CY4: -0.025586671 | CZ4: -0.030230897 | DA4: -0.043223926 | DB4: -0.044724836 | DC4: -0.070760187 | DD4: -0.057609849 | DE4: -0.034042017 | DF4: -0.027183612 | DG4: -0.03505246 | DH4: -0.0084282458 | DI4: -0.036370698 | DJ4: -0.038760924 | DK4: -0.027971575 | DL4: -0.016270629 | DM4: -0.017815732 | DN4: -0.0080526822 | DO4: -0.023536384 | DP4: -0.02948732 | DQ4: -0.037657448 | DR4: -0.029648059 | DS4: -0.030189606 | DT4: -0.041055976 | DU4: -0.037310577 | DV4: -0.0089387634 | DW4: -0.018377446 | DX4: -0.030385798 | DY4: -0.033048756 | DZ4: -0.030982286 | EA4: -0.031659362 | EB4: -0.036490653 | EC4: -0.041069205 | ED4: -0.031004875 | EE4: -0.023075953 | EF4: -0.01142086
B5: mom | C5: 0.0035923216 | D5: 0.0028862197 | E5: 0.0080135072 | F5: 0.0074387136 | G5: -0.0001698489 | H5: 0.0091359421 | I5: 0.012007171 | J5: 0.0059464453 | K5: 0.016591641 | L5: 0.019201619 | M5: 0.019701815 | N5: 0.020161712 | O5: 0.013437226 | P5: 0.017638047 | Q5: 0.013117422 | R5: 0.013456746 | S5: 0.016544046 | T5: 0.015881273 | U5: 0.025940277 | V5: 0.019680642 | W5: 0.032681747 | X5: 0.028819336 | Y5: -0.036096516 | Z5: -0.0058194738 | AA5: -0.013843619 | AB5: -0.049937139 | AC5: -0.0092081627 | AD5: -0.065956475 | AE5: -0.021735146 | AF5: 0.0089724224 | AG5: -0.011832986 | AH5: -0.0029651907 | AI5: 0.0047857327 | AJ5: 0.0057367074 | AK5: 0.0073926873 | AL5: -0.0018742539 | AM5: -0.0019525231 | AN5: -0.0036238169 | AO5: -0.009160306 | AP5: 0.0025415011 | AQ5: 0.0038483729 | AR5: 0.0034029775 | AS5: 0.00085747229 | AT5: 0.0081789277 | AU5: 0.010057968 | AV5: 0.011137854 | AW5: 0.013378268 | AX5: 0.011884825 | AY5: -6.6054212e-06 | AZ5: 0.0078238779 | BA5: 0.0069892355 | BB5: 0.0071871697 | BC5: -0.0023924144 | BD5: 0.00072638542 | BE5: -0.0022265343 | BF5: -0.0010446614 | BG5: -0.020710825 | BH5: -0.044325198 | BI5: -0.014765945 | BJ5: -0.022277758 | BK5: -0.023506676 | BL5: -0.016596138 | BM5: -0.037766406 | BN5: -0.010040541 | BO5: -0.0074939665 | BP5: 0.0033714478 | BQ5: 0.006820516 | BR5: 0.0055997292 | BS5: 0.015475741 | BT5: 0.0025051396 | BU5: 0.0069054049 | BV5: 0.0067595126 | BW5: 0.0053854478 | BX5: -0.00051415041 | BY5: -0.0042217786 | BZ5: 0.0013635264 | CA5: 0.012340118 | CB5: 0.016161382 | CC5: 0.0021700747 | CD5: 0.0083982369 | CE5: 0.0029924757 | CF5: -0.00083356639 | CG5: -0.00074006182 | CH5: -0.011915383 | CI5: -0.014454668 | CJ5: -0.0072598372 | CK5: -0.0012941788 | CL5: 0.0094434035 | CM5: 0.0051140346 | CN5: 0.0028732793 | CO5: 0.017240476 | CP5: 0.011414218 | CQ5: 0.009006764 | CR5: -0.0020834521 | CS5: -0.021705771 | CT5: -0.0053317796 | CU5: -0.0036870143 | CV5: -0.037795651 | CW5: -0.013894147 | CX5: 0.0066294897 | CY5: -0.0082669791 | CZ5: 0.0016345621 | DA5: 0.00040989739 | DB5: 0.0044160125 | DC5: 0.026999677 | DD5: 0.009318786 | DE5: -0.0077970743 | DF5: -0.0081874226 | DG5: 0.0047082208 | DH5: -0.013667003 | DI5: -0.0070506889 | DJ5: -0.0017588579 | DK5: 0.0033090688 | DL5: 0.0048628678 | DM5: 0.0036150951 | DN5: 0.0062882036 | DO5: 0.0035527335 | DP5: 0.0025222761 | DQ5: -0.010664816 | DR5: 0.010994664 | DS5: -0.0006449021 | DT5: 0.00023512509 | DU5: 0.0073690346 | DV5: 0.0067783152 | DW5: -0.0037712346 | DX5: 0.0011055016 | DY5: 0.003386789 | DZ5: 0.0032550462 | EA5: 0.0062664248 | EB5: -0.017112768 | EC5: -0.020886644 | ED5: -0.0092848105 | EE5: -0.011958727 | EF5: -0.014122559
A6: 選絕對值最大 | C6: {=MATCH(MAX(ABS(C3:C5)), ABS(C3:C5), 0)} -> 2 | D6: {=MATCH(MAX(ABS(D3:D5)), ABS(D3:D5), 0)} -> 2 | E6: {=MATCH(MAX(ABS(E3:E5)), ABS(E3:E5), 0)} -> 2 | F6: {=MATCH(MAX(ABS(F3:F5)), ABS(F3:F5), 0)} -> 2 | G6: {=MATCH(MAX(ABS(G3:G5)), ABS(G3:G5), 0)} -> 2 | H6: {=MATCH(MAX(ABS(H3:H5)), ABS(H3:H5), 0)} -> 2 | I6: {=MATCH(MAX(ABS(I3:I5)), ABS(I3:I5), 0)} -> 2 | J6: {=MATCH(MAX(ABS(J3:J5)), ABS(J3:J5), 0)} -> 2 | ... EG6: {=MATCH(MAX(ABS(EG3:EG5)), ABS(EG3:EG5), 0)} -> 1
C7: =IF(C6=1,"bm",IF(C6=2,"size",IF(C6=3,"mom"))) -> size | D7: =IF(D6=1,"bm",IF(D6=2,"size",IF(D6=3,"mom"))) -> size | E7: =IF(E6=1,"bm",IF(E6=2,"size",IF(E6=3,"mom"))) -> size | F7: =IF(F6=1,"bm",IF(F6=2,"size",IF(F6=3,"mom"))) -> size | G7: =IF(G6=1,"bm",IF(G6=2,"size",IF(G6=3,"mom"))) -> size | H7: =IF(H6=1,"bm",IF(H6=2,"size",IF(H6=3,"mom"))) -> size | I7: =IF(I6=1,"bm",IF(I6=2,"size",IF(I6=3,"mom"))) -> size | J7: =IF(J6=1,"bm",IF(J6=2,"size",IF(J6=3,"mom"))) -> size | ... EG7: =IF(EG6=1,"bm",IF(EG6=2,"size",IF(EG6=3,"mom"))) -> bm
C8: =IF(C6=1,C3,IF(C6=2,C4,IF(C6=3,C5))) -> -0.049660318 | D8: =IF(D6=1,D3,IF(D6=2,D4,IF(D6=3,D5))) -> -0.06445346 | E8: =IF(E6=1,E3,IF(E6=2,E4,IF(E6=3,E5))) -> -0.095804929 | F8: =IF(F6=1,F3,IF(F6=2,F4,IF(F6=3,F5))) -> -0.076694249 | G8: =IF(G6=1,G3,IF(G6=2,G4,IF(G6=3,G5))) -> -0.02651532 | H8: =IF(H6=1,H3,IF(H6=2,H4,IF(H6=3,H5))) -> -0.03415165 | I8: =IF(I6=1,I3,IF(I6=2,I4,IF(I6=3,I5))) -> -0.04619091 | J8: =IF(J6=1,J3,IF(J6=2,J4,IF(J6=3,J5))) -> -0.046178363 | ... EG8: =IF(EG6=1,EG3,IF(EG6=2,EG4,IF(EG6=3,EG5))) -> 0
A10: 投資組合 | C10: 公司數 | D10: 964
A11: 等第 | B11: 分數 | C11: 2014/01 | D11: 2014/02 | E11: 2014/03 | F11: 2014/04 | G11: 2014/05 | H11: 2014/06 | I11: 2014/07 | J11: 2014/08 | K11: 2014/09 | L11: 2014/10 | M11: 2014/11 | N11: 2014/12 | O11: 2015/01 | P11: 2015/02 | Q11: 2015/03 | R11: 2015/04 | S11: 2015/05 | T11: 2015/06 | U11: 2015/07 | V11: 2015/08 | W11: 2015/09 | X11: 2015/10 | Y11: 2015/11 | Z11: 2015/12 | AA11: 2016/01 | AB11: 2016/02 | AC11: 2016/03 | AD11: 2016/04 | AE11: 2016/05 | AF11: 2016/06 | AG11: 2016/07 | AH11: 2016/08 | AI11: 2016/09 | AJ11: 2016/10 | AK11: 2016/11 | AL11: 2016/12 | AM11: 2017/01 | AN11: 2017/02 | AO11: 2017/03 | AP11: 2017/04 | AQ11: 2017/05 | AR11: 2017/06 | AS11: 2017/07 | AT11: 2017/08 | AU11: 2017/09 | AV11: 2017/10 | AW11: 2017/11 | AX11: 2017/12 | AY11: 2018/01 | AZ11: 2018/02 | BA11: 2018/03 | BB11: 2018/04 | BC11: 2018/05 | BD11: 2018/06 | BE11: 2018/07 | BF11: 2018/08 | BG11: 2018/09 | BH11: 2018/10 | BI11: 2018/11 | BJ11: 2018/12 | BK11: 2019/01 | BL11: 2019/02 | BM11: 2019/03 | BN11: 2019/04 | BO11: 2019/05 | BP11: 2019/06 | BQ11: 2019/07 | BR11: 2019/08 | BS11: 2019/09 | BT11: 2019/10 | BU11: 2019/11 | BV11: 2019/12 | BW11: 2020/01 | BX11: 2020/02 | BY11: 2020/03 | BZ11: 2020/04 | CA11: 2020/05 | CB11: 2020/06 | CC11: 2020/07 | CD11: 2020/08 | CE11: 2020/09 | CF11: 2020/10 | CG11: 2020/11 | CH11: 2020/12 | CI11: 2021/01 | CJ11: 2021/02 | CK11: 2021/03 | CL11: 2021/04 | CM11: 2021/05 | CN11: 2021/06 | CO11: 2021/07 | CP11: 2021/08 | CQ11: 2021/09 | CR11: 2021/10 | CS11: 2021/11 | CT11: 2021/12 | CU11: 2022/01 | CV11: 2022/02 | CW11: 2022/03 | CX11: 2022/04 | CY11: 2022/05 | CZ11: 2022/06 | DA11: 2022/07 | DB11: 2022/08 | DC11: 2022/09 | DD11: 2022/10 | DE11: 2022/11 | DF11: 2022/12 | DG11: 2023/01 | DH11: 2023/02 | DI11: 2023/03 | DJ11: 2023/04 | DK11: 2023/05 | DL11: 2023/06 | DM11: 2023/07 | DN11: 2023/08 | DO11: 2023/09 | DP11: 2023/10 | DQ11: 2023/11 | DR11: 2023/12 | DS11: 2024/01 | DT11: 2024/02 | DU11: 2024/03 | DV11: 2024/04 | DW11: 2024/05 | DX11: 2024/06 | DY11: 2024/07 | DZ11: 2024/08 | EA11: 2024/09 | EB11: 2024/10 | EC11: 2024/11 | ED11: 2024/12 | EE11: 2025/01 | EF11: 2025/02
A12: 10 | B12: 96 | C12: 0.084653347 | D12: =C12+預測IC!D12 -> 0.19934198 | E12: =D12+預測IC!E12 -> 0.19258795 | F12: =E12+預測IC!F12 -> 0.20600905 | G12: =F12+預測IC!G12 -> 0.21773372 | H12: =G12+預測IC!H12 -> 0.25626423 | I12: =H12+預測IC!I12 -> 0.29256817 | J12: =I12+預測IC!J12 -> 0.26316005 | K12: =J12+預測IC!K12 -> 0.28193443 | ... EF12: =EE12+預測IC!EF12 -> 1.7848024
A13: 20 | B13: 48 | C13: 0.10411275 | D13: =C13+預測IC!D13 -> 0.22785778 | E13: =D13+預測IC!E13 -> 0.19336116 | F13: =E13+預測IC!F13 -> 0.18190592 | G13: =F13+預測IC!G13 -> 0.19765035 | H13: =G13+預測IC!H13 -> 0.22763998 | I13: =H13+預測IC!I13 -> 0.26032284 | J13: =I13+預測IC!J13 -> 0.21642361 | K13: =J13+預測IC!K13 -> 0.21505631 | ... EF13: =EE13+預測IC!EF13 -> 2.4219839
A14: 50 | B14: 19 | C14: 0.11994149 | D14: =C14+預測IC!D14 -> 0.34224994 | E14: =D14+預測IC!E14 -> 0.294724 | F14: =E14+預測IC!F14 -> 0.32926646 | G14: =F14+預測IC!G14 -> 0.41441522 | H14: =G14+預測IC!H14 -> 0.47400303 | I14: =H14+預測IC!I14 -> 0.51779039 | J14: =I14+預測IC!J14 -> 0.412696 | K14: =J14+預測IC!K14 -> 0.42514716 | ... EF14: =EE14+預測IC!EF14 -> 3.0685197
A15: 100 | B15: 10 | C15: 0.22764466 | D15: =C15+預測IC!D15 -> 0.60035387 | E15: =D15+預測IC!E15 -> 0.59015545 | F15: =E15+預測IC!F15 -> 0.68045916 | G15: =F15+預測IC!G15 -> 0.77706475 | H15: =G15+預測IC!H15 -> 0.89590846 | I15: =H15+預測IC!I15 -> 0.9543399 | J15: =I15+預測IC!J15 -> 0.88981521 | K15: =J15+預測IC!K15 -> 0.88560484 | ... EF15: =EE15+預測IC!EF15 -> 3.3532883
A16: 107 | B16: 9 | C16: 0.20787478 | D16: =C16+預測IC!D16 -> 0.61606976 | E16: =D16+預測IC!E16 -> 0.61323958 | F16: =E16+預測IC!F16 -> 0.73749937 | G16: =F16+預測IC!G16 -> 0.84651188 | H16: =G16+預測IC!H16 -> 0.91935994 | I16: =H16+預測IC!I16 -> 0.97689055 | J16: =I16+預測IC!J16 -> 0.90819652 | K16: =J16+預測IC!K16 -> 0.92612163 | ... EF16: =EE16+預測IC!EF16 -> 3.6361612
A17: 120 | B17: 8 | C17: 0.20609219 | D17: =C17+預測IC!D17 -> 0.64568068 | E17: =D17+預測IC!E17 -> 0.65305968 | F17: =E17+預測IC!F17 -> 0.79983149 | G17: =F17+預測IC!G17 -> 0.91696297 | H17: =G17+預測IC!H17 -> 1.021957 | I17: =H17+預測IC!I17 -> 1.1356821 | J17: =I17+預測IC!J17 -> 1.020383 | K17: =J17+預測IC!K17 -> 1.059828 | ... EF17: =EE17+預測IC!EF17 -> 3.8246883
A18: 137 | B18: 7 | C18: 0.18975112 | D18: =C18+預測IC!D18 -> 0.5916348 | E18: =D18+預測IC!E18 -> 0.53263415 | F18: =E18+預測IC!F18 -> 0.7447248 | G18: =F18+預測IC!G18 -> 0.87778286 | H18: =G18+預測IC!H18 -> 1.0063224 | I18: =H18+預測IC!I18 -> 1.1418226 | J18: =I18+預測IC!J18 -> 1.0166608 | K18: =J18+預測IC!K18 -> 1.0482473 | ... EF18: =EE18+預測IC!EF18 -> 4.2579719
A19: 160 | B19: 6 | C19: 0.19660027 | D19: =C19+預測IC!D19 -> 0.60412098 | E19: =D19+預測IC!E19 -> 0.54922288 | F19: =E19+預測IC!F19 -> 0.78539335 | G19: =F19+預測IC!G19 -> 0.93825769 | H19: =G19+預測IC!H19 -> 1.115868 | I19: =H19+預測IC!I19 -> 1.2505223 | J19: =I19+預測IC!J19 -> 1.094292 | K19: =J19+預測IC!K19 -> 1.150833 | ... EF19: =EE19+預測IC!EF19 -> 3.986239
A20: 192 | B20: 5 | C20: 0.20155105 | D20: =C20+預測IC!D20 -> 0.58357607 | E20: =D20+預測IC!E20 -> 0.59907606 | F20: =E20+預測IC!F20 -> 0.78149567 | G20: =F20+預測IC!G20 -> 0.93952304 | H20: =G20+預測IC!H20 -> 1.0834553 | I20: =H20+預測IC!I20 -> 1.2416049 | J20: =I20+預測IC!J20 -> 1.1083976 | K20: =J20+預測IC!K20 -> 1.1458023 | ... EF20: =EE20+預測IC!EF20 -> 4.1833727
A21: 241 | B21: 4 | C21: 0.21462958 | D21: =C21+預測IC!D21 -> 0.3410175 | E21: =D21+預測IC!E21 -> 0.34073814 | F21: =E21+預測IC!F21 -> 0.54415164 | G21: =F21+預測IC!G21 -> 0.6894835 | H21: =G21+預測IC!H21 -> 0.85164759 | I21: =H21+預測IC!I21 -> 0.9989032 | J21: =I21+預測IC!J21 -> 0.86216028 | K21: =J21+預測IC!K21 -> 0.86363058 | ... EF21: =EE21+預測IC!EF21 -> 3.8179356
A22: 321 | B22: 3 | C22: 0.2052803 | D22: =C22+預測IC!D22 -> 0.34770815 | E22: =D22+預測IC!E22 -> 0.30668062 | F22: =E22+預測IC!F22 -> 0.16681317 | G22: =F22+預測IC!G22 -> 0.3997586 | H22: =G22+預測IC!H22 -> 0.52393666 | I22: =H22+預測IC!I22 -> 0.64742983 | J22: =I22+預測IC!J22 -> 0.54317632 | K22: =J22+預測IC!K22 -> 0.57183311 | ... EF22: =EE22+預測IC!EF22 -> 3.025914
A23: 482 | B23: 2 | C23: 0.28298927 | D23: =C23+預測IC!D23 -> 0.53708189 | E23: =D23+預測IC!E23 -> 0.45614072 | F23: =E23+預測IC!F23 -> 0.45240049 | G23: =F23+預測IC!G23 -> 0.81403261 | H23: =G23+預測IC!H23 -> 0.79584414 | I23: =H23+預測IC!I23 -> 0.94399617 | J23: =I23+預測IC!J23 -> 0.82911866 | K23: =J23+預測IC!K23 -> 0.76920078 | ... EF23: =EE23+預測IC!EF23 -> 3.723316
A24: 964 | B24: 1 | C24: 0.099113364 | D24: =C24+預測IC!D24 -> 0.19972328 | E24: =D24+預測IC!E24 -> 0.27112361 | F24: =E24+預測IC!F24 -> 0.3464501 | G24: =F24+預測IC!G24 -> 0.57605715 | H24: =G24+預測IC!H24 -> 0.61191295 | I24: =H24+預測IC!I24 -> 0.60980102 | J24: =I24+預測IC!J24 -> 0.49433822 | K24: =J24+預測IC!K24 -> 0.54807121 | ... EF24: =EE24+預測IC!EF24 -> 2.6759093
A25: 大盤 | B25: TWII | C25: -0.017446771 | D25: =C25+預測IC!D25 -> 0.00325429 | E25: =D25+預測IC!E25 -> 0.027236419 | F25: =E25+預測IC!F25 -> 0.02067884 | G25: =F25+預測IC!G25 -> 0.05252397 | H25: =G25+預測IC!H25 -> 0.086872503 | I25: =H25+預測IC!I25 -> 0.07861757 | J25: =I25+預測IC!J25 -> 0.091461094 | K25: =J25+預測IC!K25 -> 0.04044257 | ... EF25: =EE25+預測IC!EF25 -> 0.98470404

Sheet 畫圖
A1: =預測IC!A1 -> NN4
B2: Time | C2: 2013/12 | D2: 2014/01 | E2: 2014/02 | F2: 2014/03 | G2: 2014/04 | H2: 2014/05 | I2: 2014/06 | J2: 2014/07 | K2: 2014/08 | L2: 2014/09 | M2: 2014/10 | N2: 2014/11 | O2: 2014/12 | P2: 2015/01 | Q2: 2015/02 | R2: 2015/03 | S2: 2015/04 | T2: 2015/05 | U2: 2015/06 | V2: 2015/07 | W2: 2015/08 | X2: 2015/09 | Y2: 2015/10 | Z2: 2015/11 | AA2: 2015/12 | AB2: 2016/01 | AC2: 2016/02 | AD2: 2016/03 | AE2: 2016/04 | AF2: 2016/05 | AG2: 2016/06 | AH2: 2016/07 | AI2: 2016/08 | AJ2: 2016/09 | AK2: 2016/10 | AL2: 2016/11 | AM2: 2016/12 | AN2: 2017/01 | AO2: 2017/02 | AP2: 2017/03 | AQ2: 2017/04 | AR2: 2017/05 | AS2: 2017/06 | AT2: 2017/07 | AU2: 2017/08 | AV2: 2017/09 | AW2: 2017/10 | AX2: 2017/11 | AY2: 2017/12 | AZ2: 2018/01 | BA2: 2018/02 | BB2: 2018/03 | BC2: 2018/04 | BD2: 2018/05 | BE2: 2018/06 | BF2: 2018/07 | BG2: 2018/08 | BH2: 2018/09 | BI2: 2018/10 | BJ2: 2018/11 | BK2: 2018/12 | BL2: 2019/01 | BM2: 2019/02 | BN2: 2019/03 | BO2: 2019/04 | BP2: 2019/05 | BQ2: 2019/06 | BR2: 2019/07 | BS2: 2019/08 | BT2: 2019/09 | BU2: 2019/10 | BV2: 2019/11 | BW2: 2019/12 | BX2: 2020/01 | BY2: 2020/02 | BZ2: 2020/03 | CA2: 2020/04 | CB2: 2020/05 | CC2: 2020/06 | CD2: 2020/07 | CE2: 2020/08 | CF2: 2020/09 | CG2: 2020/10 | CH2: 2020/11 | CI2: 2020/12 | CJ2: 2021/01 | CK2: 2021/02 | CL2: 2021/03 | CM2: 2021/04 | CN2: 2021/05 | CO2: 2021/06 | CP2: 2021/07 | CQ2: 2021/08 | CR2: 2021/09 | CS2: 2021/10 | CT2: 2021/11 | CU2: 2021/12 | CV2: 2022/01 | CW2: 2022/02 | CX2: 2022/03 | CY2: 2022/04 | CZ2: 2022/05 | DA2: 2022/06 | DB2: 2022/07 | DC2: 2022/08 | DD2: 2022/09 | DE2: 2022/10 | DF2: 2022/11 | DG2: 2022/12 | DH2: 2023/01 | DI2: 2023/02 | DJ2: 2023/03 | DK2: 2023/04 | DL2: 2023/05 | DM2: 2023/06 | DN2: 2023/07 | DO2: 2023/08 | DP2: 2023/09 | DQ2: 2023/10 | DR2: 2023/11 | DS2: 2023/12 | DT2: 2024/01 | DU2: 2024/02 | DV2: 2024/03 | DW2: 2024/04 | DX2: 2024/05 | DY2: 2024/06 | DZ2: 2024/07 | EA2: 2024/08 | EB2: 2024/09 | EC2: 2024/10 | ED2: 2024/11 | EE2: 2024/12 | EF2: 2025/01 | EG2: 2025/02
B3: bm | C3: 0.078798869 | D3: 0.17973309 | E3: 0.015489079 | F3: -0.022168251 | G3: -0.0081037288 | H3: -0.015401269 | I3: -0.19676559 | J3: 0.27883034 | K3: -0.0056931615 | L3: -0.047889749 | M3: -0.0052700848 | N3: -0.19106965 | O3: 0.31084678 | P3: 0.11377091 | Q3: -0.1230705 | R3: -0.11255849 | S3: 0.10466589 | T3: -0.14458477 | U3: -0.26280781 | V3: 0.0030188655 | W3: 0.1319604 | X3: -0.089415174 | Y3: 0.27906325 | Z3: 0.10308974 | AA3: 0.48637749 | AB3: -0.23481983 | AC3: 0.012096511 | AD3: 0.024631762 | AE3: -0.0056680955 | AF3: -0.056269213 | AG3: 0.12240493 | AH3: 0.043996775 | AI3: 0.16226839 | AJ3: 0.068930167 | AK3: 0.087359956 | AL3: 0.18738072 | AM3: 0.09683735 | AN3: 0.20757366 | AO3: 0.11797586 | AP3: -0.028503518 | AQ3: -0.21143964 | AR3: -0.032302566 | AS3: 0.14111009 | AT3: -0.034807512 | AU3: 0.044456114 | AV3: 0.021162739 | AW3: -0.174155 | AX3: 0.076317817 | AY3: 0.0090306432 | AZ3: 0.01663895 | BA3: 0.16049955 | BB3: -0.12374095 | BC3: 0.1567369 | BD3: 0.16688347 | BE3: -0.13147229 | BF3: 0.0099500133 | BG3: 0.31531124 | BH3: 0.27010118 | BI3: 0.056315449 | BJ3: -0.0024098169 | BK3: 0.079800376 | BL3: -0.023392394 | BM3: 0.09400894 | BN3: 0.017643906 | BO3: -0.14928794 | BP3: 0.041225941 | BQ3: -0.082741207 | BR3: 0.2134647 | BS3: -0.067985398 | BT3: 0.1443504 | BU3: 0.11377938 | BV3: 0.0056009583 | BW3: 0.11314664 | BX3: -0.090571157 | BY3: 0.11856974 | BZ3: -0.14071284 | CA3: 0.073472777 | CB3: -0.17102561 | CC3: 0.086731636 | CD3: 0.031267716 | CE3: 0.21879704 | CF3: -0.14159471 | CG3: 0.099731607 | CH3: 0.04530807 | CI3: 0.08944114 | CJ3: -0.39111281 | CK3: -0.10979117 | CL3: -0.043456184 | CM3: 0.18311247 | CN3: -0.39746168 | CO3: -0.096930226 | CP3: -0.09568205 | CQ3: 0.17197497 | CR3: 0.061939485 | CS3: -0.047664039 | CT3: -0.01047398 | CU3: -0.034400595 | CV3: -0.022584229 | CW3: 0.039676014 | CX3: -0.053904733 | CY3: 0.027221885 | CZ3: 0.098878435 | DA3: 0.31254073 | DB3: -0.15564613 | DC3: -0.18695853 | DD3: -0.16852286 | DE3: 0.16779761 | DF3: -0.091638386 | DG3: -0.075708963 | DH3: 0.0077960521 | DI3: -0.002550038 | DJ3: -0.068988363 | DK3: 0.046125319 | DL3: -0.0583377 | DM3: -0.070566062 | DN3: 0.028092871 | DO3: -0.070883392 | DP3: 0.1611314 | DQ3: 0.15474401 | DR3: -0.10742533 | DS3: 0.11284172 | DT3: -0.091401515 | DU3: -0.065441571 | DV3: -0.073758706 | DW3: 0.06615577 | DX3: 0.069417132 | DY3: -0.10299217 | DZ3: 0.2639134 | EA3: -0.089759101 | EB3: 0.19432477 | EC3: -0.03009712 | ED3: 0.028618295 | EE3: -0.087371805 | EF3: -0.020976445
B4: size | C4: -0.20373737 | D4: -0.19625335 | E4: -0.25415941 | F4: 0.046203751 | G4: 0.030789039 | H4: -0.051609232 | I4: 0.0011512725 | J4: 0.048762635 | K4: -0.1019818 | L4: -0.018321504 | M4: -0.054833735 | N4: -0.03014962 | O4: -0.18672651 | P4: 0.030188496 | Q4: 0.097889818 | R4: -0.093807845 | S4: 0.022756318 | T4: 0.073507176 | U4: 0.0068550643 | V4: -0.021638527 | W4: -0.0060385491 | X4: -0.16973076 | Y4: -0.2336531 | Z4: -0.0099981485 | AA4: -0.0024349472 | AB4: -0.16380782 | AC4: -0.065405588 | AD4: -0.053691935 | AE4: 0.04344601 | AF4: 0.080856157 | AG4: -0.10082002 | AH4: 0.11854849 | AI4: -0.086917583 | AJ4: -0.096714761 | AK4: 0.077115473 | AL4: 0.019375682 | AM4: -0.0066846435 | AN4: 0.01143272 | AO4: -0.044564576 | AP4: 0.079750638 | AQ4: -0.090693007 | AR4: 0.11443141 | AS4: 0.0822958 | AT4: 0.010311531 | AU4: -0.033710156 | AV4: -0.217699 | AW4: 0.05245717 | AX4: 0.013927468 | AY4: 0.10501071 | AZ4: 0.017528919 | BA4: -0.15432648 | BB4: -0.25246378 | BC4: -0.14987218 | BD4: -0.022774062 | BE4: -0.031425095 | BF4: 0.12327719 | BG4: -0.075330977 | BH4: -0.064736814 | BI4: 0.01821391 | BJ4: -0.15085089 | BK4: -0.058953203 | BL4: -0.047773781 | BM4: 0.020341806 | BN4: 0.040714107 | BO4: 0.045214639 | BP4: 0.083627121 | BQ4: 0.030825397 | BR4: -0.11545472 | BS4: -0.01926453 | BT4: -0.03411155 | BU4: -0.045269937 | BV4: 0.17197266 | BW4: -0.10029051 | BX4: -0.068044962 | BY4: -0.18269486 | BZ4: 0.08557402 | CA4: 0.0099907863 | CB4: 0.19801891 | CC4: -0.29446405 | CD4: -0.13184914 | CE4: -0.059049426 | CF4: -0.11382074 | CG4: 0.056476011 | CH4: -0.0047278812 | CI4: 0.084060043 | CJ4: 0.028605891 | CK4: -0.021960158 | CL4: -0.06787086 | CM4: 0.040070082 | CN4: 0.18816019 | CO4: 0.0023670177 | CP4: 0.019450901 | CQ4: -0.030616705 | CR4: -0.28761058 | CS4: -0.27901112 | CT4: 0.082166792 | CU4: -0.10449487 | CV4: 0.11174977 | CW4: -0.050011487 | CX4: 0.0592097 | CY4: -0.17471119 | CZ4: -0.13109687 | DA4: -0.22032572 | DB4: -0.051224389 | DC4: -0.14279359 | DD4: 0.10209048 | DE4: 0.044656291 | DF4: 0.056233136 | DG4: -0.14168227 | DH4: 0.15762567 | DI4: -0.062035902 | DJ4: -0.11967929 | DK4: -0.16369299 | DL4: 0.094429634 | DM4: 0.2337202 | DN4: 0.073797401 | DO4: -0.045812945 | DP4: -0.068308325 | DQ4: -0.16930629 | DR4: -0.12924368 | DS4: -0.073886793 | DT4: -0.20370624 | DU4: -0.054891501 | DV4: 0.012036946 | DW4: -0.0061300239 | DX4: -0.084900404 | DY4: 0.1000065 | DZ4: -0.13106024 | EA4: -0.19488078 | EB4: -0.31979832 | EC4: 0.049837268 | ED4: 0.05462776 | EE4: 0.12004648 | EF4: 0.24381116
B5: mom | C5: -0.20935792 | D5: -0.10736277 | E5: 0.52484761 | F5: 0.04683706 | G5: -0.21047143 | H5: 0.47441496 | I5: 0.14678499 | J5: -0.056231753 | K5: 0.27552846 | L5: -0.43004286 | M5: 0.32376775 | N5: -0.34824165 | O5: -0.097528912 | P5: 0.39546612 | Q5: 0.048467491 | R5: -0.098851332 | S5: 0.30579214 | T5: 0.072071946 | U5: -0.00047890409 | V5: -0.13936695 | W5: -0.39469013 | X5: -0.12947787 | Y5: -0.68127296 | Z5: -0.0041720387 | AA5: 0.018198047 | AB5: 0.20112166 | AC5: -0.089163225 | AD5: 0.14514146 | AE5: 0.074669148 | AF5: 0.17577042 | AG5: -0.30336041 | AH5: -0.34824991 | AI5: 0.25872372 | AJ5: -0.48889197 | AK5: 0.13254843 | AL5: -0.023789776 | AM5: 0.011752405 | AN5: -0.074933433 | AO5: 0.18446332 | AP5: 0.032348031 | AQ5: 0.15119843 | AR5: -0.09528311 | AS5: -0.12600437 | AT5: 0.15164479 | AU5: -0.20083705 | AV5: 0.078906368 | AW5: 0.00067935762 | AX5: 0.11229312 | AY5: -0.11805612 | AZ5: 0.20621977 | BA5: -0.039691919 | BB5: 0.08299594 | BC5: -0.13000543 | BD5: -0.10631616 | BE5: 0.1159334 | BF5: -0.28526227 | BG5: -0.15093334 | BH5: 0.0029199401 | BI5: 0.058126574 | BJ5: -0.25986983 | BK5: 0.18487945 | BL5: -0.26913173 | BM5: 0.17173819 | BN5: -0.18092216 | BO5: -0.063203738 | BP5: 0.0718675 | BQ5: -0.16861046 | BR5: -0.025447832 | BS5: 0.12442411 | BT5: 0.20772231 | BU5: -0.060051294 | BV5: -0.051700003 | BW5: -0.12680157 | BX5: -0.10582029 | BY5: 0.05360732 | BZ5: -0.034479447 | CA5: -0.020066211 | CB5: 0.084589607 | CC5: -0.11038366 | CD5: 0.32742329 | CE5: -0.014867197 | CF5: -0.14937325 | CG5: 0.16320028 | CH5: -0.069038325 | CI5: -0.11536215 | CJ5: -0.26301724 | CK5: 0.3789735 | CL5: -0.076383454 | CM5: 0.042833444 | CN5: -0.15161553 | CO5: 0.43716797 | CP5: -0.0041833928 | CQ5: -0.49935244 | CR5: 0.33985704 | CS5: -0.18988697 | CT5: 0.22461975 | CU5: -0.25171771 | CV5: -0.060587944 | CW5: 0.21087706 | CX5: 0.2501615 | CY5: -0.52413354 | CZ5: 0.82161831 | DA5: -0.17652298 | DB5: 0.13115958 | DC5: 0.17573665 | DD5: -0.42083892 | DE5: -0.22797242 | DF5: -0.33715974 | DG5: -0.4440037 | DH5: -0.042932794 | DI5: 0.30896916 | DJ5: -0.28669248 | DK5: 0.84621249 | DL5: -0.16924034 | DM5: -0.43945017 | DN5: 0.74751337 | DO5: -0.39996426 | DP5: -0.044863264 | DQ5: -0.5886343 | DR5: -0.0065627469 | DS5: -0.19878519 | DT5: 0.41321178 | DU5: -0.17065403 | DV5: 0.68828032 | DW5: 0.040806005 | DX5: -0.19993472 | DY5: 0.56631421 | DZ5: 0.4736288 | EA5: 0.095444978 | EB5: -1.0763609 | EC5: -0.13610629 | ED5: -0.27349656 | EE5: 0.60134859 | EF5: 0.0067468791
A6: 選絕對值最大 | C6: {=MATCH(MAX(ABS(C3:C5)), ABS(C3:C5), 0)} -> 3 | D6: {=MATCH(MAX(ABS(D3:D5)), ABS(D3:D5), 0)} -> 2 | E6: {=MATCH(MAX(ABS(E3:E5)), ABS(E3:E5), 0)} -> 3 | F6: {=MATCH(MAX(ABS(F3:F5)), ABS(F3:F5), 0)} -> 3 | G6: {=MATCH(MAX(ABS(G3:G5)), ABS(G3:G5), 0)} -> 3 | H6: {=MATCH(MAX(ABS(H3:H5)), ABS(H3:H5), 0)} -> 3 | I6: {=MATCH(MAX(ABS(I3:I5)), ABS(I3:I5), 0)} -> 1 | J6: {=MATCH(MAX(ABS(J3:J5)), ABS(J3:J5), 0)} -> 1 | ... EG6: {=MATCH(MAX(ABS(EG3:EG5)), ABS(EG3:EG5), 0)} -> 1
C7: =IF(C6=1,"bm",IF(C6=2,"size",IF(C6=3,"mom"))) -> mom | D7: =IF(D6=1,"bm",IF(D6=2,"size",IF(D6=3,"mom"))) -> size | E7: =IF(E6=1,"bm",IF(E6=2,"size",IF(E6=3,"mom"))) -> mom | F7: =IF(F6=1,"bm",IF(F6=2,"size",IF(F6=3,"mom"))) -> mom | G7: =IF(G6=1,"bm",IF(G6=2,"size",IF(G6=3,"mom"))) -> mom | H7: =IF(H6=1,"bm",IF(H6=2,"size",IF(H6=3,"mom"))) -> mom | I7: =IF(I6=1,"bm",IF(I6=2,"size",IF(I6=3,"mom"))) -> bm | J7: =IF(J6=1,"bm",IF(J6=2,"size",IF(J6=3,"mom"))) -> bm | ... EG7: =IF(EG6=1,"bm",IF(EG6=2,"size",IF(EG6=3,"mom"))) -> bm
C8: =IF(C6=1,C3,IF(C6=2,C4,IF(C6=3,C5))) -> -0.20935792 | D8: =IF(D6=1,D3,IF(D6=2,D4,IF(D6=3,D5))) -> -0.19625335 | E8: =IF(E6=1,E3,IF(E6=2,E4,IF(E6=3,E5))) -> 0.52484761 | F8: =IF(F6=1,F3,IF(F6=2,F4,IF(F6=3,F5))) -> 0.04683706 | G8: =IF(G6=1,G3,IF(G6=2,G4,IF(G6=3,G5))) -> -0.21047143 | H8: =IF(H6=1,H3,IF(H6=2,H4,IF(H6=3,H5))) -> 0.47441496 | I8: =IF(I6=1,I3,IF(I6=2,I4,IF(I6=3,I5))) -> -0.19676559 | J8: =IF(J6=1,J3,IF(J6=2,J4,IF(J6=3,J5))) -> 0.27883034 | ... EG8: =IF(EG6=1,EG3,IF(EG6=2,EG4,IF(EG6=3,EG5))) -> 0
A10: 投資組合 | C10: 公司數 | D10: 964
B11: 等第 | C11: 2014/01 | D11: 2014/02 | E11: 2014/03 | F11: 2014/04 | G11: 2014/05 | H11: 2014/06 | I11: 2014/07 | J11: 2014/08 | K11: 2014/09 | L11: 2014/10 | M11: 2014/11 | N11: 2014/12 | O11: 2015/01 | P11: 2015/02 | Q11: 2015/03 | R11: 2015/04 | S11: 2015/05 | T11: 2015/06 | U11: 2015/07 | V11: 2015/08 | W11: 2015/09 | X11: 2015/10 | Y11: 2015/11 | Z11: 2015/12 | AA11: 2016/01 | AB11: 2016/02 | AC11: 2016/03 | AD11: 2016/04 | AE11: 2016/05 | AF11: 2016/06 | AG11: 2016/07 | AH11: 2016/08 | AI11: 2016/09 | AJ11: 2016/10 | AK11: 2016/11 | AL11: 2016/12 | AM11: 2017/01 | AN11: 2017/02 | AO11: 2017/03 | AP11: 2017/04 | AQ11: 2017/05 | AR11: 2017/06 | AS11: 2017/07 | AT11: 2017/08 | AU11: 2017/09 | AV11: 2017/10 | AW11: 2017/11 | AX11: 2017/12 | AY11: 2018/01 | AZ11: 2018/02 | BA11: 2018/03 | BB11: 2018/04 | BC11: 2018/05 | BD11: 2018/06 | BE11: 2018/07 | BF11: 2018/08 | BG11: 2018/09 | BH11: 2018/10 | BI11: 2018/11 | BJ11: 2018/12 | BK11: 2019/01 | BL11: 2019/02 | BM11: 2019/03 | BN11: 2019/04 | BO11: 2019/05 | BP11: 2019/06 | BQ11: 2019/07 | BR11: 2019/08 | BS11: 2019/09 | BT11: 2019/10 | BU11: 2019/11 | BV11: 2019/12 | BW11: 2020/01 | BX11: 2020/02 | BY11: 2020/03 | BZ11: 2020/04 | CA11: 2020/05 | CB11: 2020/06 | CC11: 2020/07 | CD11: 2020/08 | CE11: 2020/09 | CF11: 2020/10 | CG11: 2020/11 | CH11: 2020/12 | CI11: 2021/01 | CJ11: 2021/02 | CK11: 2021/03 | CL11: 2021/04 | CM11: 2021/05 | CN11: 2021/06 | CO11: 2021/07 | CP11: 2021/08 | CQ11: 2021/09 | CR11: 2021/10 | CS11: 2021/11 | CT11: 2021/12 | CU11: 2022/01 | CV11: 2022/02 | CW11: 2022/03 | CX11: 2022/04 | CY11: 2022/05 | CZ11: 2022/06 | DA11: 2022/07 | DB11: 2022/08 | DC11: 2022/09 | DD11: 2022/10 | DE11: 2022/11 | DF11: 2022/12 | DG11: 2023/01 | DH11: 2023/02 | DI11: 2023/03 | DJ11: 2023/04 | DK11: 2023/05 | DL11: 2023/06 | DM11: 2023/07 | DN11: 2023/08 | DO11: 2023/09 | DP11: 2023/10 | DQ11: 2023/11 | DR11: 2023/12 | DS11: 2024/01 | DT11: 2024/02 | DU11: 2024/03 | DV11: 2024/04 | DW11: 2024/05 | DX11: 2024/06 | DY11: 2024/07 | DZ11: 2024/08 | EA11: 2024/09 | EB11: 2024/10 | EC11: 2024/11 | ED11: 2024/12 | EE11: 2025/01 | EF11: 2025/02
B12: 10等分 | C12: 0.084653347 | D12: =C12+預測IC!D12 -> 0.19934198 | E12: =D12+預測IC!E12 -> 0.19258795 | F12: =E12+預測IC!F12 -> 0.20600905 | G12: =F12+預測IC!G12 -> 0.21773372 | H12: =G12+預測IC!H12 -> 0.25626423 | I12: =H12+預測IC!I12 -> 0.29256817 | J12: =I12+預測IC!J12 -> 0.26316005 | K12: =J12+預測IC!K12 -> 0.28193443 | ... EF12: =EE12+預測IC!EF12 -> 1.7848024
B13: 20等分 | C13: 0.10411275 | D13: =C13+預測IC!D13 -> 0.22785778 | E13: =D13+預測IC!E13 -> 0.19336116 | F13: =E13+預測IC!F13 -> 0.18190592 | G13: =F13+預測IC!G13 -> 0.19765035 | H13: =G13+預測IC!H13 -> 0.22763998 | I13: =H13+預測IC!I13 -> 0.26032284 | J13: =I13+預測IC!J13 -> 0.21642361 | K13: =J13+預測IC!K13 -> 0.21505631 | ... EF13: =EE13+預測IC!EF13 -> 2.4219839
B14: 50等分 | C14: 0.11994149 | D14: =C14+預測IC!D14 -> 0.34224994 | E14: =D14+預測IC!E14 -> 0.294724 | F14: =E14+預測IC!F14 -> 0.32926646 | G14: =F14+預測IC!G14 -> 0.41441522 | H14: =G14+預測IC!H14 -> 0.47400303 | I14: =H14+預測IC!I14 -> 0.51779039 | J14: =I14+預測IC!J14 -> 0.412696 | K14: =J14+預測IC!K14 -> 0.42514716 | ... EF14: =EE14+預測IC!EF14 -> 3.0685197
B15: 100等分 | C15: 0.22764466 | D15: =C15+預測IC!D15 -> 0.60035387 | E15: =D15+預測IC!E15 -> 0.59015545 | F15: =E15+預測IC!F15 -> 0.68045916 | G15: =F15+預測IC!G15 -> 0.77706475 | H15: =G15+預測IC!H15 -> 0.89590846 | I15: =H15+預測IC!I15 -> 0.9543399 | J15: =I15+預測IC!J15 -> 0.88981521 | K15: =J15+預測IC!K15 -> 0.88560484 | ... EF15: =EE15+預測IC!EF15 -> 3.3532883
B16: 107等分 | C16: 0.20787478 | D16: =C16+預測IC!D16 -> 0.61606976 | E16: =D16+預測IC!E16 -> 0.61323958 | F16: =E16+預測IC!F16 -> 0.73749937 | G16: =F16+預測IC!G16 -> 0.84651188 | H16: =G16+預測IC!H16 -> 0.91935994 | I16: =H16+預測IC!I16 -> 0.97689055 | J16: =I16+預測IC!J16 -> 0.90819652 | K16: =J16+預測IC!K16 -> 0.92612163 | ... EF16: =EE16+預測IC!EF16 -> 3.6361612
B17: 120等分 | C17: 0.20609219 | D17: =C17+預測IC!D17 -> 0.64568068 | E17: =D17+預測IC!E17 -> 0.65305968 | F17: =E17+預測IC!F17 -> 0.79983149 | G17: =F17+預測IC!G17 -> 0.91696297 | H17: =G17+預測IC!H17 -> 1.021957 | I17: =H17+預測IC!I17 -> 1.1356821 | K17: =J17+預測IC!K17 -> 0.039444992 | L17: =K17+預測IC!L17 -> 0.073220921 | M17: =L17+預測IC!M17 -> -0.15371972 | N17: =M17+預測IC!N17 -> 0.25138829 | O17: =N17+預測IC!O17 -> 0.35261506 | P17: =O17+預測IC!P17 -> 0.42953067 | Q17: =P17+預測IC!Q17 -> 0.53596092 | R17: =Q17+預測IC!R17 -> 0.53793617 | ... EF17: =EE17+預測IC!EF17 -> 2.8043053
B18: 137等分 | C18: 0.18975112 | D18: =C18+預測IC!D18 -> 0.5916348 | E18: =D18+預測IC!E18 -> 0.53263415 | F18: =E18+預測IC!F18 -> 0.7447248 | G18: =F18+預測IC!G18 -> 0.87778286 | H18: =G18+預測IC!H18 -> 1.0063224 | I18: =H18+預測IC!I18 -> 1.1418226 | J18: =I18+預測IC!J18 -> 1.0166608 | K18: =J18+預測IC!K18 -> 1.0482473 | ... EF18: =EE18+預測IC!EF18 -> 4.2579719
B19: 160等分 | C19: 0.19660027 | D19: =C19+預測IC!D19 -> 0.60412098 | E19: =D19+預測IC!E19 -> 0.54922288 | F19: =E19+預測IC!F19 -> 0.78539335 | G19: =F19+預測IC!G19 -> 0.93825769 | H19: =G19+預測IC!H19 -> 1.115868 | I19: =H19+預測IC!I19 -> 1.2505223 | J19: =I19+預測IC!J19 -> 1.094292 | K19: =J19+預測IC!K19 -> 1.150833 | ... EF19: =EE19+預測IC!EF19 -> 3.986239
B20: 192等分 | C20: 0.20155105 | D20: =C20+預測IC!D20 -> 0.58357607 | E20: =D20+預測IC!E20 -> 0.59907606 | F20: =E20+預測IC!F20 -> 0.78149567 | G20: =F20+預測IC!G20 -> 0.93952304 | H20: =G20+預測IC!H20 -> 1.0834553 | I20: =H20+預測IC!I20 -> 1.2416049 | J20: =I20+預測IC!J20 -> 1.1083976 | K20: =J20+預測IC!K20 -> 1.1458023 | ... EF20: =EE20+預測IC!EF20 -> 4.1833727
B21: 241等分 | C21: 0.21462958 | D21: =C21+預測IC!D21 -> 0.3410175 | E21: =D21+預測IC!E21 -> 0.34073814 | F21: =E21+預測IC!F21 -> 0.54415164 | G21: =F21+預測IC!G21 -> 0.6894835 | H21: =G21+預測IC!H21 -> 0.85164759 | I21: =H21+預測IC!I21 -> 0.9989032 | J21: =I21+預測IC!J21 -> 0.86216028 | K21: =J21+預測IC!K21 -> 0.86363058 | ... EF21: =EE21+預測IC!EF21 -> 3.8179356
B22: 321等分 | C22: 0.2052803 | D22: =C22+預測IC!D22 -> 0.34770815 | E22: =D22+預測IC!E22 -> 0.30668062 | F22: =E22+預測IC!F22 -> 0.16681317 | G22: =F22+預測IC!G22 -> 0.3997586 | H22: =G22+預測IC!H22 -> 0.52393666 | I22: =H22+預測IC!I22 -> 0.64742983 | J22: =I22+預測IC!J22 -> 0.54317632 | K22: =J22+預測IC!K22 -> 0.57183311 | ... EF22: =EE22+預測IC!EF22 -> 3.025914
B23: 482等分 | C23: 0.28298927 | D23: =C23+預測IC!D23 -> 0.53708189 | E23: =D23+預測IC!E23 -> 0.45614072 | F23: =E23+預測IC!F23 -> 0.45240049 | G23: =F23+預測IC!G23 -> 0.81403261 | H23: =G23+預測IC!H23 -> 0.79584414 | I23: =H23+預測IC!I23 -> 0.94399617 | J23: =I23+預測IC!J23 -> 0.82911866 | K23: =J23+預測IC!K23 -> 0.76920078 | ... EF23: =EE23+預測IC!EF23 -> 3.723316
B24: 964等分 | C24: 0.099113364 | D24: =C24+預測IC!D24 -> 0.19972328 | E24: =D24+預測IC!E24 -> 0.27112361 | F24: =E24+預測IC!F24 -> 0.3464501 | G24: =F24+預測IC!G24 -> 0.57605715 | H24: =G24+預測IC!H24 -> 0.61191295 | I24: =H24+預測IC!I24 -> 0.60980102 | J24: =I24+預測IC!J24 -> 0.49433822 | K24: =J24+預測IC!K24 -> 0.54807121 | ... EF24: =EE24+預測IC!EF24 -> 2.6759093
A25: 大盤 | B25: TWII | C25: -0.017446771 | D25: =C25+預測IC!D25 -> 0.00325429 | E25: =D25+預測IC!E25 -> 0.027236419 | F25: =E25+預測IC!F25 -> 0.02067884 | G25: =F25+預測IC!G25 -> 0.05252397 | H25: =G25+預測IC!H25 -> 0.086872503 | I25: =H25+預測IC!I25 -> 0.07861757 | J25: =I25+預測IC!J25 -> 0.091461094 | K25: =J25+預測IC!K25 -> 0.04044257 | ... EF25: =EE25+預測IC!EF25 -> 0.98470404

Sheet 樣本外R2
A1: =預測IC!A1 -> NN4
B2: Time | C2: 2013/12 | D2: 2014/01 | E2: 2014/02 | F2: 2014/03 | G2: 2014/04 | H2: 2014/05 | I2: 2014/06 | J2: 2014/07 | K2: 2014/08 | L2: 2014/09 | M2: 2014/10 | N2: 2014/11 | O2: 2014/12 | P2: 2015/01 | Q2: 2015/02 | R2: 2015/03 | S2: 2015/04 | T2: 2015/05 | U2: 2015/06 | V2: 2015/07 | W2: 2015/08 | X2: 2015/09 | Y2: 2015/10 | Z2: 2015/11 | AA2: 2015/12 | AB2: 2016/01 | AC2: 2016/02 | AD2: 2016/03 | AE2: 2016/04 | AF2: 2016/05 | AG2: 2016/06 | AH2: 2016/07 | AI2: 2016/08 | AJ2: 2016/09 | AK2: 2016/10 | AL2: 2016/11 | AM2: 2016/12 | AN2: 2017/01 | AO2: 2017/02 | AP2: 2017/03 | AQ2: 2017/04 | AR2: 2017/05 | AS2: 2017/06 | AT2: 2017/07 | AU2: 2017/08 | AV2: 2017/09 | AW2: 2017/10 | AX2: 2017/11 | AY2: 2017/12 | AZ2: 2018/01 | BA2: 2018/02 | BB2: 2018/03 | BC2: 2018/04 | BD2: 2018/05 | BE2: 2018/06 | BF2: 2018/07 | BG2: 2018/08 | BH2: 2018/09 | BI2: 2018/10 | BJ2: 2018/11 | BK2: 2018/12 | BL2: 2019/01 | BM2: 2019/02 | BN2: 2019/03 | BO2: 2019/04 | BP2: 2019/05 | BQ2: 2019/06 | BR2: 2019/07 | BS2: 2019/08 | BT2: 2019/09 | BU2: 2019/10 | BV2: 2019/11 | BW2: 2019/12 | BX2: 2020/01 | BY2: 2020/02 | BZ2: 2020/03 | CA2: 2020/04 | CB2: 2020/05 | CC2: 2020/06 | CD2: 2020/07 | CE2: 2020/08 | CF2: 2020/09 | CG2: 2020/10 | CH2: 2020/11 | CI2: 2020/12 | CJ2: 2021/01 | CK2: 2021/02 | CL2: 2021/03 | CM2: 2021/04 | CN2: 2021/05 | CO2: 2021/06 | CP2: 2021/07 | CQ2: 2021/08 | CR2: 2021/09 | CS2: 2021/10 | CT2: 2021/11 | CU2: 2021/12 | CV2: 2022/01 | CW2: 2022/02 | CX2: 2022/03 | CY2: 2022/04 | CZ2: 2022/05 | DA2: 2022/06 | DB2: 2022/07 | DC2: 2022/08 | DD2: 2022/09 | DE2: 2022/10 | DF2: 2022/11 | DG2: 2022/12 | DH2: 2023/01 | DI2: 2023/02 | DJ2: 2023/03 | DK2: 2023/04 | DL2: 2023/05 | DM2: 2023/06 | DN2: 2023/07 | DO2: 2023/08 | DP2: 2023/09 | DQ2: 2023/10 | DR2: 2023/11 | DS2: 2023/12 | DT2: 2024/01 | DU2: 2024/02 | DV2: 2024/03 | DW2: 2024/04 | DX2: 2024/05 | DY2: 2024/06 | DZ2: 2024/07 | EA2: 2024/08 | EB2: 2024/09 | EC2: 2024/10 | ED2: 2024/11 | EE2: 2024/12 | EF2: 2025/01 | EG2: 2025/02
B3: bm | C3: 0.036997014 | D3: 0.033297818 | E3: 0.015421638 | F3: 0.016456983 | G3: 0.017226211 | H3: 0.028764108 | I3: 0.024279328 | J3: 0.027316419 | K3: 0.030174005 | L3: 0.025236297 | M3: 0.032729104 | N3: 0.031554761 | O3: 0.034033302 | P3: 0.033212911 | Q3: 0.029103335 | R3: 0.026473653 | S3: 0.028295346 | T3: 0.022620728 | U3: 0.016144007 | V3: 0.025033178 | W3: 0.045784045 | X3: 0.043057814 | Y3: 0.037785746 | Z3: 0.024097455 | AA3: 0.030094427 | AB3: 0.028087063 | AC3: 0.033771067 | AD3: 0.034131704 | AE3: 0.034141409 | AF3: 0.013117941 | AG3: 0.024857354 | AH3: 0.031884444 | AI3: 0.036385761 | AJ3: 0.035948919 | AK3: 0.043482831 | AL3: 0.038462078 | AM3: 0.039410244 | AN3: 0.050743621 | AO3: 0.053684812 | AP3: 0.049314899 | AQ3: 0.032773688 | AR3: 0.028295341 | AS3: 0.028377803 | AT3: 0.023069229 | AU3: 0.029397033 | AV3: 0.031037852 | AW3: 0.026297924 | AX3: 0.026164811 | AY3: 0.032053784 | AZ3: 0.034477531 | BA3: 0.029331891 | BB3: 0.034324948 | BC3: 0.037421777 | BD3: 0.031413722 | BE3: 0.032006411 | BF3: 0.028281828 | BG3: 0.041103437 | BH3: 0.045198779 | BI3: 0.04158804 | BJ3: 0.040723406 | BK3: 0.0363277 | BL3: 0.036173192 | BM3: 0.037708588 | BN3: 0.030814038 | BO3: 0.030655856 | BP3: 0.034399632 | BQ3: 0.03486865 | BR3: 0.03632404 | BS3: 0.036164468 | BT3: 0.038668895 | BU3: 0.041103484 | BV3: 0.028684133 | BW3: 0.03521651 | BX3: 0.0407672 | BY3: 0.021603538 | BZ3: 0.030433669 | CA3: 0.037311958 | CB3: 0.027612053 | CC3: 0.019742955 | CD3: 0.0077914602 | CE3: 0.022526807 | CF3: 0.034778188 | CG3: 0.032581362 | CH3: 0.040909001 | CI3: 0.039050253 | CJ3: 0.0245619 | CK3: 0.034134462 | CL3: 0.035925938 | CM3: 0.042466042 | CN3: 0.036523907 | CO3: 0.03765915 | CP3: 0.039957834 | CQ3: -0.0045921903 | CR3: 0.01500343 | CS3: 0.022458754 | CT3: 0.040972168 | CU3: 0.038942373 | CV3: 0.043015001 | CW3: 0.0397066 | CX3: 0.039171023 | CY3: 0.034940835 | CZ3: 0.036026834 | DA3: 0.044509548 | DB3: 0.039322897 | DC3: 0.037933403 | DD3: 0.039075001 | DE3: 0.041993976 | DF3: 0.041965349 | DG3: 0.040382245 | DH3: 0.03678724 | DI3: 0.036877766 | DJ3: 0.033682094 | DK3: 0.036536443 | DL3: 0.031530556 | DM3: 0.028662238 | DN3: 0.030844743 | DO3: 0.033675364 | DP3: 0.035102178 | DQ3: 0.036708207 | DR3: 0.034114422 | DS3: 0.036715906 | DT3: 0.034828053 | DU3: 0.023365577 | DV3: 0.025240939 | DW3: 0.035159203 | DX3: 0.032304964 | DY3: 0.023258217 | DZ3: 0.028308752 | EA3: 0.031397322 | EB3: 0.037230813 | EC3: 0.03334609 | ED3: 0.034186641 | EE3: 0.025041158 | EF3: 0.034121435
B4: size | C4: -0.049660318 | D4: -0.06445346 | E4: -0.095804929 | F4: -0.076694249 | G4: -0.02651532 | H4: -0.03415165 | I4: -0.04619091 | J4: -0.046178363 | K4: -0.045931909 | L4: -0.04081179 | M4: -0.018734141 | N4: -0.035831184 | O4: -0.057022861 | P4: -0.042462624 | Q4: -0.037772239 | R4: -0.028628159 | S4: -0.030997759 | T4: -0.0067040182 | U4: -0.037956684 | V4: -0.029502006 | W4: -0.041243237 | X4: -0.054483331 | Y4: -0.057374084 | Z4: -0.050628324 | AA4: -0.042319641 | AB4: -0.03427378 | AC4: -0.038455291 | AD4: -0.032603255 | AE4: -0.034794942 | AF4: -0.0016393719 | AG4: -0.03223915 | AH4: -0.025692957 | AI4: -0.030088885 | AJ4: -0.029719525 | AK4: -0.022742981 | AL4: -0.025322144 | AM4: -0.024117366 | AN4: -0.027272205 | AO4: -0.02838312 | AP4: -0.023965544 | AQ4: -0.030304468 | AR4: -0.017736018 | AS4: -0.014939197 | AT4: -0.013608707 | AU4: -0.016423914 | AV4: -0.024039604 | AW4: -0.021378703 | AX4: -0.023051307 | AY4: -0.023942341 | AZ4: -0.015978329 | BA4: -0.029633645 | BB4: -0.036923113 | BC4: -0.022611704 | BD4: -0.02696564 | BE4: -0.030957563 | BF4: -0.018181884 | BG4: -0.015961032 | BH4: -0.021358658 | BI4: -0.018895749 | BJ4: -0.021052816 | BK4: -0.02661183 | BL4: -0.017576751 | BM4: -0.021846036 | BN4: -0.013750921 | BO4: -0.0065027888 | BP4: -0.01217171 | BQ4: 0.00022277284 | BR4: -0.005245064 | BS4: -0.012938426 | BT4: -0.01635034 | BU4: -0.0017286047 | BV4: 0.015184016 | BW4: -0.0037692826 | BX4: -0.016045217 | BY4: -0.018894587 | BZ4: -0.0041566141 | CA4: -0.0182235 | CB4: -0.022303988 | CC4: -0.041111881 | CD4: -0.032535264 | CE4: -0.030323127 | CF4: -0.061293035 | CG4: -0.0441696 | CH4: -0.026870448 | CI4: -0.017734729 | CJ4: -0.011493971 | CK4: -0.01591057 | CL4: -0.015536443 | CM4: -0.01914162 | CN4: 0.0080306048 | CO4: 0.0041846284 | CP4: -0.0074834121 | CQ4: -0.00067070377 | CR4: -0.019179488 | CS4: -0.023347226 | CT4: -0.021789124 | CU4: -0.029507372 | CV4: -0.024862939 | CW4: -0.022835803 | CX4: -0.022235555 | CY4: -0.025586671 | CZ4: -0.030230897 | DA4: -0.043223926 | DB4: -0.044724836 | DC4: -0.070760187 | DD4: -0.057609849 | DE4: -0.034042017 | DF4: -0.027183612 | DG4: -0.03505246 | DH4: -0.0084282458 | DI4: -0.036370698 | DJ4: -0.038760924 | DK4: -0.027971575 | DL4: -0.016270629 | DM4: -0.017815732 | DN4: -0.0080526822 | DO4: -0.023536384 | DP4: -0.02948732 | DQ4: -0.037657448 | DR4: -0.029648059 | DS4: -0.030189606 | DT4: -0.041055976 | DU4: -0.037310577 | DV4: -0.0089387634 | DW4: -0.018377446 | DX4: -0.030385798 | DY4: -0.033048756 | DZ4: -0.030982286 | EA4: -0.031659362 | EB4: -0.036490653 | EC4: -0.041069205 | ED4: -0.031004875 | EE4: -0.023075953 | EF4: -0.01142086
B5: mom | C5: 0.0035923216 | D5: 0.0028862197 | E5: 0.0080135072 | F5: 0.0074387136 | G5: -0.0001698489 | H5: 0.0091359421 | I5: 0.012007171 | J5: 0.0059464453 | K5: 0.016591641 | L5: 0.019201619 | M5: 0.019701815 | N5: 0.020161712 | O5: 0.013437226 | P5: 0.017638047 | Q5: 0.013117422 | R5: 0.013456746 | S5: 0.016544046 | T5: 0.015881273 | U5: 0.025940277 | V5: 0.019680642 | W5: 0.032681747 | X5: 0.028819336 | Y5: -0.036096516 | Z5: -0.0058194738 | AA5: -0.013843619 | AB5: -0.049937139 | AC5: -0.0092081627 | AD5: -0.065956475 | AE5: -0.021735146 | AF5: 0.0089724224 | AG5: -0.011832986 | AH5: -0.0029651907 | AI5: 0.0047857327 | AJ5: 0.0057367074 | AK5: 0.0073926873 | AL5: -0.0018742539 | AM5: -0.0019525231 | AN5: -0.0036238169 | AO5: -0.009160306 | AP5: 0.0025415011 | AQ5: 0.0038483729 | AR5: 0.0034029775 | AS5: 0.00085747229 | AT5: 0.0081789277 | AU5: 0.010057968 | AV5: 0.011137854 | AW5: 0.013378268 | AX5: 0.011884825 | AY5: -6.6054212e-06 | AZ5: 0.0078238779 | BA5: 0.0069892355 | BB5: 0.0071871697 | BC5: -0.0023924144 | BD5: 0.00072638542 | BE5: -0.0022265343 | BF5: -0.0010446614 | BG5: -0.020710825 | BH5: -0.044325198 | BI5: -0.014765945 | BJ5: -0.022277758 | BK5: -0.023506676 | BL5: -0.016596138 | BM5: -0.037766406 | BN5: -0.010040541 | BO5: -0.0074939665 | BP5: 0.0033714478 | BQ5: 0.006820516 | BR5: 0.0055997292 | BS5: 0.015475741 | BT5: 0.0025051396 | BU5: 0.0069054049 | BV5: 0.0067595126 | BW5: 0.0053854478 | BX5: -0.00051415041 | BY5: -0.0042217786 | BZ5: 0.0013635264 | CA5: 0.012340118 | CB5: 0.016161382 | CC5: 0.0021700747 | CD5: 0.0083982369 | CE5: 0.0029924757 | CF5: -0.00083356639 | CG5: -0.00074006182 | CH5: -0.011915383 | CI5: -0.014454668 | CJ5: -0.0072598372 | CK5: -0.0012941788 | CL5: 0.0094434035 | CM5: 0.0051140346 | CN5: 0.0028732793 | CO5: 0.017240476 | CP5: 0.011414218 | CQ5: 0.009006764 | CR5: -0.0020834521 | CS5: -0.021705771 | CT5: -0.0053317796 | CU5: -0.0036870143 | CV5: -0.037795651 | CW5: -0.013894147 | CX5: 0.0066294897 | CY5: -0.0082669791 | CZ5: 0.0016345621 | DA5: 0.00040989739 | DB5: 0.0044160125 | DC5: 0.026999677 | DD5: 0.009318786 | DE5: -0.0077970743 | DF5: -0.0081874226 | DG5: 0.0047082208 | DH5: -0.013667003 | DI5: -0.0070506889 | DJ5: -0.0017588579 | DK5: 0.0033090688 | DL5: 0.0048628678 | DM5: 0.0036150951 | DN5: 0.0062882036 | DO5: 0.0035527335 | DP5: 0.0025222761 | DQ5: -0.010664816 | DR5: 0.010994664 | DS5: -0.0006449021 | DT5: 0.00023512509 | DU5: 0.0073690346 | DV5: 0.0067783152 | DW5: -0.0037712346 | DX5: 0.0011055016 | DY5: 0.003386789 | DZ5: 0.0032550462 | EA5: 0.0062664248 | EB5: -0.017112768 | EC5: -0.020886644 | ED5: -0.0092848105 | EE5: -0.011958727 | EF5: -0.014122559
A7: REAL
B8: Time | C8: 2013/12 | D8: 2014/01 | E8: 2014/02 | F8: 2014/03 | G8: 2014/04 | H8: 2014/05 | I8: 2014/06 | J8: 2014/07 | K8: 2014/08 | L8: 2014/09 | M8: 2014/10 | N8: 2014/11 | O8: 2014/12 | P8: 2015/01 | Q8: 2015/02 | R8: 2015/03 | S8: 2015/04 | T8: 2015/05 | U8: 2015/06 | V8: 2015/07 | W8: 2015/08 | X8: 2015/09 | Y8: 2015/10 | Z8: 2015/11 | AA8: 2015/12 | AB8: 2016/01 | AC8: 2016/02 | AD8: 2016/03 | AE8: 2016/04 | AF8: 2016/05 | AG8: 2016/06 | AH8: 2016/07 | AI8: 2016/08 | AJ8: 2016/09 | AK8: 2016/10 | AL8: 2016/11 | AM8: 2016/12 | AN8: 2017/01 | AO8: 2017/02 | AP8: 2017/03 | AQ8: 2017/04 | AR8: 2017/05 | AS8: 2017/06 | AT8: 2017/07 | AU8: 2017/08 | AV8: 2017/09 | AW8: 2017/10 | AX8: 2017/11 | AY8: 2017/12 | AZ8: 2018/01 | BA8: 2018/02 | BB8: 2018/03 | BC8: 2018/04 | BD8: 2018/05 | BE8: 2018/06 | BF8: 2018/07 | BG8: 2018/08 | BH8: 2018/09 | BI8: 2018/10 | BJ8: 2018/11 | BK8: 2018/12 | BL8: 2019/01 | BM8: 2019/02 | BN8: 2019/03 | BO8: 2019/04 | BP8: 2019/05 | BQ8: 2019/06 | BR8: 2019/07 | BS8: 2019/08 | BT8: 2019/09 | BU8: 2019/10 | BV8: 2019/11 | BW8: 2019/12 | BX8: 2020/01 | BY8: 2020/02 | BZ8: 2020/03 | CA8: 2020/04 | CB8: 2020/05 | CC8: 2020/06 | CD8: 2020/07 | CE8: 2020/08 | CF8: 2020/09 | CG8: 2020/10 | CH8: 2020/11 | CI8: 2020/12 | CJ8: 2021/01 | CK8: 2021/02 | CL8: 2021/03 | CM8: 2021/04 | CN8: 2021/05 | CO8: 2021/06 | CP8: 2021/07 | CQ8: 2021/08 | CR8: 2021/09 | CS8: 2021/10 | CT8: 2021/11 | CU8: 2021/12 | CV8: 2022/01 | CW8: 2022/02 | CX8: 2022/03 | CY8: 2022/04 | CZ8: 2022/05 | DA8: 2022/06 | DB8: 2022/07 | DC8: 2022/08 | DD8: 2022/09 | DE8: 2022/10 | DF8: 2022/11 | DG8: 2022/12 | DH8: 2023/01 | DI8: 2023/02 | DJ8: 2023/03 | DK8: 2023/04 | DL8: 2023/05 | DM8: 2023/06 | DN8: 2023/07 | DO8: 2023/08 | DP8: 2023/09 | DQ8: 2023/10 | DR8: 2023/11 | DS8: 2023/12 | DT8: 2024/01 | DU8: 2024/02 | DV8: 2024/03 | DW8: 2024/04 | DX8: 2024/05 | DY8: 2024/06 | DZ8: 2024/07 | EA8: 2024/08 | EB8: 2024/09 | EC8: 2024/10 | ED8: 2024/11 | EE8: 2024/12 | EF8: 2025/01
